잔여좌석,전체좌석,사용중,년,월,일,시간,요일코드,열람실 ID,Exam_Flag,Holiday_Flag,Post_Holiday_Flag,EMA_Short,EMA_Periodic
372,375,3,2025,9,25,6,3,1,0,0,0,0.008,0.008
373,375,2,2025,9,25,6,3,1,0,0,0,0.005333333333333333,0.005333333333333333
366,375,9,2025,9,25,7,3,1,0,0,0,0.024,0.024
363,375,12,2025,9,25,7,3,1,0,0,0,0.032,0.032
347,375,28,2025,9,25,8,3,1,0,0,0,0.07466666666666667,0.07466666666666667
336,375,39,2025,9,25,8,3,1,0,0,0,0.104,0.104
285,375,90,2025,9,25,10,3,1,0,0,0,0.24,0.24
198,375,177,2025,9,25,12,3,1,0,0,0,0.472,0.472
164,375,211,2025,9,25,12,3,1,0,0,0,0.5626666666666666,0.5626666666666666
128,375,247,2025,9,25,13,3,1,0,0,0,0.6586666666666666,0.6586666666666666
116,375,259,2025,9,25,13,3,1,0,0,0,0.6906666666666667,0.6906666666666667
94,375,281,2025,9,25,14,3,1,0,0,0,0.7493333333333333,0.7493333333333333
83,375,292,2025,9,25,14,3,1,0,0,0,0.7786666666666666,0.7786666666666666
45,375,330,2025,9,25,15,3,1,0,0,0,0.88,0.88
17,375,358,2025,9,25,16,3,1,0,0,0,0.9546666666666667,0.9546666666666667
4,375,371,2025,9,25,16,3,1,0,0,0,0.9893333333333333,0.9893333333333333
17,375,358,2025,9,25,17,3,1,0,0,0,0.9546666666666667,0.9546666666666667
34,375,341,2025,9,25,18,3,1,0,0,0,0.9093333333333333,0.9093333333333333
36,375,339,2025,9,25,18,3,1,0,0,0,0.904,0.904
34,375,341,2025,9,25,19,3,1,0,0,0,0.9093333333333333,0.9093333333333333
41,375,334,2025,9,25,19,3,1,0,0,0,0.8906666666666667,0.8906666666666667
45,375,330,2025,9,25,20,3,1,0,0,0,0.88,0.88
43,375,332,2025,9,25,20,3,1,0,0,0,0.8853333333333333,0.8853333333333333
47,375,328,2025,9,25,21,3,1,0,0,0,0.8746666666666667,0.8746666666666667
74,375,301,2025,9,25,21,3,1,0,0,0,0.8026666666666666,0.8026666666666666
81,375,294,2025,9,25,22,3,1,0,0,0,0.784,0.784
115,375,260,2025,9,25,22,3,1,0,0,0,0.6933333333333334,0.6933333333333334
174,375,201,2025,9,25,23,3,1,0,0,0,0.536,0.536
208,375,167,2025,9,25,23,3,1,0,0,0,0.44533333333333336,0.44533333333333336
238,375,137,2025,9,26,0,4,1,0,0,0,0.36533333333333334,0.36533333333333334
374,375,1,2025,9,26,6,4,1,0,0,0,0.0026666666666666666,0.0026666666666666666
374,375,1,2025,9,26,6,4,1,0,0,0,0.0026666666666666666,0.0026666666666666666
372,375,3,2025,9,26,7,4,1,0,0,0,0.008,0.008
369,375,6,2025,9,26,7,4,1,0,0,0,0.016,0.016
362,375,13,2025,9,26,8,4,1,0,0,0,0.034666666666666665,0.034666666666666665
356,375,19,2025,9,26,8,4,1,0,0,0,0.050666666666666665,0.050666666666666665
339,375,36,2025,9,26,9,4,1,0,0,0,0.096,0.096
327,375,48,2025,9,26,9,4,1,0,0,0,0.128,0.128
310,375,65,2025,9,26,10,4,1,0,0,0,0.17333333333333334,0.17333333333333334
302,375,73,2025,9,26,10,4,1,0,0,0,0.19466666666666665,0.19466666666666665
281,375,94,2025,9,26,11,4,1,0,0,0,0.25066666666666665,0.25066666666666665
265,375,110,2025,9,26,11,4,1,0,0,0,0.29333333333333333,0.29333333333333333
234,375,141,2025,9,26,12,4,1,0,0,0,0.376,0.376
233,375,142,2025,9,26,12,4,1,0,0,0,0.37866666666666665,0.37866666666666665
199,375,176,2025,9,26,13,4,1,0,0,0,0.4693333333333333,0.4693333333333333
180,375,195,2025,9,26,13,4,1,0,0,0,0.52,0.52
159,375,216,2025,9,26,14,4,1,0,0,0,0.576,0.576
143,375,232,2025,9,26,14,4,1,0,0,0,0.6186666666666667,0.6186666666666667
126,375,249,2025,9,26,15,4,1,0,0,0,0.664,0.664
109,375,266,2025,9,26,15,4,1,0,0,0,0.7093333333333334,0.7093333333333334
106,375,269,2025,9,26,16,4,1,0,0,0,0.7173333333333334,0.7173333333333334
101,375,274,2025,9,26,16,4,1,0,0,0,0.7306666666666667,0.7306666666666667
97,375,278,2025,9,26,17,4,1,0,0,0,0.7413333333333333,0.7413333333333333
91,375,284,2025,9,26,17,4,1,0,0,0,0.7573333333333333,0.7573333333333333
98,375,277,2025,9,26,18,4,1,0,0,0,0.7386666666666667,0.7386666666666667
97,375,278,2025,9,26,18,4,1,0,0,0,0.7413333333333333,0.7413333333333333
100,375,275,2025,9,26,19,4,1,0,0,0,0.7333333333333333,0.7333333333333333
95,375,280,2025,9,26,19,4,1,0,0,0,0.7466666666666667,0.7466666666666667
101,375,274,2025,9,26,20,4,1,0,0,0,0.7306666666666667,0.7306666666666667
106,375,269,2025,9,26,20,4,1,0,0,0,0.7173333333333334,0.7173333333333334
124,375,251,2025,9,26,21,4,1,0,0,0,0.6693333333333333,0.6693333333333333
128,375,247,2025,9,26,21,4,1,0,0,0,0.6586666666666666,0.6586666666666666
167,375,208,2025,9,26,22,4,1,0,0,0,0.5546666666666666,0.5546666666666666
168,375,207,2025,9,26,22,4,1,0,0,0,0.552,0.552
182,375,193,2025,9,26,22,4,1,0,0,0,0.5146666666666667,0.5146666666666667
205,375,170,2025,9,26,23,4,1,0,0,0,0.4533333333333333,0.4533333333333333
234,375,141,2025,9,26,23,4,1,0,0,0,0.376,0.376
375,375,0,2025,9,27,6,5,1,0,0,0,0.0,0.0
375,375,0,2025,9,27,6,5,1,0,0,0,0.0,0.0
375,375,0,2025,9,27,7,5,1,0,0,0,0.0,0.0
375,375,0,2025,9,27,7,5,1,0,0,0,0.0,0.0
375,375,0,2025,9,27,8,5,1,0,0,0,0.0,0.0
375,375,0,2025,9,27,8,5,1,0,0,0,0.0,0.0
375,375,0,2025,9,27,10,5,1,0,0,0,0.0,0.0
375,375,0,2025,9,27,11,5,1,0,0,0,0.0,0.0
328,375,47,2025,9,27,12,5,1,0,0,0,0.12533333333333332,0.12533333333333332
321,375,54,2025,9,27,12,5,1,0,0,0,0.144,0.144
307,375,68,2025,9,27,12,5,1,0,0,0,0.18133333333333335,0.18133333333333335
274,375,101,2025,9,27,13,5,1,0,0,0,0.2693333333333333,0.2693333333333333
253,375,122,2025,9,27,13,5,1,0,0,0,0.3253333333333333,0.3253333333333333
223,375,152,2025,9,27,14,5,1,0,0,0,0.4053333333333333,0.4053333333333333
210,375,165,2025,9,27,14,5,1,0,0,0,0.44,0.44
169,375,206,2025,9,27,15,5,1,0,0,0,0.5493333333333333,0.5493333333333333
151,375,224,2025,9,27,15,5,1,0,0,0,0.5973333333333334,0.5973333333333334
130,375,245,2025,9,27,16,5,1,0,0,0,0.6533333333333333,0.6533333333333333
123,375,252,2025,9,27,16,5,1,0,0,0,0.672,0.672
108,375,267,2025,9,27,17,5,1,0,0,0,0.712,0.712
112,375,263,2025,9,27,17,5,1,0,0,0,0.7013333333333334,0.7013333333333334
113,375,262,2025,9,27,18,5,1,0,0,0,0.6986666666666667,0.6986666666666667
116,375,259,2025,9,27,18,5,1,0,0,0,0.6906666666666667,0.6906666666666667
114,375,261,2025,9,27,19,5,1,0,0,0,0.696,0.696
120,375,255,2025,9,27,19,5,1,0,0,0,0.68,0.68
121,375,254,2025,9,27,20,5,1,0,0,0,0.6773333333333333,0.6773333333333333
126,375,249,2025,9,27,20,5,1,0,0,0,0.664,0.664
148,375,227,2025,9,27,21,5,1,0,0,0,0.6053333333333333,0.6053333333333333
168,375,207,2025,9,27,22,5,1,0,0,0,0.552,0.552
180,375,195,2025,9,27,22,5,1,0,0,0,0.52,0.52
208,375,167,2025,9,27,23,5,1,0,0,0,0.44533333333333336,0.44533333333333336
231,375,144,2025,9,27,23,5,1,0,0,0,0.384,0.384
375,375,0,2025,9,28,6,6,1,0,0,0,0.0,0.0
374,375,1,2025,9,28,6,6,1,0,0,0,0.0026666666666666666,0.0026666666666666666
374,375,1,2025,9,28,7,6,1,0,0,0,0.0026666666666666666,0.0026666666666666666
374,375,1,2025,9,28,7,6,1,0,0,0,0.0026666666666666666,0.0026666666666666666
373,375,2,2025,9,28,8,6,1,0,0,0,0.005333333333333333,0.005333333333333333
370,375,5,2025,9,28,8,6,1,0,0,0,0.013333333333333334,0.013333333333333334
350,375,25,2025,9,28,10,6,1,0,0,0,0.06666666666666667,0.06666666666666667
315,375,60,2025,9,28,11,6,1,0,0,0,0.16,0.16
314,375,61,2025,9,28,11,6,1,0,0,0,0.16266666666666665,0.16266666666666665
286,375,89,2025,9,28,12,6,1,0,0,0,0.23733333333333334,0.23733333333333334
253,375,122,2025,9,28,13,6,1,0,0,0,0.3253333333333333,0.3253333333333333
231,375,144,2025,9,28,13,6,1,0,0,0,0.384,0.384
187,375,188,2025,9,28,14,6,1,0,0,0,0.5013333333333333,0.5013333333333333
159,375,216,2025,9,28,14,6,1,0,0,0,0.576,0.576
108,375,267,2025,9,28,15,6,1,0,0,0,0.712,0.712
85,375,290,2025,9,28,15,6,1,0,0,0,0.7733333333333333,0.7733333333333333
75,375,300,2025,9,28,16,6,1,0,0,0,0.8,0.8
65,375,310,2025,9,28,16,6,1,0,0,0,0.8266666666666667,0.8266666666666667
63,375,312,2025,9,28,17,6,1,0,0,0,0.832,0.832
62,375,313,2025,9,28,17,6,1,0,0,0,0.8346666666666667,0.8346666666666667
63,375,312,2025,9,28,18,6,1,0,0,0,0.832,0.832
72,375,303,2025,9,28,18,6,1,0,0,0,0.808,0.808
68,375,307,2025,9,28,19,6,1,0,0,0,0.8186666666666667,0.8186666666666667
77,375,298,2025,9,28,19,6,1,0,0,0,0.7946666666666666,0.7946666666666666
77,375,298,2025,9,28,20,6,1,0,0,0,0.7946666666666666,0.7946666666666666
79,375,296,2025,9,28,20,6,1,0,0,0,0.7893333333333333,0.7893333333333333
121,375,254,2025,9,28,21,6,1,0,0,0,0.6773333333333333,0.6773333333333333
133,375,242,2025,9,28,22,6,1,0,0,0,0.6453333333333333,0.6453333333333333
148,375,227,2025,9,28,22,6,1,0,0,0,0.6053333333333333,0.6053333333333333
173,375,202,2025,9,28,23,6,1,0,0,0,0.5386666666666666,0.5386666666666666
192,375,183,2025,9,28,23,6,1,0,0,0,0.488,0.488
375,375,0,2025,9,29,6,0,1,0,0,0,0.0,0.0
375,375,0,2025,9,29,6,0,1,0,0,0,0.0,0.0
370,375,5,2025,9,29,7,0,1,0,0,0,0.013333333333333334,0.013333333333333334
366,375,9,2025,9,29,7,0,1,0,0,0,0.024,0.024
352,375,23,2025,9,29,8,0,1,0,0,0,0.06133333333333333,0.06133333333333333
323,375,52,2025,9,29,8,0,1,0,0,0,0.13866666666666666,0.13866666666666666
297,375,78,2025,9,29,9,0,1,0,0,0,0.208,0.208
238,375,137,2025,9,29,10,0,1,0,0,0,0.36533333333333334,0.36533333333333334
213,375,162,2025,9,29,11,0,1,0,0,0,0.432,0.432
187,375,188,2025,9,29,11,0,1,0,0,0,0.5013333333333333,0.5013333333333333
159,375,216,2025,9,29,12,0,1,0,0,0,0.576,0.576
153,375,222,2025,9,29,12,0,1,0,0,0,0.592,0.592
114,375,261,2025,9,29,13,0,1,0,0,0,0.696,0.696
99,375,276,2025,9,29,13,0,1,0,0,0,0.736,0.736
84,375,291,2025,9,29,14,0,1,0,0,0,0.776,0.776
74,375,301,2025,9,29,14,0,1,0,0,0,0.8026666666666666,0.8026666666666666
25,375,350,2025,9,29,15,0,1,0,0,0,0.9333333333333333,0.9333333333333333
24,375,351,2025,9,29,15,0,1,0,0,0,0.936,0.936
14,375,361,2025,9,29,16,0,1,0,0,0,0.9626666666666667,0.9626666666666667
6,375,369,2025,9,29,16,0,1,0,0,0,0.984,0.984
1,375,374,2025,9,29,17,0,1,0,0,0,0.9973333333333333,0.9973333333333333
1,375,374,2025,9,29,17,0,1,0,0,0,0.9973333333333333,0.9973333333333333
1,375,374,2025,9,29,18,0,1,0,0,0,0.9973333333333333,0.9973333333333333
0,375,375,2025,9,29,18,0,1,0,0,0,1.0,1.0
1,375,374,2025,9,29,19,0,1,0,0,0,0.9973333333333333,0.9973333333333333
2,375,373,2025,9,29,19,0,1,0,0,0,0.9946666666666667,0.9946666666666667
1,375,374,2025,9,29,20,0,1,0,0,0,0.9973333333333333,0.9973333333333333
1,375,374,2025,9,29,20,0,1,0,0,0,0.9973333333333333,0.9973333333333333
16,375,359,2025,9,29,21,0,1,0,0,0,0.9573333333333334,0.9573333333333334
63,375,312,2025,9,29,22,0,1,0,0,0,0.832,0.832
81,375,294,2025,9,29,22,0,1,0,0,0,0.784,0.784
112,375,263,2025,9,29,23,0,1,0,0,0,0.7013333333333334,0.7013333333333334
143,375,232,2025,9,29,23,0,1,0,0,0,0.6186666666666667,0.6186666666666667
374,375,1,2025,9,30,6,1,1,0,0,0,0.0026666666666666666,0.0026666666666666666
373,375,2,2025,9,30,6,1,1,0,0,0,0.005333333333333333,0.005333333333333333
363,375,12,2025,9,30,7,1,1,0,0,0,0.032,0.032
355,375,20,2025,9,30,7,1,1,0,0,0,0.05333333333333334,0.05333333333333334
341,375,34,2025,9,30,8,1,1,0,0,0,0.09066666666666667,0.09066666666666667
321,375,54,2025,9,30,8,1,1,0,0,0,0.144,0.144
284,375,91,2025,9,30,9,1,1,0,0,0,0.24266666666666667,0.24266666666666667
274,375,101,2025,9,30,9,1,1,0,0,0,0.2693333333333333,0.2693333333333333
257,375,118,2025,9,30,10,1,1,0,0,0,0.31466666666666665,0.31466666666666665
231,375,144,2025,9,30,10,1,1,0,0,0,0.384,0.384
216,375,159,2025,9,30,10,1,1,0,0,0,0.424,0.424
192,375,183,2025,9,30,11,1,1,0,0,0,0.488,0.488
171,375,204,2025,9,30,11,1,1,0,0,0,0.544,0.544
134,375,241,2025,9,30,12,1,1,0,0,0,0.6426666666666667,0.6426666666666667
85,375,290,2025,9,30,13,1,1,0,0,0,0.7733333333333333,0.7733333333333333
69,375,306,2025,9,30,13,1,1,0,0,0,0.816,0.816
53,375,322,2025,9,30,14,1,1,0,0,0,0.8586666666666667,0.8586666666666667
44,375,331,2025,9,30,14,1,1,0,0,0,0.8826666666666667,0.8826666666666667
19,375,356,2025,9,30,15,1,1,0,0,0,0.9493333333333334,0.9493333333333334
9,375,366,2025,9,30,15,1,1,0,0,0,0.976,0.976
3,375,372,2025,9,30,16,1,1,0,0,0,0.992,0.992
3,375,372,2025,9,30,16,1,1,0,0,0,0.992,0.992
0,375,375,2025,9,30,17,1,1,0,0,0,1.0,1.0
1,375,374,2025,9,30,17,1,1,0,0,0,0.9973333333333333,0.9973333333333333
2,375,373,2025,9,30,18,1,1,0,0,0,0.9946666666666667,0.9946666666666667
2,375,373,2025,9,30,18,1,1,0,0,0,0.9946666666666667,0.9946666666666667
6,375,369,2025,9,30,19,1,1,0,0,0,0.984,0.984
2,375,373,2025,9,30,19,1,1,0,0,0,0.9946666666666667,0.9946666666666667
0,375,375,2025,9,30,20,1,1,0,0,0,1.0,1.0
0,375,375,2025,9,30,20,1,1,0,0,0,1.0,1.0
23,375,352,2025,9,30,21,1,1,0,0,0,0.9386666666666666,0.9386666666666666
67,375,308,2025,9,30,22,1,1,0,0,0,0.8213333333333334,0.8213333333333334
82,375,293,2025,9,30,22,1,1,0,0,0,0.7813333333333333,0.7813333333333333
110,375,265,2025,9,30,23,1,1,0,0,0,0.7066666666666667,0.7066666666666667
146,375,229,2025,9,30,23,1,1,0,0,0,0.6106666666666667,0.6106666666666667
369,375,6,2025,10,1,6,2,1,0,0,0,0.016,0.016
368,375,7,2025,10,1,6,2,1,0,0,0,0.018666666666666668,0.018666666666666668
363,375,12,2025,10,1,7,2,1,0,0,0,0.032,0.032
355,375,20,2025,10,1,7,2,1,0,0,0,0.05333333333333334,0.05333333333333334
341,375,34,2025,10,1,8,2,1,0,0,0,0.09066666666666667,0.09066666666666667
321,375,54,2025,10,1,8,2,1,0,0,0,0.144,0.144
228,375,147,2025,10,1,10,2,1,0,0,0,0.392,0.392
193,375,182,2025,10,1,11,2,1,0,0,0,0.48533333333333334,0.48533333333333334
160,375,215,2025,10,1,11,2,1,0,0,0,0.5733333333333334,0.5733333333333334
133,375,242,2025,10,1,12,2,1,0,0,0,0.6453333333333333,0.6453333333333333
110,375,265,2025,10,1,12,2,1,0,0,0,0.7066666666666667,0.7066666666666667
81,375,294,2025,10,1,13,2,1,0,0,0,0.784,0.784
66,375,309,2025,10,1,13,2,1,0,0,0,0.824,0.824
40,375,335,2025,10,1,14,2,1,0,0,0,0.8933333333333333,0.8933333333333333
32,375,343,2025,10,1,14,2,1,0,0,0,0.9146666666666666,0.9146666666666666
0,375,375,2025,10,1,15,2,1,0,0,0,1.0,1.0
8,375,367,2025,10,1,15,2,1,0,0,0,0.9786666666666667,0.9786666666666667
3,375,372,2025,10,1,16,2,1,0,0,0,0.992,0.992
0,375,375,2025,10,1,16,2,1,0,0,0,1.0,1.0
5,375,370,2025,10,1,17,2,1,0,0,0,0.9866666666666667,0.9866666666666667
6,375,369,2025,10,1,17,2,1,0,0,0,0.984,0.984
13,375,362,2025,10,1,18,2,1,0,0,0,0.9653333333333334,0.9653333333333334
8,375,367,2025,10,1,18,2,1,0,0,0,0.9786666666666667,0.9786666666666667
16,375,359,2025,10,1,19,2,1,0,0,0,0.9573333333333334,0.9573333333333334
9,375,366,2025,10,1,19,2,1,0,0,0,0.976,0.976
14,375,361,2025,10,1,20,2,1,0,0,0,0.9626666666666667,0.9626666666666667
20,375,355,2025,10,1,20,2,1,0,0,0,0.9466666666666667,0.9466666666666667
44,375,331,2025,10,1,21,2,1,0,0,0,0.8826666666666667,0.8826666666666667
72,375,303,2025,10,1,22,2,1,0,0,0,0.808,0.808
87,375,288,2025,10,1,22,2,1,0,0,0,0.768,0.768
114,375,261,2025,10,1,23,2,1,0,0,0,0.696,0.696
141,375,234,2025,10,1,23,2,1,0,0,0,0.624,0.624
372,375,3,2025,10,2,6,3,1,0,0,0,0.008,0.008
372,375,3,2025,10,2,6,3,1,0,0,0,0.008,0.008
370,375,5,2025,10,2,7,3,1,0,0,0,0.013333333333333334,0.013333333333333334
367,375,8,2025,10,2,7,3,1,0,0,0,0.021333333333333333,0.021333333333333333
356,375,19,2025,10,2,8,3,1,0,0,0,0.050666666666666665,0.050666666666666665
341,375,34,2025,10,2,8,3,1,0,0,0,0.09066666666666667,0.09066666666666667
270,375,105,2025,10,2,10,3,1,0,0,0,0.28,0.28
266,375,109,2025,10,2,10,3,1,0,0,0,0.2906666666666667,0.2906666666666667
211,375,164,2025,10,2,11,3,1,0,0,0,0.43733333333333335,0.43733333333333335
186,375,189,2025,10,2,12,3,1,0,0,0,0.504,0.504
172,375,203,2025,10,2,12,3,1,0,0,0,0.5413333333333333,0.5413333333333333
156,375,219,2025,10,2,13,3,1,0,0,0,0.584,0.584
138,375,237,2025,10,2,13,3,1,0,0,0,0.632,0.632
135,375,240,2025,10,2,14,3,1,0,0,0,0.64,0.64
133,375,242,2025,10,2,14,3,1,0,0,0,0.6453333333333333,0.6453333333333333
99,375,276,2025,10,2,15,3,1,0,0,0,0.736,0.736
99,375,276,2025,10,2,15,3,1,0,0,0,0.736,0.736
103,375,272,2025,10,2,16,3,1,0,0,0,0.7253333333333334,0.7253333333333334
91,375,284,2025,10,2,16,3,1,0,0,0,0.7573333333333333,0.7573333333333333
80,375,295,2025,10,2,17,3,1,0,0,0,0.7866666666666666,0.7866666666666666
87,375,288,2025,10,2,17,3,1,0,0,0,0.768,0.768
89,375,286,2025,10,2,18,3,1,0,0,0,0.7626666666666667,0.7626666666666667
89,375,286,2025,10,2,18,3,1,0,0,0,0.7626666666666667,0.7626666666666667
84,375,291,2025,10,2,19,3,1,0,0,0,0.776,0.776
91,375,284,2025,10,2,19,3,1,0,0,0,0.7573333333333333,0.7573333333333333
103,375,272,2025,10,2,20,3,1,0,0,0,0.7253333333333334,0.7253333333333334
113,375,262,2025,10,2,20,3,1,0,0,0,0.6986666666666667,0.6986666666666667
135,375,240,2025,10,2,21,3,1,0,0,0,0.64,0.64
174,375,201,2025,10,2,22,3,1,0,0,0,0.536,0.536
179,375,196,2025,10,2,22,3,1,0,0,0,0.5226666666666666,0.5226666666666666
221,375,154,2025,10,2,23,3,1,0,0,0,0.4106666666666667,0.4106666666666667
249,375,126,2025,10,2,23,3,1,0,0,0,0.336,0.336
372,375,3,2025,10,3,6,4,1,0,1,0,0.008,0.008
371,375,4,2025,10,3,6,4,1,0,1,0,0.010666666666666666,0.010666666666666666
371,375,4,2025,10,3,7,4,1,0,1,0,0.010666666666666666,0.010666666666666666
369,375,6,2025,10,3,7,4,1,0,1,0,0.016,0.016
366,375,9,2025,10,3,8,4,1,0,1,0,0.024,0.024
367,375,8,2025,10,3,8,4,1,0,1,0,0.021333333333333333,0.021333333333333333
338,375,37,2025,10,3,10,4,1,0,1,0,0.09866666666666667,0.09866666666666667
338,375,37,2025,10,3,10,4,1,0,1,0,0.09866666666666667,0.09866666666666667
332,375,43,2025,10,3,10,4,1,0,1,0,0.11466666666666667,0.11466666666666667
312,375,63,2025,10,3,11,4,1,0,1,0,0.168,0.168
289,375,86,2025,10,3,12,4,1,0,1,0,0.22933333333333333,0.22933333333333333
278,375,97,2025,10,3,12,4,1,0,1,0,0.25866666666666666,0.25866666666666666
262,375,113,2025,10,3,13,4,1,0,1,0,0.30133333333333334,0.30133333333333334
244,375,131,2025,10,3,13,4,1,0,1,0,0.34933333333333333,0.34933333333333333
205,375,170,2025,10,3,14,4,1,0,1,0,0.4533333333333333,0.4533333333333333
198,375,177,2025,10,3,14,4,1,0,1,0,0.472,0.472
173,375,202,2025,10,3,15,4,1,0,1,0,0.5386666666666666,0.5386666666666666
158,375,217,2025,10,3,15,4,1,0,1,0,0.5786666666666667,0.5786666666666667
161,375,214,2025,10,3,16,4,1,0,1,0,0.5706666666666667,0.5706666666666667
160,375,215,2025,10,3,16,4,1,0,1,0,0.5733333333333334,0.5733333333333334
174,375,201,2025,10,3,17,4,1,0,1,0,0.536,0.536
172,375,203,2025,10,3,17,4,1,0,1,0,0.5413333333333333,0.5413333333333333
172,375,203,2025,10,3,18,4,1,0,1,0,0.5413333333333333,0.5413333333333333
176,375,199,2025,10,3,18,4,1,0,1,0,0.5306666666666666,0.5306666666666666
175,375,200,2025,10,3,19,4,1,0,1,0,0.5333333333333333,0.5333333333333333
176,375,199,2025,10,3,19,4,1,0,1,0,0.5306666666666666,0.5306666666666666
182,375,193,2025,10,3,20,4,1,0,1,0,0.5146666666666667,0.5146666666666667
189,375,186,2025,10,3,20,4,1,0,1,0,0.496,0.496
206,375,169,2025,10,3,21,4,1,0,1,0,0.45066666666666666,0.45066666666666666
233,375,142,2025,10,3,22,4,1,0,1,0,0.37866666666666665,0.37866666666666665
250,375,125,2025,10,3,22,4,1,0,1,0,0.3333333333333333,0.3333333333333333
284,375,91,2025,10,3,23,4,1,0,1,0,0.24266666666666667,0.24266666666666667
294,375,81,2025,10,3,23,4,1,0,1,0,0.216,0.216
375,375,0,2025,10,4,6,5,1,0,1,0,0.0,0.0
374,375,1,2025,10,4,6,5,1,0,1,0,0.0026666666666666666,0.0026666666666666666
374,375,1,2025,10,4,7,5,1,0,1,0,0.0026666666666666666,0.0026666666666666666
372,375,3,2025,10,4,7,5,1,0,1,0,0.008,0.008
371,375,4,2025,10,4,8,5,1,0,1,0,0.010666666666666666,0.010666666666666666
367,375,8,2025,10,4,8,5,1,0,1,0,0.021333333333333333,0.021333333333333333
362,375,13,2025,10,4,9,5,1,0,1,0,0.034666666666666665,0.034666666666666665
352,375,23,2025,10,4,10,5,1,0,1,0,0.06133333333333333,0.06133333333333333
353,375,22,2025,10,4,10,5,1,0,1,0,0.058666666666666666,0.058666666666666666
333,375,42,2025,10,4,11,5,1,0,1,0,0.112,0.112
316,375,59,2025,10,4,12,5,1,0,1,0,0.15733333333333333,0.15733333333333333
305,375,70,2025,10,4,12,5,1,0,1,0,0.18666666666666668,0.18666666666666668
289,375,86,2025,10,4,13,5,1,0,1,0,0.22933333333333333,0.22933333333333333
273,375,102,2025,10,4,13,5,1,0,1,0,0.272,0.272
264,375,111,2025,10,4,14,5,1,0,1,0,0.296,0.296
260,375,115,2025,10,4,14,5,1,0,1,0,0.30666666666666664,0.30666666666666664
240,375,135,2025,10,4,15,5,1,0,1,0,0.36,0.36
238,375,137,2025,10,4,15,5,1,0,1,0,0.36533333333333334,0.36533333333333334
241,375,134,2025,10,4,16,5,1,0,1,0,0.35733333333333334,0.35733333333333334
249,375,126,2025,10,4,16,5,1,0,1,0,0.336,0.336
232,375,143,2025,10,4,17,5,1,0,1,0,0.38133333333333336,0.38133333333333336
228,375,147,2025,10,4,17,5,1,0,1,0,0.392,0.392
231,375,144,2025,10,4,18,5,1,0,1,0,0.384,0.384
229,375,146,2025,10,4,18,5,1,0,1,0,0.3893333333333333,0.3893333333333333
230,375,145,2025,10,4,19,5,1,0,1,0,0.38666666666666666,0.38666666666666666
230,375,145,2025,10,4,19,5,1,0,1,0,0.38666666666666666,0.38666666666666666
239,375,136,2025,10,4,20,5,1,0,1,0,0.3626666666666667,0.3626666666666667
240,375,135,2025,10,4,20,5,1,0,1,0,0.36,0.36
260,375,115,2025,10,4,21,5,1,0,1,0,0.30666666666666664,0.30666666666666664
278,375,97,2025,10,4,22,5,1,0,1,0,0.25866666666666666,0.25866666666666666
285,375,90,2025,10,4,22,5,1,0,1,0,0.24,0.24
312,375,63,2025,10,4,23,5,1,0,1,0,0.168,0.168
319,375,56,2025,10,4,23,5,1,0,1,0,0.14933333333333335,0.14933333333333335
374,375,1,2025,10,5,6,6,1,0,1,0,0.0026666666666666666,0.0026666666666666666
374,375,1,2025,10,5,6,6,1,0,1,0,0.0026666666666666666,0.0026666666666666666
373,375,2,2025,10,5,7,6,1,0,1,0,0.005333333333333333,0.005333333333333333
372,375,3,2025,10,5,7,6,1,0,1,0,0.008,0.008
371,375,4,2025,10,5,8,6,1,0,1,0,0.010666666666666666,0.010666666666666666
369,375,6,2025,10,5,8,6,1,0,1,0,0.016,0.016
351,375,24,2025,10,5,10,6,1,0,1,0,0.064,0.064
341,375,34,2025,10,5,11,6,1,0,1,0,0.09066666666666667,0.09066666666666667
338,375,37,2025,10,5,11,6,1,0,1,0,0.09866666666666667,0.09866666666666667
335,375,40,2025,10,5,11,6,1,0,1,0,0.10666666666666667,0.10666666666666667
323,375,52,2025,10,5,12,6,1,0,1,0,0.13866666666666666,0.13866666666666666
309,375,66,2025,10,5,13,6,1,0,1,0,0.176,0.176
298,375,77,2025,10,5,13,6,1,0,1,0,0.20533333333333334,0.20533333333333334
284,375,91,2025,10,5,14,6,1,0,1,0,0.24266666666666667,0.24266666666666667
282,375,93,2025,10,5,14,6,1,0,1,0,0.248,0.248
276,375,99,2025,10,5,15,6,1,0,1,0,0.264,0.264
275,375,100,2025,10,5,15,6,1,0,1,0,0.26666666666666666,0.26666666666666666
277,375,98,2025,10,5,16,6,1,0,1,0,0.2613333333333333,0.2613333333333333
279,375,96,2025,10,5,16,6,1,0,1,0,0.256,0.256
284,375,91,2025,10,5,17,6,1,0,1,0,0.24266666666666667,0.24266666666666667
286,375,89,2025,10,5,17,6,1,0,1,0,0.23733333333333334,0.23733333333333334
292,375,83,2025,10,5,18,6,1,0,1,0,0.22133333333333333,0.22133333333333333
288,375,87,2025,10,5,18,6,1,0,1,0,0.232,0.232
292,375,83,2025,10,5,19,6,1,0,1,0,0.22133333333333333,0.22133333333333333
292,375,83,2025,10,5,19,6,1,0,1,0,0.22133333333333333,0.22133333333333333
293,375,82,2025,10,5,20,6,1,0,1,0,0.21866666666666668,0.21866666666666668
296,375,79,2025,10,5,20,6,1,0,1,0,0.21066666666666667,0.21066666666666667
308,375,67,2025,10,5,21,6,1,0,1,0,0.17866666666666667,0.17866666666666667
323,375,52,2025,10,5,22,6,1,0,1,0,0.13866666666666666,0.13866666666666666
321,375,54,2025,10,5,22,6,1,0,1,0,0.144,0.144
330,375,45,2025,10,5,23,6,1,0,1,0,0.12,0.12
335,375,40,2025,10,5,23,6,1,0,1,0,0.10666666666666667,0.10666666666666667
375,375,0,2025,10,6,6,0,1,0,1,0,0.0,0.0
375,375,0,2025,10,6,6,0,1,0,1,0,0.0,0.0
374,375,1,2025,10,6,7,0,1,0,1,0,0.0026666666666666666,0.0026666666666666666
374,375,1,2025,10,6,7,0,1,0,1,0,0.0026666666666666666,0.0026666666666666666
373,375,2,2025,10,6,8,0,1,0,1,0,0.005333333333333333,0.005333333333333333
373,375,2,2025,10,6,8,0,1,0,1,0,0.005333333333333333,0.005333333333333333
365,375,10,2025,10,6,10,0,1,0,1,0,0.02666666666666667,0.02666666666666667
340,375,35,2025,10,6,11,0,1,0,1,0,0.09333333333333334,0.09333333333333334
333,375,42,2025,10,6,12,0,1,0,1,0,0.112,0.112
323,375,52,2025,10,6,13,0,1,0,1,0,0.13866666666666666,0.13866666666666666
317,375,58,2025,10,6,13,0,1,0,1,0,0.15466666666666667,0.15466666666666667
297,375,78,2025,10,6,14,0,1,0,1,0,0.208,0.208
290,375,85,2025,10,6,14,0,1,0,1,0,0.22666666666666666,0.22666666666666666
275,375,100,2025,10,6,15,0,1,0,1,0,0.26666666666666666,0.26666666666666666
271,375,104,2025,10,6,15,0,1,0,1,0,0.2773333333333333,0.2773333333333333
263,375,112,2025,10,6,16,0,1,0,1,0,0.2986666666666667,0.2986666666666667
262,375,113,2025,10,6,16,0,1,0,1,0,0.30133333333333334,0.30133333333333334
262,375,113,2025,10,6,17,0,1,0,1,0,0.30133333333333334,0.30133333333333334
265,375,110,2025,10,6,17,0,1,0,1,0,0.29333333333333333,0.29333333333333333
270,375,105,2025,10,6,18,0,1,0,1,0,0.28,0.28
270,375,105,2025,10,6,18,0,1,0,1,0,0.28,0.28
277,375,98,2025,10,6,19,0,1,0,1,0,0.2613333333333333,0.2613333333333333
281,375,94,2025,10,6,19,0,1,0,1,0,0.25066666666666665,0.25066666666666665
286,375,89,2025,10,6,20,0,1,0,1,0,0.23733333333333334,0.23733333333333334
294,375,81,2025,10,6,20,0,1,0,1,0,0.216,0.216
305,375,70,2025,10,6,21,0,1,0,1,0,0.18666666666666668,0.18666666666666668
324,375,51,2025,10,6,22,0,1,0,1,0,0.136,0.136
325,375,50,2025,10,6,22,0,1,0,1,0,0.13333333333333333,0.13333333333333333
333,375,42,2025,10,6,23,0,1,0,1,0,0.112,0.112
341,375,34,2025,10,6,23,0,1,0,1,0,0.09066666666666667,0.09066666666666667
373,375,2,2025,10,7,6,1,1,0,1,0,0.005333333333333333,0.005333333333333333
372,375,3,2025,10,7,6,1,1,0,1,0,0.008,0.008
372,375,3,2025,10,7,7,1,1,0,1,0,0.008,0.008
371,375,4,2025,10,7,7,1,1,0,1,0,0.010666666666666666,0.010666666666666666
369,375,6,2025,10,7,8,1,1,0,1,0,0.016,0.016
365,375,10,2025,10,7,8,1,1,0,1,0,0.02666666666666667,0.02666666666666667
348,375,27,2025,10,7,10,1,1,0,1,0,0.072,0.072
331,375,44,2025,10,7,11,1,1,0,1,0,0.11733333333333333,0.11733333333333333
309,375,66,2025,10,7,11,1,1,0,1,0,0.176,0.176
287,375,88,2025,10,7,12,1,1,0,1,0,0.23466666666666666,0.23466666666666666
277,375,98,2025,10,7,12,1,1,0,1,0,0.2613333333333333,0.2613333333333333
262,375,113,2025,10,7,13,1,1,0,1,0,0.30133333333333334,0.30133333333333334
252,375,123,2025,10,7,13,1,1,0,1,0,0.328,0.328
230,375,145,2025,10,7,14,1,1,0,1,0,0.38666666666666666,0.38666666666666666
223,375,152,2025,10,7,14,1,1,0,1,0,0.4053333333333333,0.4053333333333333
208,375,167,2025,10,7,15,1,1,0,1,0,0.44533333333333336,0.44533333333333336
189,375,186,2025,10,7,15,1,1,0,1,0,0.496,0.496
181,375,194,2025,10,7,16,1,1,0,1,0,0.5173333333333333,0.5173333333333333
179,375,196,2025,10,7,16,1,1,0,1,0,0.5226666666666666,0.5226666666666666
182,375,193,2025,10,7,17,1,1,0,1,0,0.5146666666666667,0.5146666666666667
175,375,200,2025,10,7,17,1,1,0,1,0,0.5333333333333333,0.5333333333333333
183,375,192,2025,10,7,18,1,1,0,1,0,0.512,0.512
185,375,190,2025,10,7,18,1,1,0,1,0,0.5066666666666667,0.5066666666666667
190,375,185,2025,10,7,19,1,1,0,1,0,0.49333333333333335,0.49333333333333335
188,375,187,2025,10,7,19,1,1,0,1,0,0.49866666666666665,0.49866666666666665
195,375,180,2025,10,7,20,1,1,0,1,0,0.48,0.48
202,375,173,2025,10,7,20,1,1,0,1,0,0.4613333333333333,0.4613333333333333
215,375,160,2025,10,7,21,1,1,0,1,0,0.4266666666666667,0.4266666666666667
224,375,151,2025,10,7,22,1,1,0,1,0,0.4026666666666667,0.4026666666666667
226,375,149,2025,10,7,22,1,1,0,1,0,0.3973333333333333,0.3973333333333333
237,375,138,2025,10,7,23,1,1,0,1,0,0.368,0.368
242,375,133,2025,10,7,23,1,1,0,1,0,0.3546666666666667,0.3546666666666667
373,375,2,2025,10,8,6,2,1,0,1,0,0.005333333333333333,0.005333333333333333
373,375,2,2025,10,8,6,2,1,0,1,0,0.005333333333333333,0.005333333333333333
372,375,3,2025,10,8,7,2,1,0,1,0,0.008,0.008
370,375,5,2025,10,8,7,2,1,0,1,0,0.013333333333333334,0.013333333333333334
368,375,7,2025,10,8,8,2,1,0,1,0,0.018666666666666668,0.018666666666666668
369,375,6,2025,10,8,8,2,1,0,1,0,0.016,0.016
358,375,17,2025,10,8,9,2,1,0,1,0,0.04533333333333334,0.04533333333333334
329,375,46,2025,10,8,10,2,1,0,1,0,0.12266666666666666,0.12266666666666666
300,375,75,2025,10,8,11,2,1,0,1,0,0.2,0.2
270,375,105,2025,10,8,11,2,1,0,1,0,0.28,0.28
249,375,126,2025,10,8,12,2,1,0,1,0,0.336,0.336
225,375,150,2025,10,8,12,2,1,0,1,0,0.4,0.4
189,375,186,2025,10,8,13,2,1,0,1,0,0.496,0.496
163,375,212,2025,10,8,13,2,1,0,1,0,0.5653333333333334,0.5653333333333334
139,375,236,2025,10,8,14,2,1,0,1,0,0.6293333333333333,0.6293333333333333
129,375,246,2025,10,8,14,2,1,0,1,0,0.656,0.656
100,375,275,2025,10,8,15,2,1,0,1,0,0.7333333333333333,0.7333333333333333
97,375,278,2025,10,8,15,2,1,0,1,0,0.7413333333333333,0.7413333333333333
92,375,283,2025,10,8,16,2,1,0,1,0,0.7546666666666667,0.7546666666666667
96,375,279,2025,10,8,16,2,1,0,1,0,0.744,0.744
81,375,294,2025,10,8,17,2,1,0,1,0,0.784,0.784
80,375,295,2025,10,8,17,2,1,0,1,0,0.7866666666666666,0.7866666666666666
89,375,286,2025,10,8,18,2,1,0,1,0,0.7626666666666667,0.7626666666666667
91,375,284,2025,10,8,18,2,1,0,1,0,0.7573333333333333,0.7573333333333333
95,375,280,2025,10,8,19,2,1,0,1,0,0.7466666666666667,0.7466666666666667
105,375,270,2025,10,8,19,2,1,0,1,0,0.72,0.72
113,375,262,2025,10,8,20,2,1,0,1,0,0.6986666666666667,0.6986666666666667
112,375,263,2025,10,8,20,2,1,0,1,0,0.7013333333333334,0.7013333333333334
130,375,245,2025,10,8,21,2,1,0,1,0,0.6533333333333333,0.6533333333333333
160,375,215,2025,10,8,22,2,1,0,1,0,0.5733333333333334,0.5733333333333334
163,375,212,2025,10,8,22,2,1,0,1,0,0.5653333333333334,0.5653333333333334
179,375,196,2025,10,8,23,2,1,0,1,0,0.5226666666666666,0.5226666666666666
200,375,175,2025,10,8,23,2,1,0,1,0,0.4666666666666667,0.4666666666666667
373,375,2,2025,10,9,6,3,1,0,1,0,0.005333333333333333,0.005333333333333333
374,375,1,2025,10,9,6,3,1,0,1,0,0.0026666666666666666,0.0026666666666666666
373,375,2,2025,10,9,7,3,1,0,1,0,0.005333333333333333,0.005333333333333333
372,375,3,2025,10,9,7,3,1,0,1,0,0.008,0.008
366,375,9,2025,10,9,8,3,1,0,1,0,0.024,0.024
363,375,12,2025,10,9,8,3,1,0,1,0,0.032,0.032
346,375,29,2025,10,9,9,3,1,0,1,0,0.07733333333333334,0.07733333333333334
326,375,49,2025,10,9,9,3,1,0,1,0,0.13066666666666665,0.13066666666666665
297,375,78,2025,10,9,10,3,1,0,1,0,0.208,0.208
233,375,142,2025,10,9,11,3,1,0,1,0,0.37866666666666665,0.37866666666666665
193,375,182,2025,10,9,12,3,1,0,1,0,0.48533333333333334,0.48533333333333334
133,375,242,2025,10,9,13,3,1,0,1,0,0.6453333333333333,0.6453333333333333
118,375,257,2025,10,9,13,3,1,0,1,0,0.6853333333333333,0.6853333333333333
76,375,299,2025,10,9,14,3,1,0,1,0,0.7973333333333333,0.7973333333333333
51,375,324,2025,10,9,14,3,1,0,1,0,0.864,0.864
45,375,330,2025,10,9,15,3,1,0,1,0,0.88,0.88
31,375,344,2025,10,9,15,3,1,0,1,0,0.9173333333333333,0.9173333333333333
24,375,351,2025,10,9,16,3,1,0,1,0,0.936,0.936
20,375,355,2025,10,9,16,3,1,0,1,0,0.9466666666666667,0.9466666666666667
29,375,346,2025,10,9,17,3,1,0,1,0,0.9226666666666666,0.9226666666666666
35,375,340,2025,10,9,17,3,1,0,1,0,0.9066666666666666,0.9066666666666666
21,375,354,2025,10,9,18,3,1,0,1,0,0.944,0.944
19,375,356,2025,10,9,18,3,1,0,1,0,0.9493333333333334,0.9493333333333334
16,375,359,2025,10,9,19,3,1,0,1,0,0.9573333333333334,0.9573333333333334
14,375,361,2025,10,9,19,3,1,0,1,0,0.9626666666666667,0.9626666666666667
19,375,356,2025,10,9,20,3,1,0,1,0,0.9493333333333334,0.9493333333333334
29,375,346,2025,10,9,20,3,1,0,1,0,0.9226666666666666,0.9226666666666666
54,375,321,2025,10,9,21,3,1,0,1,0,0.856,0.856
98,375,277,2025,10,9,22,3,1,0,1,0,0.7386666666666667,0.7386666666666667
132,375,243,2025,10,9,23,3,1,0,1,0,0.648,0.648
189,375,186,2025,10,10,0,4,1,0,1,0,0.496,0.496
369,375,6,2025,10,10,6,4,1,0,1,0,0.016,0.016
369,375,6,2025,10,10,6,4,1,0,1,0,0.016,0.016
370,375,5,2025,10,10,7,4,1,0,1,0,0.013333333333333334,0.013333333333333334
369,375,6,2025,10,10,7,4,1,0,1,0,0.016,0.016
365,375,10,2025,10,10,8,4,1,0,1,0,0.02666666666666667,0.02666666666666667
359,375,16,2025,10,10,8,4,1,0,1,0,0.042666666666666665,0.042666666666666665
328,375,47,2025,10,10,9,4,1,0,1,0,0.12533333333333332,0.12533333333333332
322,375,53,2025,10,10,9,4,1,0,1,0,0.14133333333333334,0.14133333333333334
274,375,101,2025,10,10,10,4,1,0,1,0,0.2693333333333333,0.2693333333333333
195,375,180,2025,10,10,11,4,1,0,1,0,0.48,0.48
150,375,225,2025,10,10,12,4,1,0,1,0,0.6,0.6
98,375,277,2025,10,10,13,4,1,0,1,0,0.7386666666666667,0.7386666666666667
58,375,317,2025,10,10,13,4,1,0,1,0,0.8453333333333334,0.8453333333333334
17,375,358,2025,10,10,14,4,1,0,1,0,0.9546666666666667,0.9546666666666667
11,375,364,2025,10,10,14,4,1,0,1,0,0.9706666666666667,0.9706666666666667
0,375,375,2025,10,10,15,4,1,0,1,0,1.0,1.0
11,375,364,2025,10,10,15,4,1,0,1,0,0.9706666666666667,0.9706666666666667
1,375,374,2025,10,10,16,4,1,0,1,0,0.9973333333333333,0.9973333333333333
2,375,373,2025,10,10,16,4,1,0,1,0,0.9946666666666667,0.9946666666666667
8,375,367,2025,10,10,17,4,1,0,1,0,0.9786666666666667,0.9786666666666667
10,375,365,2025,10,10,17,4,1,0,1,0,0.9733333333333334,0.9733333333333334
23,375,352,2025,10,10,18,4,1,0,1,0,0.9386666666666666,0.9386666666666666
27,375,348,2025,10,10,18,4,1,0,1,0,0.928,0.928
29,375,346,2025,10,10,19,4,1,0,1,0,0.9226666666666666,0.9226666666666666
35,375,340,2025,10,10,19,4,1,0,1,0,0.9066666666666666,0.9066666666666666
45,375,330,2025,10,10,20,4,1,0,1,0,0.88,0.88
50,375,325,2025,10,10,20,4,1,0,1,0,0.8666666666666667,0.8666666666666667
72,375,303,2025,10,10,21,4,1,0,1,0,0.808,0.808
109,375,266,2025,10,10,22,4,1,0,1,0,0.7093333333333334,0.7093333333333334
117,375,258,2025,10,10,22,4,1,0,1,0,0.688,0.688
149,375,226,2025,10,10,23,4,1,0,1,0,0.6026666666666667,0.6026666666666667
160,375,215,2025,10,10,23,4,1,0,1,0,0.5733333333333334,0.5733333333333334
371,375,4,2025,10,11,6,5,1,0,1,0,0.010666666666666666,0.010666666666666666
371,375,4,2025,10,11,6,5,1,0,1,0,0.010666666666666666,0.010666666666666666
367,375,8,2025,10,11,7,5,1,0,1,0,0.021333333333333333,0.021333333333333333
364,375,11,2025,10,11,7,5,1,0,1,0,0.029333333333333333,0.029333333333333333
359,375,16,2025,10,11,8,5,1,0,1,0,0.042666666666666665,0.042666666666666665
346,375,29,2025,10,11,8,5,1,0,1,0,0.07733333333333334,0.07733333333333334
307,375,68,2025,10,11,9,5,1,0,1,0,0.18133333333333335,0.18133333333333335
275,375,100,2025,10,11,10,5,1,0,1,0,0.26666666666666666,0.26666666666666666
202,375,173,2025,10,11,11,5,1,0,1,0,0.4613333333333333,0.4613333333333333
155,375,220,2025,10,11,12,5,1,0,1,0,0.5866666666666667,0.5866666666666667
144,375,231,2025,10,11,12,5,1,0,1,0,0.616,0.616
105,375,270,2025,10,11,13,5,1,0,1,0,0.72,0.72
78,375,297,2025,10,11,13,5,1,0,1,0,0.792,0.792
29,375,346,2025,10,11,14,5,1,0,1,0,0.9226666666666666,0.9226666666666666
9,375,366,2025,10,11,14,5,1,0,1,0,0.976,0.976
0,375,375,2025,10,11,15,5,1,0,1,0,1.0,1.0
0,375,375,2025,10,11,15,5,1,0,1,0,1.0,1.0
0,375,375,2025,10,11,16,5,1,0,1,0,1.0,1.0
0,375,375,2025,10,11,16,5,1,0,1,0,1.0,1.0
2,375,373,2025,10,11,17,5,1,0,1,0,0.9946666666666667,0.9946666666666667
3,375,372,2025,10,11,17,5,1,0,1,0,0.992,0.992
1,375,374,2025,10,11,18,5,1,0,1,0,0.9973333333333333,0.9973333333333333
0,375,375,2025,10,11,18,5,1,0,1,0,1.0,1.0
4,375,371,2025,10,11,19,5,1,0,1,0,0.9893333333333333,0.9893333333333333
2,375,373,2025,10,11,19,5,1,0,1,0,0.9946666666666667,0.9946666666666667
15,375,360,2025,10,11,20,5,1,0,1,0,0.96,0.96
18,375,357,2025,10,11,20,5,1,0,1,0,0.952,0.952
18,375,357,2025,10,11,21,5,1,0,1,0,0.952,0.952
34,375,341,2025,10,11,22,5,1,0,1,0,0.9093333333333333,0.9093333333333333
67,375,308,2025,10,11,22,5,1,0,1,0,0.8213333333333334,0.8213333333333334
94,375,281,2025,10,11,23,5,1,0,1,0,0.7493333333333333,0.7493333333333333
114,375,261,2025,10,11,23,5,1,0,1,0,0.696,0.696
360,375,15,2025,10,12,6,6,1,0,1,0,0.04,0.04
363,375,12,2025,10,12,6,6,1,0,1,0,0.032,0.032
360,375,15,2025,10,12,7,6,1,0,1,0,0.04,0.04
356,375,19,2025,10,12,7,6,1,0,1,0,0.050666666666666665,0.050666666666666665
349,375,26,2025,10,12,8,6,1,0,1,0,0.06933333333333333,0.06933333333333333
342,375,33,2025,10,12,8,6,1,0,1,0,0.088,0.088
271,375,104,2025,10,12,10,6,1,0,1,0,0.2773333333333333,0.2773333333333333
245,375,130,2025,10,12,10,6,1,0,1,0,0.3466666666666667,0.3466666666666667
130,375,245,2025,10,12,11,6,1,0,1,0,0.6533333333333333,0.6533333333333333
72,375,303,2025,10,12,12,6,1,0,1,0,0.808,0.808
17,375,358,2025,10,12,13,6,1,0,1,0,0.9546666666666667,0.9546666666666667
0,375,375,2025,10,12,13,6,1,0,1,0,1.0,1.0
0,375,375,2025,10,12,14,6,1,0,1,0,1.0,1.0
0,375,375,2025,10,12,14,6,1,0,1,0,1.0,1.0
0,375,375,2025,10,12,15,6,1,0,1,0,1.0,1.0
1,375,374,2025,10,12,15,6,1,0,1,0,0.9973333333333333,0.9973333333333333
0,375,375,2025,10,12,16,6,1,0,1,0,1.0,1.0
0,375,375,2025,10,12,16,6,1,0,1,0,1.0,1.0
0,375,375,2025,10,12,17,6,1,0,1,0,1.0,1.0
0,375,375,2025,10,12,17,6,1,0,1,0,1.0,1.0
2,375,373,2025,10,12,18,6,1,0,1,0,0.9946666666666667,0.9946666666666667
0,375,375,2025,10,12,18,6,1,0,1,0,1.0,1.0
0,375,375,2025,10,12,19,6,1,0,1,0,1.0,1.0
0,375,375,2025,10,12,19,6,1,0,1,0,1.0,1.0
5,375,370,2025,10,12,20,6,1,0,1,0,0.9866666666666667,0.9866666666666667
9,375,366,2025,10,12,20,6,1,0,1,0,0.976,0.976
5,375,370,2025,10,12,21,6,1,0,1,0,0.9866666666666667,0.9866666666666667
33,375,342,2025,10,12,22,6,1,0,1,0,0.912,0.912
44,375,331,2025,10,12,22,6,1,0,1,0,0.8826666666666667,0.8826666666666667
56,375,319,2025,10,12,23,6,1,0,1,0,0.8506666666666667,0.8506666666666667
71,375,304,2025,10,12,23,6,1,0,1,0,0.8106666666666666,0.8106666666666666
355,375,20,2025,10,13,6,0,1,0,0,1,0.05333333333333334,0.05333333333333334
350,375,25,2025,10,13,6,0,1,0,0,1,0.06666666666666667,0.06666666666666667
342,375,33,2025,10,13,7,0,1,0,0,1,0.088,0.088
327,375,48,2025,10,13,7,0,1,0,0,1,0.128,0.128
304,375,71,2025,10,13,8,0,1,0,0,1,0.18933333333333333,0.18933333333333333
256,375,119,2025,10,13,8,0,1,0,0,1,0.31733333333333336,0.31733333333333336
127,375,248,2025,10,13,10,0,1,0,0,1,0.6613333333333333,0.6613333333333333
22,375,353,2025,10,13,11,0,1,0,0,1,0.9413333333333334,0.9413333333333334
1,375,374,2025,10,13,12,0,1,0,0,1,0.9973333333333333,0.9973333333333333
3,375,372,2025,10,13,13,0,1,0,0,1,0.992,0.992
6,375,369,2025,10,13,13,0,1,0,0,1,0.984,0.984
1,375,374,2025,10,13,14,0,1,0,0,1,0.9973333333333333,0.9973333333333333
0,375,375,2025,10,13,14,0,1,0,0,1,1.0,1.0
0,375,375,2025,10,13,15,0,1,0,0,1,1.0,1.0
0,375,375,2025,10,13,15,0,1,0,0,1,1.0,1.0
1,375,374,2025,10,13,16,0,1,0,0,1,0.9973333333333333,0.9973333333333333
0,375,375,2025,10,13,16,0,1,0,0,1,1.0,1.0
0,375,375,2025,10,13,17,0,1,0,0,1,1.0,1.0
1,375,374,2025,10,13,17,0,1,0,0,1,0.9973333333333333,0.9973333333333333
0,375,375,2025,10,13,18,0,1,0,0,1,1.0,1.0
0,375,375,2025,10,13,18,0,1,0,0,1,1.0,1.0
0,375,375,2025,10,13,19,0,1,0,0,1,1.0,1.0
0,375,375,2025,10,13,19,0,1,0,0,1,1.0,1.0
0,375,375,2025,10,13,20,0,1,0,0,1,1.0,1.0
1,375,374,2025,10,13,20,0,1,0,0,1,0.9973333333333333,0.9973333333333333
1,375,374,2025,10,13,21,0,1,0,0,1,0.9973333333333333,0.9973333333333333
0,375,375,2025,10,13,21,0,1,0,0,1,1.0,1.0
18,375,357,2025,10,13,22,0,1,0,0,1,0.952,0.952
19,375,356,2025,10,13,22,0,1,0,0,1,0.9493333333333334,0.9493333333333334
29,375,346,2025,10,13,23,0,1,0,0,1,0.9226666666666666,0.9226666666666666
52,375,323,2025,10,13,23,0,1,0,0,1,0.8613333333333333,0.8613333333333333
361,375,14,2025,10,14,6,1,1,0,0,1,0.037333333333333336,0.037333333333333336
352,375,23,2025,10,14,6,1,1,0,0,1,0.06133333333333333,0.06133333333333333
337,375,38,2025,10,14,7,1,1,0,0,1,0.10133333333333333,0.10133333333333333
318,375,57,2025,10,14,7,1,1,0,0,1,0.152,0.152
263,375,112,2025,10,14,8,1,1,0,0,1,0.2986666666666667,0.2986666666666667
221,375,154,2025,10,14,8,1,1,0,0,1,0.4106666666666667,0.4106666666666667
161,375,214,2025,10,14,9,1,1,0,0,1,0.5706666666666667,0.5706666666666667
146,375,229,2025,10,14,9,1,1,0,0,1,0.6106666666666667,0.6106666666666667
96,375,279,2025,10,14,10,1,1,0,0,1,0.744,0.744
64,375,311,2025,10,14,10,1,1,0,0,1,0.8293333333333334,0.8293333333333334
0,375,375,2025,10,14,11,1,1,0,0,1,1.0,1.0
0,375,375,2025,10,14,11,1,1,0,0,1,1.0,1.0
0,375,375,2025,10,14,12,1,1,0,0,1,1.0,1.0
0,375,375,2025,10,14,13,1,1,0,0,1,1.0,1.0
0,375,375,2025,10,14,13,1,1,0,0,1,1.0,1.0
0,375,375,2025,10,14,14,1,1,0,0,1,1.0,1.0
0,375,375,2025,10,14,14,1,1,0,0,1,1.0,1.0
0,375,375,2025,10,14,15,1,1,0,0,1,1.0,1.0
0,375,375,2025,10,14,15,1,1,0,0,1,1.0,1.0
0,375,375,2025,10,14,16,1,1,0,0,1,1.0,1.0
0,375,375,2025,10,14,16,1,1,0,0,1,1.0,1.0
0,375,375,2025,10,14,17,1,1,0,0,1,1.0,1.0
0,375,375,2025,10,14,17,1,1,0,0,1,1.0,1.0
0,375,375,2025,10,14,18,1,1,0,0,1,1.0,1.0
0,375,375,2025,10,14,18,1,1,0,0,1,1.0,1.0
0,375,375,2025,10,14,19,1,1,0,0,1,1.0,1.0
0,375,375,2025,10,14,19,1,1,0,0,1,1.0,1.0
0,375,375,2025,10,14,20,1,1,0,0,1,1.0,1.0
0,375,375,2025,10,14,20,1,1,0,0,1,1.0,1.0
5,375,370,2025,10,14,21,1,1,0,0,1,0.9866666666666667,0.9866666666666667
2,375,373,2025,10,14,22,1,1,0,0,1,0.9946666666666667,0.9946666666666667
3,375,372,2025,10,14,22,1,1,0,0,1,0.992,0.992
11,375,364,2025,10,14,23,1,1,0,0,1,0.9706666666666667,0.9706666666666667
29,375,346,2025,10,14,23,1,1,0,0,1,0.9226666666666666,0.9226666666666666
353,375,22,2025,10,15,6,2,1,0,0,1,0.058666666666666666,0.058666666666666666
344,375,31,2025,10,15,6,2,1,0,0,1,0.08266666666666667,0.08266666666666667
327,375,48,2025,10,15,7,2,1,0,0,1,0.128,0.128
304,375,71,2025,10,15,7,2,1,0,0,1,0.18933333333333333,0.18933333333333333
254,375,121,2025,10,15,8,2,1,0,0,1,0.32266666666666666,0.32266666666666666
219,375,156,2025,10,15,8,2,1,0,0,1,0.416,0.416
15,375,360,2025,10,15,10,2,1,0,0,1,0.96,0.96
0,375,375,2025,10,15,11,2,1,0,0,1,1.0,1.0
0,375,375,2025,10,15,12,2,1,0,0,1,1.0,1.0
0,375,375,2025,10,15,13,2,1,0,0,1,1.0,1.0
0,375,375,2025,10,15,13,2,1,0,0,1,1.0,1.0
0,375,375,2025,10,15,14,2,1,0,0,1,1.0,1.0
0,375,375,2025,10,15,14,2,1,0,0,1,1.0,1.0
0,375,375,2025,10,15,15,2,1,0,0,1,1.0,1.0
0,375,375,2025,10,15,15,2,1,0,0,1,1.0,1.0
0,375,375,2025,10,15,16,2,1,0,0,1,1.0,1.0
0,375,375,2025,10,15,16,2,1,0,0,1,1.0,1.0
0,375,375,2025,10,15,17,2,1,0,0,1,1.0,1.0
0,375,375,2025,10,15,17,2,1,0,0,1,1.0,1.0
0,375,375,2025,10,15,18,2,1,0,0,1,1.0,1.0
0,375,375,2025,10,15,18,2,1,0,0,1,1.0,1.0
0,375,375,2025,10,15,19,2,1,0,0,1,1.0,1.0
0,375,375,2025,10,15,19,2,1,0,0,1,1.0,1.0
0,375,375,2025,10,15,20,2,1,0,0,1,1.0,1.0
0,375,375,2025,10,15,20,2,1,0,0,1,1.0,1.0
0,375,375,2025,10,15,21,2,1,0,0,1,1.0,1.0
3,375,372,2025,10,15,22,2,1,0,0,1,0.992,0.992
27,375,348,2025,10,15,23,2,1,0,0,1,0.928,0.928
43,375,332,2025,10,15,23,2,1,0,0,1,0.8853333333333333,0.8853333333333333
346,375,29,2025,10,16,6,3,1,0,0,1,0.07733333333333334,0.07733333333333334
339,375,36,2025,10,16,6,3,1,0,0,1,0.096,0.096
320,375,55,2025,10,16,7,3,1,0,0,1,0.14666666666666667,0.14666666666666667
296,375,79,2025,10,16,7,3,1,0,0,1,0.21066666666666667,0.21066666666666667
239,375,136,2025,10,16,8,3,1,0,0,1,0.3626666666666667,0.3626666666666667
204,375,171,2025,10,16,8,3,1,0,0,1,0.456,0.456
22,375,353,2025,10,16,10,3,1,0,0,1,0.9413333333333334,0.9413333333333334
0,375,375,2025,10,16,10,3,1,0,0,1,1.0,1.0
0,375,375,2025,10,16,11,3,1,0,0,1,1.0,1.0
0,375,375,2025,10,16,12,3,1,0,0,1,1.0,1.0
0,375,375,2025,10,16,13,3,1,0,0,1,1.0,1.0
0,375,375,2025,10,16,13,3,1,0,0,1,1.0,1.0
0,375,375,2025,10,16,14,3,1,0,0,1,1.0,1.0
0,375,375,2025,10,16,14,3,1,0,0,1,1.0,1.0
0,375,375,2025,10,16,15,3,1,0,0,1,1.0,1.0
0,375,375,2025,10,16,15,3,1,0,0,1,1.0,1.0
2,375,373,2025,10,16,16,3,1,0,0,1,0.9946666666666667,0.9946666666666667
31,375,344,2025,10,16,17,3,1,0,0,1,0.9173333333333333,0.9173333333333333
129,375,246,2025,10,16,19,3,1,0,0,1,0.656,0.656
138,375,237,2025,10,16,19,3,1,0,0,1,0.632,0.632
159,375,216,2025,10,16,20,3,1,0,0,1,0.576,0.576
172,375,203,2025,10,16,20,3,1,0,0,1,0.5413333333333333,0.5413333333333333
218,375,157,2025,10,16,21,3,1,0,0,1,0.4186666666666667,0.4186666666666667
252,375,123,2025,10,16,22,3,1,0,0,1,0.328,0.328
263,375,112,2025,10,16,22,3,1,0,0,1,0.2986666666666667,0.2986666666666667
278,375,97,2025,10,16,23,3,1,0,0,1,0.25866666666666666,0.25866666666666666
295,375,80,2025,10,16,23,3,1,0,0,1,0.21333333333333335,0.21333333333333335
375,375,0,2025,10,17,6,4,1,0,0,0,0.0,0.0
375,375,0,2025,10,17,6,4,1,0,0,0,0.0,0.0
375,375,0,2025,10,17,7,4,1,0,0,0,0.0,0.0
375,375,0,2025,10,17,7,4,1,0,0,0,0.0,0.0
375,375,0,2025,10,17,8,4,1,0,0,0,0.0,0.0
375,375,0,2025,10,17,8,4,1,0,0,0,0.0,0.0
26,375,349,2025,10,17,10,4,1,0,0,0,0.9306666666666666,0.9306666666666666
0,375,375,2025,10,17,11,4,1,0,0,0,1.0,1.0
0,375,375,2025,10,17,12,4,1,0,0,0,1.0,1.0
1,375,374,2025,10,17,13,4,1,0,0,0,0.9973333333333333,0.9973333333333333
0,375,375,2025,10,17,13,4,1,0,0,0,1.0,1.0
0,375,375,2025,10,17,14,4,1,0,0,0,1.0,1.0
1,375,374,2025,10,17,14,4,1,0,0,0,0.9973333333333333,0.9973333333333333
0,375,375,2025,10,17,15,4,1,0,0,0,1.0,1.0
0,375,375,2025,10,17,15,4,1,0,0,0,1.0,1.0
0,375,375,2025,10,17,16,4,1,0,0,0,1.0,1.0
0,375,375,2025,10,17,16,4,1,0,0,0,1.0,1.0
0,375,375,2025,10,17,17,4,1,0,0,0,1.0,1.0
0,375,375,2025,10,17,17,4,1,0,0,0,1.0,1.0
0,375,375,2025,10,17,18,4,1,0,0,0,1.0,1.0
0,375,375,2025,10,17,18,4,1,0,0,0,1.0,1.0
2,375,373,2025,10,17,19,4,1,0,0,0,0.9946666666666667,0.9946666666666667
0,375,375,2025,10,17,19,4,1,0,0,0,1.0,1.0
0,375,375,2025,10,17,20,4,1,0,0,0,1.0,1.0
0,375,375,2025,10,17,20,4,1,0,0,0,1.0,1.0
1,375,374,2025,10,17,21,4,1,0,0,0,0.9973333333333333,0.9973333333333333
6,375,369,2025,10,17,22,4,1,0,0,0,0.984,0.984
24,375,351,2025,10,17,22,4,1,0,0,0,0.936,0.936
17,375,358,2025,10,17,23,4,1,0,0,0,0.9546666666666667,0.9546666666666667
32,375,343,2025,10,17,23,4,1,0,0,0,0.9146666666666666,0.9146666666666666
327,375,48,2025,10,18,6,5,1,0,0,0,0.128,0.128
326,375,49,2025,10,18,6,5,1,0,0,0,0.13066666666666665,0.13066666666666665
309,375,66,2025,10,18,7,5,1,0,0,0,0.176,0.176
287,375,88,2025,10,18,7,5,1,0,0,0,0.23466666666666666,0.23466666666666666
249,375,126,2025,10,18,8,5,1,0,0,0,0.336,0.336
218,375,157,2025,10,18,8,5,1,0,0,0,0.4186666666666667,0.4186666666666667
70,375,305,2025,10,18,10,5,1,0,0,0,0.8133333333333334,0.8133333333333334
1,375,374,2025,10,18,11,5,1,0,0,0,0.9973333333333333,0.9973333333333333
0,375,375,2025,10,18,12,5,1,0,0,0,1.0,1.0
0,375,375,2025,10,18,12,5,1,0,0,0,1.0,1.0
0,375,375,2025,10,18,13,5,1,0,0,0,1.0,1.0
0,375,375,2025,10,18,13,5,1,0,0,0,1.0,1.0
0,375,375,2025,10,18,14,5,1,0,0,0,1.0,1.0
0,375,375,2025,10,18,14,5,1,0,0,0,1.0,1.0
0,375,375,2025,10,18,15,5,1,0,0,0,1.0,1.0
0,375,375,2025,10,18,15,5,1,0,0,0,1.0,1.0
0,375,375,2025,10,18,16,5,1,0,0,0,1.0,1.0
0,375,375,2025,10,18,16,5,1,0,0,0,1.0,1.0
0,375,375,2025,10,18,17,5,1,0,0,0,1.0,1.0
0,375,375,2025,10,18,17,5,1,0,0,0,1.0,1.0
0,375,375,2025,10,18,18,5,1,0,0,0,1.0,1.0
0,375,375,2025,10,18,18,5,1,0,0,0,1.0,1.0
0,375,375,2025,10,18,19,5,1,0,0,0,1.0,1.0
0,375,375,2025,10,18,19,5,1,0,0,0,1.0,1.0
0,375,375,2025,10,18,20,5,1,0,0,0,1.0,1.0
0,375,375,2025,10,18,20,5,1,0,0,0,1.0,1.0
1,375,374,2025,10,18,21,5,1,0,0,0,0.9973333333333333,0.9973333333333333
2,375,373,2025,10,18,22,5,1,0,0,0,0.9946666666666667,0.9946666666666667
4,375,371,2025,10,18,22,5,1,0,0,0,0.9893333333333333,0.9893333333333333
27,375,348,2025,10,18,23,5,1,0,0,0,0.928,0.928
30,375,345,2025,10,18,23,5,1,0,0,0,0.92,0.92
330,375,45,2025,10,19,6,6,1,0,0,0,0.12,0.12
321,375,54,2025,10,19,6,6,1,0,0,0,0.144,0.144
306,375,69,2025,10,19,7,6,1,0,0,0,0.184,0.184
287,375,88,2025,10,19,7,6,1,0,0,0,0.23466666666666666,0.23466666666666666
242,375,133,2025,10,19,8,6,1,0,0,0,0.3546666666666667,0.3546666666666667
208,375,167,2025,10,19,8,6,1,0,0,0,0.44533333333333336,0.44533333333333336
1,375,374,2025,10,19,10,6,1,0,0,0,0.9973333333333333,0.9973333333333333
0,375,375,2025,10,19,12,6,1,0,0,0,1.0,1.0
0,375,375,2025,10,19,12,6,1,0,0,0,1.0,1.0
0,375,375,2025,10,19,13,6,1,0,0,0,1.0,1.0
0,375,375,2025,10,19,14,6,1,0,0,0,1.0,1.0
0,375,375,2025,10,19,14,6,1,0,0,0,1.0,1.0
0,375,375,2025,10,19,15,6,1,0,0,0,1.0,1.0
0,375,375,2025,10,19,15,6,1,0,0,0,1.0,1.0
0,375,375,2025,10,19,16,6,1,0,0,0,1.0,1.0
0,375,375,2025,10,19,16,6,1,0,0,0,1.0,1.0
0,375,375,2025,10,19,17,6,1,0,0,0,1.0,1.0
0,375,375,2025,10,19,17,6,1,0,0,0,1.0,1.0
0,375,375,2025,10,19,18,6,1,0,0,0,1.0,1.0
0,375,375,2025,10,19,18,6,1,0,0,0,1.0,1.0
0,375,375,2025,10,19,19,6,1,0,0,0,1.0,1.0
0,375,375,2025,10,19,19,6,1,0,0,0,1.0,1.0
0,375,375,2025,10,19,20,6,1,0,0,0,1.0,1.0
1,375,374,2025,10,19,20,6,1,0,0,0,0.9973333333333333,0.9973333333333333
0,375,375,2025,10,19,21,6,1,0,0,0,1.0,1.0
0,375,375,2025,10,19,22,6,1,0,0,0,1.0,1.0
0,375,375,2025,10,19,22,6,1,0,0,0,1.0,1.0
5,375,370,2025,10,19,23,6,1,0,0,0,0.9866666666666667,0.9866666666666667
12,375,363,2025,10,19,23,6,1,0,0,0,0.968,0.968
253,375,122,2025,10,20,6,0,1,0,0,0,0.3253333333333333,0.3253333333333333
231,375,144,2025,10,20,6,0,1,0,0,0,0.384,0.384
195,375,180,2025,10,20,7,0,1,0,0,0,0.48,0.48
159,375,216,2025,10,20,7,0,1,0,0,0,0.576,0.576
101,375,274,2025,10,20,8,0,1,0,0,0,0.7306666666666667,0.7306666666666667
55,375,320,2025,10,20,8,0,1,0,0,0,0.8533333333333334,0.8533333333333334
0,375,375,2025,10,20,10,0,1,0,0,0,1.0,1.0
0,375,375,2025,10,20,12,0,1,0,0,0,1.0,1.0
0,375,375,2025,10,20,12,0,1,0,0,0,1.0,1.0
0,375,375,2025,10,20,13,0,1,0,0,0,1.0,1.0
0,375,375,2025,10,20,14,0,1,0,0,0,1.0,1.0
0,375,375,2025,10,20,14,0,1,0,0,0,1.0,1.0
0,375,375,2025,10,20,15,0,1,0,0,0,1.0,1.0
0,375,375,2025,10,20,15,0,1,0,0,0,1.0,1.0
0,375,375,2025,10,20,16,0,1,0,0,0,1.0,1.0
0,375,375,2025,10,20,16,0,1,0,0,0,1.0,1.0
0,375,375,2025,10,20,17,0,1,0,0,0,1.0,1.0
0,375,375,2025,10,20,17,0,1,0,0,0,1.0,1.0
0,375,375,2025,10,20,18,0,1,0,0,0,1.0,1.0
0,375,375,2025,10,20,18,0,1,0,0,0,1.0,1.0
0,375,375,2025,10,20,19,0,1,0,0,0,1.0,1.0
0,375,375,2025,10,20,19,0,1,0,0,0,1.0,1.0
0,375,375,2025,10,20,20,0,1,0,0,0,1.0,1.0
1,375,374,2025,10,20,20,0,1,0,0,0,0.9973333333333333,0.9973333333333333
0,375,375,2025,10,20,21,0,1,0,0,0,1.0,1.0
0,375,375,2025,10,20,22,0,1,0,0,0,1.0,1.0
1,375,374,2025,10,20,22,0,1,0,0,0,0.9973333333333333,0.9973333333333333
2,375,373,2025,10,20,23,0,1,0,0,0,0.9946666666666667,0.9946666666666667
10,375,365,2025,10,20,23,0,1,0,0,0,0.9733333333333334,0.9733333333333334
245,375,130,2025,10,21,6,1,1,0,0,0,0.3466666666666667,0.3466666666666667
218,375,157,2025,10,21,6,1,1,0,0,0,0.4186666666666667,0.4186666666666667
184,375,191,2025,10,21,7,1,1,0,0,0,0.5093333333333333,0.5093333333333333
136,375,239,2025,10,21,7,1,1,0,0,0,0.6373333333333333,0.6373333333333333
58,375,317,2025,10,21,8,1,1,0,0,0,0.8453333333333334,0.8453333333333334
0,375,375,2025,10,21,8,1,1,0,0,0,1.0,1.0
0,375,375,2025,10,21,10,1,1,0,0,0,1.0,1.0
0,375,375,2025,10,21,11,1,1,0,0,0,1.0,1.0
0,375,375,2025,10,21,12,1,1,0,0,0,1.0,1.0
0,375,375,2025,10,21,13,1,1,0,0,0,1.0,1.0
0,375,375,2025,10,21,13,1,1,0,0,0,1.0,1.0
0,375,375,2025,10,21,14,1,1,0,0,0,1.0,1.0
0,375,375,2025,10,21,14,1,1,0,0,0,1.0,1.0
0,375,375,2025,10,21,15,1,1,0,0,0,1.0,1.0
0,375,375,2025,10,21,15,1,1,0,0,0,1.0,1.0
0,375,375,2025,10,21,16,1,1,0,0,0,1.0,1.0
0,375,375,2025,10,21,16,1,1,0,0,0,1.0,1.0
0,375,375,2025,10,21,17,1,1,0,0,0,1.0,1.0
0,375,375,2025,10,21,17,1,1,0,0,0,1.0,1.0
0,375,375,2025,10,21,18,1,1,0,0,0,1.0,1.0
0,375,375,2025,10,21,18,1,1,0,0,0,1.0,1.0
0,375,375,2025,10,21,19,1,1,0,0,0,1.0,1.0
0,375,375,2025,10,21,19,1,1,0,0,0,1.0,1.0
0,375,375,2025,10,21,20,1,1,0,0,0,1.0,1.0
0,375,375,2025,10,21,20,1,1,0,0,0,1.0,1.0
2,375,373,2025,10,21,21,1,1,0,0,0,0.9946666666666667,0.9946666666666667
4,375,371,2025,10,21,22,1,1,0,0,0,0.9893333333333333,0.9893333333333333
21,375,354,2025,10,21,23,1,1,0,0,0,0.944,0.944
42,375,333,2025,10,21,23,1,1,0,0,0,0.888,0.888
243,375,132,2025,10,22,6,2,1,0,0,0,0.352,0.352
222,375,153,2025,10,22,6,2,1,0,0,0,0.408,0.408
175,375,200,2025,10,22,7,2,1,0,0,0,0.5333333333333333,0.5333333333333333
148,375,227,2025,10,22,7,2,1,0,0,0,0.6053333333333333,0.6053333333333333
79,375,296,2025,10,22,8,2,1,0,0,0,0.7893333333333333,0.7893333333333333
56,375,319,2025,10,22,8,2,1,0,0,0,0.8506666666666667,0.8506666666666667
0,375,375,2025,10,22,10,2,1,0,0,0,1.0,1.0
0,375,375,2025,10,22,11,2,1,0,0,0,1.0,1.0
0,375,375,2025,10,22,12,2,1,0,0,0,1.0,1.0
1,375,374,2025,10,22,13,2,1,0,0,0,0.9973333333333333,0.9973333333333333
2,375,373,2025,10,22,13,2,1,0,0,0,0.9946666666666667,0.9946666666666667
1,375,374,2025,10,22,14,2,1,0,0,0,0.9973333333333333,0.9973333333333333
2,375,373,2025,10,22,14,2,1,0,0,0,0.9946666666666667,0.9946666666666667
0,375,375,2025,10,22,15,2,1,0,0,0,1.0,1.0
0,375,375,2025,10,22,15,2,1,0,0,0,1.0,1.0
0,375,375,2025,10,22,16,2,1,0,0,0,1.0,1.0
0,375,375,2025,10,22,16,2,1,0,0,0,1.0,1.0
0,375,375,2025,10,22,17,2,1,0,0,0,1.0,1.0
0,375,375,2025,10,22,17,2,1,0,0,0,1.0,1.0
1,375,374,2025,10,22,18,2,1,0,0,0,0.9973333333333333,0.9973333333333333
0,375,375,2025,10,22,18,2,1,0,0,0,1.0,1.0
0,375,375,2025,10,22,19,2,1,0,0,0,1.0,1.0
0,375,375,2025,10,22,19,2,1,0,0,0,1.0,1.0
0,375,375,2025,10,22,20,2,1,0,0,0,1.0,1.0
0,375,375,2025,10,22,20,2,1,0,0,0,1.0,1.0
0,375,375,2025,10,22,21,2,1,0,0,0,1.0,1.0
25,375,350,2025,10,22,22,2,1,0,0,0,0.9333333333333333,0.9333333333333333
30,375,345,2025,10,22,23,2,1,0,0,0,0.92,0.92
54,375,321,2025,10,22,23,2,1,0,0,0,0.856,0.856
239,375,136,2025,10,23,6,3,1,0,0,0,0.3626666666666667,0.3626666666666667
226,375,149,2025,10,23,6,3,1,0,0,0,0.3973333333333333,0.3973333333333333
188,375,187,2025,10,23,7,3,1,0,0,0,0.49866666666666665,0.49866666666666665
168,375,207,2025,10,23,7,3,1,0,0,0,0.552,0.552
132,375,243,2025,10,23,8,3,1,0,0,0,0.648,0.648
91,375,284,2025,10,23,8,3,1,0,0,0,0.7573333333333333,0.7573333333333333
41,375,334,2025,10,23,10,3,1,0,0,0,0.8906666666666667,0.8906666666666667
36,375,339,2025,10,23,11,3,1,0,0,0,0.904,0.904
22,375,353,2025,10,23,12,3,1,0,0,0,0.9413333333333334,0.9413333333333334
28,375,347,2025,10,23,13,3,1,0,0,0,0.9253333333333333,0.9253333333333333
24,375,351,2025,10,23,13,3,1,0,0,0,0.936,0.936
25,375,350,2025,10,23,14,3,1,0,0,0,0.9333333333333333,0.9333333333333333
27,375,348,2025,10,23,14,3,1,0,0,0,0.928,0.928
39,375,336,2025,10,23,15,3,1,0,0,0,0.896,0.896
42,375,333,2025,10,23,15,3,1,0,0,0,0.888,0.888
55,375,320,2025,10,23,16,3,1,0,0,0,0.8533333333333334,0.8533333333333334
64,375,311,2025,10,23,16,3,1,0,0,0,0.8293333333333334,0.8293333333333334
60,375,315,2025,10,23,17,3,1,0,0,0,0.84,0.84
69,375,306,2025,10,23,17,3,1,0,0,0,0.816,0.816
74,375,301,2025,10,23,18,3,1,0,0,0,0.8026666666666666,0.8026666666666666
79,375,296,2025,10,23,18,3,1,0,0,0,0.7893333333333333,0.7893333333333333
75,375,300,2025,10,23,19,3,1,0,0,0,0.8,0.8
70,375,305,2025,10,23,19,3,1,0,0,0,0.8133333333333334,0.8133333333333334
66,375,309,2025,10,23,20,3,1,0,0,0,0.824,0.824
60,375,315,2025,10,23,20,3,1,0,0,0,0.84,0.84
72,375,303,2025,10,23,21,3,1,0,0,0,0.808,0.808
90,375,285,2025,10,23,22,3,1,0,0,0,0.76,0.76
123,375,252,2025,10,23,23,3,1,0,0,0,0.672,0.672
137,375,238,2025,10,23,23,3,1,0,0,0,0.6346666666666667,0.6346666666666667
317,375,58,2025,10,24,6,4,1,0,0,0,0.15466666666666667,0.15466666666666667
306,375,69,2025,10,24,6,4,1,0,0,0,0.184,0.184
289,375,86,2025,10,24,7,4,1,0,0,0,0.22933333333333333,0.22933333333333333
279,375,96,2025,10,24,7,4,1,0,0,0,0.256,0.256
255,375,120,2025,10,24,8,4,1,0,0,0,0.32,0.32
239,375,136,2025,10,24,8,4,1,0,0,0,0.3626666666666667,0.3626666666666667
223,375,152,2025,10,24,10,4,1,0,0,0,0.4053333333333333,0.4053333333333333
205,375,170,2025,10,24,11,4,1,0,0,0,0.4533333333333333,0.4533333333333333
179,375,196,2025,10,24,12,4,1,0,0,0,0.5226666666666666,0.5226666666666666
152,375,223,2025,10,24,13,4,1,0,0,0,0.5946666666666667,0.5946666666666667
148,375,227,2025,10,24,13,4,1,0,0,0,0.6053333333333333,0.6053333333333333
137,375,238,2025,10,24,14,4,1,0,0,0,0.6346666666666667,0.6346666666666667
134,375,241,2025,10,24,14,4,1,0,0,0,0.6426666666666667,0.6426666666666667
131,375,244,2025,10,24,15,4,1,0,0,0,0.6506666666666666,0.6506666666666666
133,375,242,2025,10,24,15,4,1,0,0,0,0.6453333333333333,0.6453333333333333
144,375,231,2025,10,24,16,4,1,0,0,0,0.616,0.616
147,375,228,2025,10,24,16,4,1,0,0,0,0.608,0.608
147,375,228,2025,10,24,17,4,1,0,0,0,0.608,0.608
152,375,223,2025,10,24,17,4,1,0,0,0,0.5946666666666667,0.5946666666666667
160,375,215,2025,10,24,18,4,1,0,0,0,0.5733333333333334,0.5733333333333334
165,375,210,2025,10,24,18,4,1,0,0,0,0.56,0.56
164,375,211,2025,10,24,19,4,1,0,0,0,0.5626666666666666,0.5626666666666666
168,375,207,2025,10,24,19,4,1,0,0,0,0.552,0.552
177,375,198,2025,10,24,20,4,1,0,0,0,0.528,0.528
184,375,191,2025,10,24,20,4,1,0,0,0,0.5093333333333333,0.5093333333333333
176,375,199,2025,10,24,21,4,1,0,0,0,0.5306666666666666,0.5306666666666666
200,375,175,2025,10,24,22,4,1,0,0,0,0.4666666666666667,0.4666666666666667
205,375,170,2025,10,24,22,4,1,0,0,0,0.4533333333333333,0.4533333333333333
215,375,160,2025,10,24,23,4,1,0,0,0,0.4266666666666667,0.4266666666666667
230,375,145,2025,10,24,23,4,1,0,0,0,0.38666666666666666,0.38666666666666666
358,375,17,2025,10,25,6,5,1,0,0,0,0.04533333333333334,0.04533333333333334
356,375,19,2025,10,25,6,5,1,0,0,0,0.050666666666666665,0.050666666666666665
350,375,25,2025,10,25,7,5,1,0,0,0,0.06666666666666667,0.06666666666666667
348,375,27,2025,10,25,7,5,1,0,0,0,0.072,0.072
341,375,34,2025,10,25,8,5,1,0,0,0,0.09066666666666667,0.09066666666666667
333,375,42,2025,10,25,8,5,1,0,0,0,0.112,0.112
321,375,54,2025,10,25,10,5,1,0,0,0,0.144,0.144
290,375,85,2025,10,25,11,5,1,0,0,0,0.22666666666666666,0.22666666666666666
277,375,98,2025,10,25,12,5,1,0,0,0,0.2613333333333333,0.2613333333333333
250,375,125,2025,10,25,13,5,1,0,0,0,0.3333333333333333,0.3333333333333333
243,375,132,2025,10,25,13,5,1,0,0,0,0.352,0.352
225,375,150,2025,10,25,14,5,1,0,0,0,0.4,0.4
215,375,160,2025,10,25,14,5,1,0,0,0,0.4266666666666667,0.4266666666666667
191,375,184,2025,10,25,15,5,1,0,0,0,0.49066666666666664,0.49066666666666664
184,375,191,2025,10,25,15,5,1,0,0,0,0.5093333333333333,0.5093333333333333
181,375,194,2025,10,25,16,5,1,0,0,0,0.5173333333333333,0.5173333333333333
171,375,204,2025,10,25,16,5,1,0,0,0,0.544,0.544
158,375,217,2025,10,25,17,5,1,0,0,0,0.5786666666666667,0.5786666666666667
158,375,217,2025,10,25,17,5,1,0,0,0,0.5786666666666667,0.5786666666666667
151,375,224,2025,10,25,18,5,1,0,0,0,0.5973333333333334,0.5973333333333334
158,375,217,2025,10,25,18,5,1,0,0,0,0.5786666666666667,0.5786666666666667
165,375,210,2025,10,25,19,5,1,0,0,0,0.56,0.56
164,375,211,2025,10,25,19,5,1,0,0,0,0.5626666666666666,0.5626666666666666
165,375,210,2025,10,25,20,5,1,0,0,0,0.56,0.56
159,375,216,2025,10,25,20,5,1,0,0,0,0.576,0.576
163,375,212,2025,10,25,21,5,1,0,0,0,0.5653333333333334,0.5653333333333334
197,375,178,2025,10,25,22,5,1,0,0,0,0.4746666666666667,0.4746666666666667
200,375,175,2025,10,25,22,5,1,0,0,0,0.4666666666666667,0.4666666666666667
211,375,164,2025,10,25,23,5,1,0,0,0,0.43733333333333335,0.43733333333333335
226,375,149,2025,10,25,23,5,1,0,0,0,0.3973333333333333,0.3973333333333333
368,375,7,2025,10,26,6,6,1,0,0,0,0.018666666666666668,0.018666666666666668
371,375,4,2025,10,26,6,6,1,0,0,0,0.010666666666666666,0.010666666666666666
369,375,6,2025,10,26,7,6,1,0,0,0,0.016,0.016
370,375,5,2025,10,26,7,6,1,0,0,0,0.013333333333333334,0.013333333333333334
366,375,9,2025,10,26,8,6,1,0,0,0,0.024,0.024
361,375,14,2025,10,26,8,6,1,0,0,0,0.037333333333333336,0.037333333333333336
323,375,52,2025,10,26,10,6,1,0,0,0,0.13866666666666666,0.13866666666666666
270,375,105,2025,10,26,11,6,1,0,0,0,0.28,0.28
250,375,125,2025,10,26,12,6,1,0,0,0,0.3333333333333333,0.3333333333333333
222,375,153,2025,10,26,13,6,1,0,0,0,0.408,0.408
196,375,179,2025,10,26,13,6,1,0,0,0,0.47733333333333333,0.47733333333333333
174,375,201,2025,10,26,14,6,1,0,0,0,0.536,0.536
149,375,226,2025,10,26,14,6,1,0,0,0,0.6026666666666667,0.6026666666666667
127,375,248,2025,10,26,15,6,1,0,0,0,0.6613333333333333,0.6613333333333333
121,375,254,2025,10,26,15,6,1,0,0,0,0.6773333333333333,0.6773333333333333
108,375,267,2025,10,26,16,6,1,0,0,0,0.712,0.712
103,375,272,2025,10,26,16,6,1,0,0,0,0.7253333333333334,0.7253333333333334
101,375,274,2025,10,26,17,6,1,0,0,0,0.7306666666666667,0.7306666666666667
106,375,269,2025,10,26,17,6,1,0,0,0,0.7173333333333334,0.7173333333333334
105,375,270,2025,10,26,18,6,1,0,0,0,0.72,0.72
105,375,270,2025,10,26,18,6,1,0,0,0,0.72,0.72
111,375,264,2025,10,26,19,6,1,0,0,0,0.704,0.704
107,375,268,2025,10,26,19,6,1,0,0,0,0.7146666666666667,0.7146666666666667
104,375,271,2025,10,26,20,6,1,0,0,0,0.7226666666666667,0.7226666666666667
103,375,272,2025,10,26,20,6,1,0,0,0,0.7253333333333334,0.7253333333333334
120,375,255,2025,10,26,21,6,1,0,0,0,0.68,0.68
135,375,240,2025,10,26,22,6,1,0,0,0,0.64,0.64
145,375,230,2025,10,26,22,6,1,0,0,0,0.6133333333333333,0.6133333333333333
168,375,207,2025,10,26,23,6,1,0,0,0,0.552,0.552
179,375,196,2025,10,26,23,6,1,0,0,0,0.5226666666666666,0.5226666666666666
332,375,43,2025,10,27,6,0,1,0,0,0,0.11466666666666667,0.11466666666666667
330,375,45,2025,10,27,6,0,1,0,0,0,0.12,0.12
327,375,48,2025,10,27,7,0,1,0,0,0,0.128,0.128
322,375,53,2025,10,27,7,0,1,0,0,0,0.14133333333333334,0.14133333333333334
313,375,62,2025,10,27,8,0,1,0,0,0,0.16533333333333333,0.16533333333333333
298,375,77,2025,10,27,8,0,1,0,0,0,0.20533333333333334,0.20533333333333334
238,375,137,2025,10,27,10,0,1,0,0,0,0.36533333333333334,0.36533333333333334
180,375,195,2025,10,27,12,0,1,0,0,0,0.52,0.52
161,375,214,2025,10,27,13,0,1,0,0,0,0.5706666666666667,0.5706666666666667
131,375,244,2025,10,27,13,0,1,0,0,0,0.6506666666666666,0.6506666666666666
123,375,252,2025,10,27,14,0,1,0,0,0,0.672,0.672
119,375,256,2025,10,27,14,0,1,0,0,0,0.6826666666666666,0.6826666666666666
97,375,278,2025,10,27,15,0,1,0,0,0,0.7413333333333333,0.7413333333333333
94,375,281,2025,10,27,16,0,1,0,0,0,0.7493333333333333,0.7493333333333333
71,375,304,2025,10,27,16,0,1,0,0,0,0.8106666666666666,0.8106666666666666
58,375,317,2025,10,27,17,0,1,0,0,0,0.8453333333333334,0.8453333333333334
64,375,311,2025,10,27,17,0,1,0,0,0,0.8293333333333334,0.8293333333333334
59,375,316,2025,10,27,18,0,1,0,0,0,0.8426666666666667,0.8426666666666667
65,375,310,2025,10,27,18,0,1,0,0,0,0.8266666666666667,0.8266666666666667
63,375,312,2025,10,27,19,0,1,0,0,0,0.832,0.832
70,375,305,2025,10,27,19,0,1,0,0,0,0.8133333333333334,0.8133333333333334
66,375,309,2025,10,27,20,0,1,0,0,0,0.824,0.824
69,375,306,2025,10,27,20,0,1,0,0,0,0.816,0.816
87,375,288,2025,10,27,21,0,1,0,0,0,0.768,0.768
107,375,268,2025,10,27,22,0,1,0,0,0,0.7146666666666667,0.7146666666666667
149,375,226,2025,10,27,23,0,1,0,0,0,0.6026666666666667,0.6026666666666667
169,375,206,2025,10,27,23,0,1,0,0,0,0.5493333333333333,0.5493333333333333
366,375,9,2025,10,28,6,1,1,0,0,0,0.024,0.024
361,375,14,2025,10,28,6,1,1,0,0,0,0.037333333333333336,0.037333333333333336
351,375,24,2025,10,28,7,1,1,0,0,0,0.064,0.064
343,375,32,2025,10,28,7,1,1,0,0,0,0.08533333333333333,0.08533333333333333
330,375,45,2025,10,28,8,1,1,0,0,0,0.12,0.12
315,375,60,2025,10,28,8,1,1,0,0,0,0.16,0.16
247,375,128,2025,10,28,10,1,1,0,0,0,0.3413333333333333,0.3413333333333333
192,375,183,2025,10,28,11,1,1,0,0,0,0.488,0.488
175,375,200,2025,10,28,12,1,1,0,0,0,0.5333333333333333,0.5333333333333333
163,375,212,2025,10,28,13,1,1,0,0,0,0.5653333333333334,0.5653333333333334
151,375,224,2025,10,28,13,1,1,0,0,0,0.5973333333333334,0.5973333333333334
130,375,245,2025,10,28,14,1,1,0,0,0,0.6533333333333333,0.6533333333333333
128,375,247,2025,10,28,14,1,1,0,0,0,0.6586666666666666,0.6586666666666666
111,375,264,2025,10,28,15,1,1,0,0,0,0.704,0.704
109,375,266,2025,10,28,15,1,1,0,0,0,0.7093333333333334,0.7093333333333334
113,375,262,2025,10,28,16,1,1,0,0,0,0.6986666666666667,0.6986666666666667
86,375,289,2025,10,28,16,1,1,0,0,0,0.7706666666666667,0.7706666666666667
78,375,297,2025,10,28,17,1,1,0,0,0,0.792,0.792
74,375,301,2025,10,28,17,1,1,0,0,0,0.8026666666666666,0.8026666666666666
58,375,317,2025,10,28,18,1,1,0,0,0,0.8453333333333334,0.8453333333333334
47,375,328,2025,10,28,18,1,1,0,0,0,0.8746666666666667,0.8746666666666667
53,375,322,2025,10,28,19,1,1,0,0,0,0.8586666666666667,0.8586666666666667
54,375,321,2025,10,28,19,1,1,0,0,0,0.856,0.856
55,375,320,2025,10,28,20,1,1,0,0,0,0.8533333333333334,0.8533333333333334
63,375,312,2025,10,28,20,1,1,0,0,0,0.832,0.832
75,375,300,2025,10,28,21,1,1,0,0,0,0.8,0.8
104,375,271,2025,10,28,22,1,1,0,0,0,0.7226666666666667,0.7226666666666667
115,375,260,2025,10,28,22,1,1,0,0,0,0.6933333333333334,0.6933333333333334
139,375,236,2025,10,28,23,1,1,0,0,0,0.6293333333333333,0.6293333333333333
162,375,213,2025,10,28,23,1,1,0,0,0,0.568,0.568
364,375,11,2025,10,29,6,2,1,0,0,0,0.029333333333333333,0.029333333333333333
359,375,16,2025,10,29,6,2,1,0,0,0,0.042666666666666665,0.042666666666666665
351,375,24,2025,10,29,7,2,1,0,0,0,0.064,0.064
347,375,28,2025,10,29,7,2,1,0,0,0,0.07466666666666667,0.07466666666666667
331,375,44,2025,10,29,8,2,1,0,0,0,0.11733333333333333,0.11733333333333333
313,375,62,2025,10,29,8,2,1,0,0,0,0.16533333333333333,0.16533333333333333
286,375,89,2025,10,29,9,2,1,0,0,0,0.23733333333333334,0.23733333333333334
269,375,106,2025,10,29,10,2,1,0,0,0,0.2826666666666667,0.2826666666666667
246,375,129,2025,10,29,10,2,1,0,0,0,0.344,0.344
206,375,169,2025,10,29,12,2,1,0,0,0,0.45066666666666666,0.45066666666666666
178,375,197,2025,10,29,12,2,1,0,0,0,0.5253333333333333,0.5253333333333333
163,375,212,2025,10,29,13,2,1,0,0,0,0.5653333333333334,0.5653333333333334
157,375,218,2025,10,29,14,2,1,0,0,0,0.5813333333333334,0.5813333333333334
156,375,219,2025,10,29,14,2,1,0,0,0,0.584,0.584
148,375,227,2025,10,29,15,2,1,0,0,0,0.6053333333333333,0.6053333333333333
150,375,225,2025,10,29,15,2,1,0,0,0,0.6,0.6
149,375,226,2025,10,29,16,2,1,0,0,0,0.6026666666666667,0.6026666666666667
144,375,231,2025,10,29,16,2,1,0,0,0,0.616,0.616
144,375,231,2025,10,29,17,2,1,0,0,0,0.616,0.616
142,375,233,2025,10,29,17,2,1,0,0,0,0.6213333333333333,0.6213333333333333
132,375,243,2025,10,29,18,2,1,0,0,0,0.648,0.648
130,375,245,2025,10,29,18,2,1,0,0,0,0.6533333333333333,0.6533333333333333
129,375,246,2025,10,29,19,2,1,0,0,0,0.656,0.656
131,375,244,2025,10,29,19,2,1,0,0,0,0.6506666666666666,0.6506666666666666
123,375,252,2025,10,29,20,2,1,0,0,0,0.672,0.672
121,375,254,2025,10,29,20,2,1,0,0,0,0.6773333333333333,0.6773333333333333
119,375,256,2025,10,29,21,2,1,0,0,0,0.6826666666666666,0.6826666666666666
162,375,213,2025,10,29,22,2,1,0,0,0,0.568,0.568
198,375,177,2025,10,29,23,2,1,0,0,0,0.472,0.472
210,375,165,2025,10,29,23,2,1,0,0,0,0.44,0.44
375,375,0,2025,10,30,0,3,1,0,0,0,0.0,0.0
375,375,0,2025,10,30,0,3,1,0,0,0,0.0,0.0
372,375,3,2025,10,30,6,3,1,0,0,0,0.008,0.008
369,375,6,2025,10,30,6,3,1,0,0,0,0.016,0.016
362,375,13,2025,10,30,7,3,1,0,0,0,0.034666666666666665,0.034666666666666665
359,375,16,2025,10,30,7,3,1,0,0,0,0.042666666666666665,0.042666666666666665
346,375,29,2025,10,30,8,3,1,0,0,0,0.07733333333333334,0.07733333333333334
334,375,41,2025,10,30,8,3,1,0,0,0,0.10933333333333334,0.10933333333333334
317,375,58,2025,10,30,9,3,1,0,0,0,0.15466666666666667,0.15466666666666667
290,375,85,2025,10,30,10,3,1,0,0,0,0.22666666666666666,0.22666666666666666
288,375,87,2025,10,30,10,3,1,0,0,0,0.232,0.232
259,375,116,2025,10,30,11,3,1,0,0,0,0.30933333333333335,0.30933333333333335
251,375,124,2025,10,30,11,3,1,0,0,0,0.33066666666666666,0.33066666666666666
239,375,136,2025,10,30,12,3,1,0,0,0,0.3626666666666667,0.3626666666666667
229,375,146,2025,10,30,13,3,1,0,0,0,0.3893333333333333,0.3893333333333333
217,375,158,2025,10,30,13,3,1,0,0,0,0.42133333333333334,0.42133333333333334
215,375,160,2025,10,30,14,3,1,0,0,0,0.4266666666666667,0.4266666666666667
201,375,174,2025,10,30,14,3,1,0,0,0,0.464,0.464
177,375,198,2025,10,30,15,3,1,0,0,0,0.528,0.528
183,375,192,2025,10,30,15,3,1,0,0,0,0.512,0.512
179,375,196,2025,10,30,16,3,1,0,0,0,0.5226666666666666,0.5226666666666666
171,375,204,2025,10,30,16,3,1,0,0,0,0.544,0.544
164,375,211,2025,10,30,17,3,1,0,0,0,0.5626666666666666,0.5626666666666666
171,375,204,2025,10,30,17,3,1,0,0,0,0.544,0.544
165,375,210,2025,10,30,18,3,1,0,0,0,0.56,0.56
168,375,207,2025,10,30,18,3,1,0,0,0,0.552,0.552
176,375,199,2025,10,30,19,3,1,0,0,0,0.5306666666666666,0.5306666666666666
185,375,190,2025,10,30,19,3,1,0,0,0,0.5066666666666667,0.5066666666666667
182,375,193,2025,10,30,20,3,1,0,0,0,0.5146666666666667,0.5146666666666667
187,375,188,2025,10,30,20,3,1,0,0,0,0.5013333333333333,0.5013333333333333
203,375,172,2025,10,30,21,3,1,0,0,0,0.45866666666666667,0.45866666666666667
230,375,145,2025,10,30,22,3,1,0,0,0,0.38666666666666666,0.38666666666666666
242,375,133,2025,10,30,22,3,1,0,0,0,0.3546666666666667,0.3546666666666667
256,375,119,2025,10,30,23,3,1,0,0,0,0.31733333333333336,0.31733333333333336
260,375,115,2025,10,30,23,3,1,0,0,0,0.30666666666666664,0.30666666666666664
375,375,0,2025,10,31,0,4,1,0,0,0,0.0,0.0
375,375,0,2025,10,31,0,4,1,0,0,0,0.0,0.0
375,375,0,2025,10,31,6,4,1,0,0,0,0.0,0.0
374,375,1,2025,10,31,6,4,1,0,0,0,0.0026666666666666666,0.0026666666666666666
372,375,3,2025,10,31,7,4,1,0,0,0,0.008,0.008
371,375,4,2025,10,31,7,4,1,0,0,0,0.010666666666666666,0.010666666666666666
366,375,9,2025,10,31,8,4,1,0,0,0,0.024,0.024
360,375,15,2025,10,31,8,4,1,0,0,0,0.04,0.04
344,375,31,2025,10,31,10,4,1,0,0,0,0.08266666666666667,0.08266666666666667
325,375,50,2025,10,31,11,4,1,0,0,0,0.13333333333333333,0.13333333333333333
313,375,62,2025,10,31,12,4,1,0,0,0,0.16533333333333333,0.16533333333333333
311,375,64,2025,10,31,13,4,1,0,0,0,0.17066666666666666,0.17066666666666666
302,375,73,2025,10,31,13,4,1,0,0,0,0.19466666666666665,0.19466666666666665
297,375,78,2025,10,31,14,4,1,0,0,0,0.208,0.208
295,375,80,2025,10,31,14,4,1,0,0,0,0.21333333333333335,0.21333333333333335
284,375,91,2025,10,31,15,4,1,0,0,0,0.24266666666666667,0.24266666666666667
281,375,94,2025,10,31,15,4,1,0,0,0,0.25066666666666665,0.25066666666666665
276,375,99,2025,10,31,16,4,1,0,0,0,0.264,0.264
281,375,94,2025,10,31,16,4,1,0,0,0,0.25066666666666665,0.25066666666666665
270,375,105,2025,10,31,17,4,1,0,0,0,0.28,0.28
267,375,108,2025,10,31,17,4,1,0,0,0,0.288,0.288
263,375,112,2025,10,31,18,4,1,0,0,0,0.2986666666666667,0.2986666666666667
267,375,108,2025,10,31,18,4,1,0,0,0,0.288,0.288
262,375,113,2025,10,31,19,4,1,0,0,0,0.30133333333333334,0.30133333333333334
266,375,109,2025,10,31,19,4,1,0,0,0,0.2906666666666667,0.2906666666666667
271,375,104,2025,10,31,20,4,1,0,0,0,0.2773333333333333,0.2773333333333333
268,375,107,2025,10,31,20,4,1,0,0,0,0.2853333333333333,0.2853333333333333
271,375,104,2025,10,31,21,4,1,0,0,0,0.2773333333333333,0.2773333333333333
285,375,90,2025,10,31,22,4,1,0,0,0,0.24,0.24
288,375,87,2025,10,31,22,4,1,0,0,0,0.232,0.232
307,375,68,2025,10,31,23,4,1,0,0,0,0.18133333333333335,0.18133333333333335
315,375,60,2025,10,31,23,4,1,0,0,0,0.16,0.16
375,375,0,2025,11,1,0,5,1,0,0,0,0.0,0.0
375,375,0,2025,11,1,0,5,1,0,0,0,0.0,0.0
375,375,0,2025,11,1,6,5,1,0,0,0,0.0,0.0
375,375,0,2025,11,1,6,5,1,0,0,0,0.0,0.0
374,375,1,2025,11,1,7,5,1,0,0,0,0.0026666666666666666,0.0026666666666666666
374,375,1,2025,11,1,7,5,1,0,0,0,0.0026666666666666666,0.0026666666666666666
371,375,4,2025,11,1,8,5,1,0,0,0,0.010666666666666666,0.010666666666666666
369,375,6,2025,11,1,8,5,1,0,0,0,0.016,0.016
364,375,11,2025,11,1,9,5,1,0,0,0,0.029333333333333333,0.029333333333333333
358,375,17,2025,11,1,10,5,1,0,0,0,0.04533333333333334,0.04533333333333334
341,375,34,2025,11,1,11,5,1,0,0,0,0.09066666666666667,0.09066666666666667
330,375,45,2025,11,1,12,5,1,0,0,0,0.12,0.12
313,375,62,2025,11,1,13,5,1,0,0,0,0.16533333333333333,0.16533333333333333
304,375,71,2025,11,1,13,5,1,0,0,0,0.18933333333333333,0.18933333333333333
288,375,87,2025,11,1,14,5,1,0,0,0,0.232,0.232
285,375,90,2025,11,1,14,5,1,0,0,0,0.24,0.24
272,375,103,2025,11,1,15,5,1,0,0,0,0.27466666666666667,0.27466666666666667
269,375,106,2025,11,1,15,5,1,0,0,0,0.2826666666666667,0.2826666666666667
259,375,116,2025,11,1,16,5,1,0,0,0,0.30933333333333335,0.30933333333333335
253,375,122,2025,11,1,16,5,1,0,0,0,0.3253333333333333,0.3253333333333333
239,375,136,2025,11,1,17,5,1,0,0,0,0.3626666666666667,0.3626666666666667
241,375,134,2025,11,1,17,5,1,0,0,0,0.35733333333333334,0.35733333333333334
244,375,131,2025,11,1,18,5,1,0,0,0,0.34933333333333333,0.34933333333333333
244,375,131,2025,11,1,18,5,1,0,0,0,0.34933333333333333,0.34933333333333333
248,375,127,2025,11,1,19,5,1,0,0,0,0.33866666666666667,0.33866666666666667
257,375,118,2025,11,1,19,5,1,0,0,0,0.31466666666666665,0.31466666666666665
259,375,116,2025,11,1,20,5,1,0,0,0,0.30933333333333335,0.30933333333333335
261,375,114,2025,11,1,20,5,1,0,0,0,0.304,0.304
268,375,107,2025,11,1,21,5,1,0,0,0,0.2853333333333333,0.2853333333333333
266,375,109,2025,11,1,21,5,1,0,0,0,0.2906666666666667,0.2906666666666667
274,375,101,2025,11,1,22,5,1,0,0,0,0.2693333333333333,0.2693333333333333
282,375,93,2025,11,1,22,5,1,0,0,0,0.248,0.248
298,375,77,2025,11,1,23,5,1,0,0,0,0.20533333333333334,0.20533333333333334
308,375,67,2025,11,1,23,5,1,0,0,0,0.17866666666666667,0.17866666666666667
375,375,0,2025,11,2,0,6,1,0,0,0,0.0,0.0
375,375,0,2025,11,2,0,6,1,0,0,0,0.0,0.0
375,375,0,2025,11,2,6,6,1,0,0,0,0.0,0.0
375,375,0,2025,11,2,6,6,1,0,0,0,0.0,0.0
375,375,0,2025,11,2,7,6,1,0,0,0,0.0,0.0
375,375,0,2025,11,2,7,6,1,0,0,0,0.0,0.0
375,375,0,2025,11,2,8,6,1,0,0,0,0.0,0.0
374,375,1,2025,11,2,8,6,1,0,0,0,0.0026666666666666666,0.0026666666666666666
370,375,5,2025,11,2,9,6,1,0,0,0,0.013333333333333334,0.013333333333333334
361,375,14,2025,11,2,10,6,1,0,0,0,0.037333333333333336,0.037333333333333336
354,375,21,2025,11,2,10,6,1,0,0,0,0.056,0.056
349,375,26,2025,11,2,11,6,1,0,0,0,0.06933333333333333,0.06933333333333333
348,375,27,2025,11,2,11,6,1,0,0,0,0.072,0.072
330,375,45,2025,11,2,12,6,1,0,0,0,0.12,0.12
321,375,54,2025,11,2,13,6,1,0,0,0,0.144,0.144
310,375,65,2025,11,2,13,6,1,0,0,0,0.17333333333333334,0.17333333333333334
294,375,81,2025,11,2,14,6,1,0,0,0,0.216,0.216
280,375,95,2025,11,2,14,6,1,0,0,0,0.25333333333333335,0.25333333333333335
271,375,104,2025,11,2,15,6,1,0,0,0,0.2773333333333333,0.2773333333333333
261,375,114,2025,11,2,15,6,1,0,0,0,0.304,0.304
257,375,118,2025,11,2,16,6,1,0,0,0,0.31466666666666665,0.31466666666666665
248,375,127,2025,11,2,16,6,1,0,0,0,0.33866666666666667,0.33866666666666667
248,375,127,2025,11,2,17,6,1,0,0,0,0.33866666666666667,0.33866666666666667
250,375,125,2025,11,2,17,6,1,0,0,0,0.3333333333333333,0.3333333333333333
251,375,124,2025,11,2,18,6,1,0,0,0,0.33066666666666666,0.33066666666666666
241,375,134,2025,11,2,18,6,1,0,0,0,0.35733333333333334,0.35733333333333334
241,375,134,2025,11,2,19,6,1,0,0,0,0.35733333333333334,0.35733333333333334
241,375,134,2025,11,2,19,6,1,0,0,0,0.35733333333333334,0.35733333333333334
238,375,137,2025,11,2,20,6,1,0,0,0,0.36533333333333334,0.36533333333333334
244,375,131,2025,11,2,20,6,1,0,0,0,0.34933333333333333,0.34933333333333333
249,375,126,2025,11,2,21,6,1,0,0,0,0.336,0.336
262,375,113,2025,11,2,22,6,1,0,0,0,0.30133333333333334,0.30133333333333334
272,375,103,2025,11,2,22,6,1,0,0,0,0.27466666666666667,0.27466666666666667
288,375,87,2025,11,2,23,6,1,0,0,0,0.232,0.232
295,375,80,2025,11,2,23,6,1,0,0,0,0.21333333333333335,0.21333333333333335
375,375,0,2025,11,3,0,0,1,0,0,0,0.0,0.0
375,375,0,2025,11,3,0,0,1,0,0,0,0.0,0.0
375,375,0,2025,11,3,6,0,1,0,0,0,0.0,0.0
375,375,0,2025,11,3,6,0,1,0,0,0,0.0,0.0
372,375,3,2025,11,3,7,0,1,0,0,0,0.008,0.008
367,375,8,2025,11,3,7,0,1,0,0,0,0.021333333333333333,0.021333333333333333
360,375,15,2025,11,3,8,0,1,0,0,0,0.04,0.04
347,375,28,2025,11,3,8,0,1,0,0,0,0.07466666666666667,0.07466666666666667
321,375,54,2025,11,3,10,0,1,0,0,0,0.144,0.144
267,375,108,2025,11,3,12,0,1,0,0,0,0.288,0.288
235,375,140,2025,11,3,13,0,1,0,0,0,0.37333333333333335,0.37333333333333335
210,375,165,2025,11,3,13,0,1,0,0,0,0.44,0.44
208,375,167,2025,11,3,14,0,1,0,0,0,0.44533333333333336,0.44533333333333336
201,375,174,2025,11,3,14,0,1,0,0,0,0.464,0.464
172,375,203,2025,11,3,15,0,1,0,0,0,0.5413333333333333,0.5413333333333333
159,375,216,2025,11,3,15,0,1,0,0,0,0.576,0.576
161,375,214,2025,11,3,16,0,1,0,0,0,0.5706666666666667,0.5706666666666667
154,375,221,2025,11,3,16,0,1,0,0,0,0.5893333333333334,0.5893333333333334
147,375,228,2025,11,3,17,0,1,0,0,0,0.608,0.608
149,375,226,2025,11,3,17,0,1,0,0,0,0.6026666666666667,0.6026666666666667
133,375,242,2025,11,3,18,0,1,0,0,0,0.6453333333333333,0.6453333333333333
131,375,244,2025,11,3,18,0,1,0,0,0,0.6506666666666666,0.6506666666666666
132,375,243,2025,11,3,19,0,1,0,0,0,0.648,0.648
129,375,246,2025,11,3,19,0,1,0,0,0,0.656,0.656
129,375,246,2025,11,3,20,0,1,0,0,0,0.656,0.656
118,375,257,2025,11,3,20,0,1,0,0,0,0.6853333333333333,0.6853333333333333
139,375,236,2025,11,3,21,0,1,0,0,0,0.6293333333333333,0.6293333333333333
172,375,203,2025,11,3,22,0,1,0,0,0,0.5413333333333333,0.5413333333333333
183,375,192,2025,11,3,22,0,1,0,0,0,0.512,0.512
208,375,167,2025,11,3,23,0,1,0,0,0,0.44533333333333336,0.44533333333333336
229,375,146,2025,11,3,23,0,1,0,0,0,0.3893333333333333,0.3893333333333333
375,375,0,2025,11,4,0,1,1,0,0,0,0.0,0.0
375,375,0,2025,11,4,0,1,1,0,0,0,0.0,0.0
375,375,0,2025,11,4,6,1,1,0,0,0,0.0,0.0
375,375,0,2025,11,4,6,1,1,0,0,0,0.0,0.0
371,375,4,2025,11,4,7,1,1,0,0,0,0.010666666666666666,0.010666666666666666
367,375,8,2025,11,4,7,1,1,0,0,0,0.021333333333333333,0.021333333333333333
352,375,23,2025,11,4,8,1,1,0,0,0,0.06133333333333333,0.06133333333333333
336,375,39,2025,11,4,8,1,1,0,0,0,0.104,0.104
318,375,57,2025,11,4,9,1,1,0,0,0,0.152,0.152
301,375,74,2025,11,4,10,1,1,0,0,0,0.19733333333333333,0.19733333333333333
260,375,115,2025,11,4,11,1,1,0,0,0,0.30666666666666664,0.30666666666666664
257,375,118,2025,11,4,11,1,1,0,0,0,0.31466666666666665,0.31466666666666665
228,375,147,2025,11,4,12,1,1,0,0,0,0.392,0.392
217,375,158,2025,11,4,13,1,1,0,0,0,0.42133333333333334,0.42133333333333334
210,375,165,2025,11,4,13,1,1,0,0,0,0.44,0.44
199,375,176,2025,11,4,14,1,1,0,0,0,0.4693333333333333,0.4693333333333333
200,375,175,2025,11,4,14,1,1,0,0,0,0.4666666666666667,0.4666666666666667
179,375,196,2025,11,4,15,1,1,0,0,0,0.5226666666666666,0.5226666666666666
162,375,213,2025,11,4,15,1,1,0,0,0,0.568,0.568
167,375,208,2025,11,4,16,1,1,0,0,0,0.5546666666666666,0.5546666666666666
154,375,221,2025,11,4,16,1,1,0,0,0,0.5893333333333334,0.5893333333333334
152,375,223,2025,11,4,17,1,1,0,0,0,0.5946666666666667,0.5946666666666667
150,375,225,2025,11,4,17,1,1,0,0,0,0.6,0.6
151,375,224,2025,11,4,18,1,1,0,0,0,0.5973333333333334,0.5973333333333334
146,375,229,2025,11,4,18,1,1,0,0,0,0.6106666666666667,0.6106666666666667
144,375,231,2025,11,4,19,1,1,0,0,0,0.616,0.616
136,375,239,2025,11,4,19,1,1,0,0,0,0.6373333333333333,0.6373333333333333
128,375,247,2025,11,4,20,1,1,0,0,0,0.6586666666666666,0.6586666666666666
127,375,248,2025,11,4,20,1,1,0,0,0,0.6613333333333333,0.6613333333333333
152,375,223,2025,11,4,21,1,1,0,0,0,0.5946666666666667,0.5946666666666667
162,375,213,2025,11,4,21,1,1,0,0,0,0.568,0.568
191,375,184,2025,11,4,22,1,1,0,0,0,0.49066666666666664,0.49066666666666664
224,375,151,2025,11,4,23,1,1,0,0,0,0.4026666666666667,0.4026666666666667
246,375,129,2025,11,4,23,1,1,0,0,0,0.344,0.344
375,375,0,2025,11,5,0,2,1,0,0,0,0.0,0.0
375,375,0,2025,11,5,0,2,1,0,0,0,0.0,0.0
375,375,0,2025,11,5,6,2,1,0,0,0,0.0,0.0
373,375,2,2025,11,5,6,2,1,0,0,0,0.005333333333333333,0.005333333333333333
374,375,1,2025,11,5,7,2,1,0,0,0,0.0026666666666666666,0.0026666666666666666
372,375,3,2025,11,5,7,2,1,0,0,0,0.008,0.008
361,375,14,2025,11,5,8,2,1,0,0,0,0.037333333333333336,0.037333333333333336
354,375,21,2025,11,5,8,2,1,0,0,0,0.056,0.056
339,375,36,2025,11,5,9,2,1,0,0,0,0.096,0.096
318,375,57,2025,11,5,10,2,1,0,0,0,0.152,0.152
268,375,107,2025,11,5,11,2,1,0,0,0,0.2853333333333333,0.2853333333333333
242,375,133,2025,11,5,12,2,1,0,0,0,0.3546666666666667,0.3546666666666667
228,375,147,2025,11,5,13,2,1,0,0,0,0.392,0.392
212,375,163,2025,11,5,13,2,1,0,0,0,0.43466666666666665,0.43466666666666665
193,375,182,2025,11,5,14,2,1,0,0,0,0.48533333333333334,0.48533333333333334
184,375,191,2025,11,5,14,2,1,0,0,0,0.5093333333333333,0.5093333333333333
155,375,220,2025,11,5,15,2,1,0,0,0,0.5866666666666667,0.5866666666666667
149,375,226,2025,11,5,15,2,1,0,0,0,0.6026666666666667,0.6026666666666667
149,375,226,2025,11,5,16,2,1,0,0,0,0.6026666666666667,0.6026666666666667
148,375,227,2025,11,5,16,2,1,0,0,0,0.6053333333333333,0.6053333333333333
149,375,226,2025,11,5,17,2,1,0,0,0,0.6026666666666667,0.6026666666666667
148,375,227,2025,11,5,17,2,1,0,0,0,0.6053333333333333,0.6053333333333333
143,375,232,2025,11,5,18,2,1,0,0,0,0.6186666666666667,0.6186666666666667
136,375,239,2025,11,5,18,2,1,0,0,0,0.6373333333333333,0.6373333333333333
128,375,247,2025,11,5,19,2,1,0,0,0,0.6586666666666666,0.6586666666666666
132,375,243,2025,11,5,19,2,1,0,0,0,0.648,0.648
130,375,245,2025,11,5,20,2,1,0,0,0,0.6533333333333333,0.6533333333333333
130,375,245,2025,11,5,20,2,1,0,0,0,0.6533333333333333,0.6533333333333333
145,375,230,2025,11,5,21,2,1,0,0,0,0.6133333333333333,0.6133333333333333
172,375,203,2025,11,5,22,2,1,0,0,0,0.5413333333333333,0.5413333333333333
205,375,170,2025,11,5,23,2,1,0,0,0,0.4533333333333333,0.4533333333333333
237,375,138,2025,11,5,23,2,1,0,0,0,0.368,0.368
375,375,0,2025,11,6,0,3,1,0,0,0,0.0,0.0
375,375,0,2025,11,6,0,3,1,0,0,0,0.0,0.0
375,375,0,2025,11,6,6,3,1,0,0,0,0.0,0.0
375,375,0,2025,11,6,6,3,1,0,0,0,0.0,0.0
372,375,3,2025,11,6,7,3,1,0,0,0,0.008,0.008
371,375,4,2025,11,6,7,3,1,0,0,0,0.010666666666666666,0.010666666666666666
358,375,17,2025,11,6,8,3,1,0,0,0,0.04533333333333334,0.04533333333333334
349,375,26,2025,11,6,8,3,1,0,0,0,0.06933333333333333,0.06933333333333333
338,375,37,2025,11,6,9,3,1,0,0,0,0.09866666666666667,0.09866666666666667
328,375,47,2025,11,6,9,3,1,0,0,0,0.12533333333333332,0.12533333333333332
312,375,63,2025,11,6,10,3,1,0,0,0,0.168,0.168
310,375,65,2025,11,6,10,3,1,0,0,0,0.17333333333333334,0.17333333333333334
305,375,70,2025,11,6,10,3,1,0,0,0,0.18666666666666668,0.18666666666666668
269,375,106,2025,11,6,11,3,1,0,0,0,0.2826666666666667,0.2826666666666667
250,375,125,2025,11,6,12,3,1,0,0,0,0.3333333333333333,0.3333333333333333
231,375,144,2025,11,6,13,3,1,0,0,0,0.384,0.384
221,375,154,2025,11,6,13,3,1,0,0,0,0.4106666666666667,0.4106666666666667
212,375,163,2025,11,6,14,3,1,0,0,0,0.43466666666666665,0.43466666666666665
203,375,172,2025,11,6,14,3,1,0,0,0,0.45866666666666667,0.45866666666666667
177,375,198,2025,11,6,15,3,1,0,0,0,0.528,0.528
167,375,208,2025,11,6,15,3,1,0,0,0,0.5546666666666666,0.5546666666666666
170,375,205,2025,11,6,16,3,1,0,0,0,0.5466666666666666,0.5466666666666666
155,375,220,2025,11,6,16,3,1,0,0,0,0.5866666666666667,0.5866666666666667
155,375,220,2025,11,6,17,3,1,0,0,0,0.5866666666666667,0.5866666666666667
161,375,214,2025,11,6,17,3,1,0,0,0,0.5706666666666667,0.5706666666666667
166,375,209,2025,11,6,18,3,1,0,0,0,0.5573333333333333,0.5573333333333333
165,375,210,2025,11,6,18,3,1,0,0,0,0.56,0.56
174,375,201,2025,11,6,19,3,1,0,0,0,0.536,0.536
164,375,211,2025,11,6,19,3,1,0,0,0,0.5626666666666666,0.5626666666666666
154,375,221,2025,11,6,20,3,1,0,0,0,0.5893333333333334,0.5893333333333334
150,375,225,2025,11,6,20,3,1,0,0,0,0.6,0.6
171,375,204,2025,11,6,21,3,1,0,0,0,0.544,0.544
204,375,171,2025,11,6,22,3,1,0,0,0,0.456,0.456
220,375,155,2025,11,6,22,3,1,0,0,0,0.41333333333333333,0.41333333333333333
237,375,138,2025,11,6,23,3,1,0,0,0,0.368,0.368
255,375,120,2025,11,6,23,3,1,0,0,0,0.32,0.32
375,375,0,2025,11,7,0,4,1,0,0,0,0.0,0.0
375,375,0,2025,11,7,0,4,1,0,0,0,0.0,0.0
373,375,2,2025,11,7,6,4,1,0,0,0,0.005333333333333333,0.005333333333333333
371,375,4,2025,11,7,6,4,1,0,0,0,0.010666666666666666,0.010666666666666666
367,375,8,2025,11,7,7,4,1,0,0,0,0.021333333333333333,0.021333333333333333
366,375,9,2025,11,7,7,4,1,0,0,0,0.024,0.024
355,375,20,2025,11,7,8,4,1,0,0,0,0.05333333333333334,0.05333333333333334
348,375,27,2025,11,7,8,4,1,0,0,0,0.072,0.072
326,375,49,2025,11,7,10,4,1,0,0,0,0.13066666666666665,0.13066666666666665
298,375,77,2025,11,7,11,4,1,0,0,0,0.20533333333333334,0.20533333333333334
283,375,92,2025,11,7,12,4,1,0,0,0,0.24533333333333332,0.24533333333333332
266,375,109,2025,11,7,13,4,1,0,0,0,0.2906666666666667,0.2906666666666667
262,375,113,2025,11,7,13,4,1,0,0,0,0.30133333333333334,0.30133333333333334
253,375,122,2025,11,7,14,4,1,0,0,0,0.3253333333333333,0.3253333333333333
240,375,135,2025,11,7,14,4,1,0,0,0,0.36,0.36
233,375,142,2025,11,7,15,4,1,0,0,0,0.37866666666666665,0.37866666666666665
236,375,139,2025,11,7,15,4,1,0,0,0,0.37066666666666664,0.37066666666666664
230,375,145,2025,11,7,16,4,1,0,0,0,0.38666666666666666,0.38666666666666666
228,375,147,2025,11,7,16,4,1,0,0,0,0.392,0.392
227,375,148,2025,11,7,17,4,1,0,0,0,0.39466666666666667,0.39466666666666667
229,375,146,2025,11,7,17,4,1,0,0,0,0.3893333333333333,0.3893333333333333
229,375,146,2025,11,7,18,4,1,0,0,0,0.3893333333333333,0.3893333333333333
226,375,149,2025,11,7,18,4,1,0,0,0,0.3973333333333333,0.3973333333333333
221,375,154,2025,11,7,19,4,1,0,0,0,0.4106666666666667,0.4106666666666667
225,375,150,2025,11,7,19,4,1,0,0,0,0.4,0.4
232,375,143,2025,11,7,20,4,1,0,0,0,0.38133333333333336,0.38133333333333336
241,375,134,2025,11,7,20,4,1,0,0,0,0.35733333333333334,0.35733333333333334
267,375,108,2025,11,7,22,4,1,0,0,0,0.288,0.288
277,375,98,2025,11,7,22,4,1,0,0,0,0.2613333333333333,0.2613333333333333
293,375,82,2025,11,7,23,4,1,0,0,0,0.21866666666666668,0.21866666666666668
315,375,60,2025,11,7,23,4,1,0,0,0,0.16,0.16
375,375,0,2025,11,8,0,5,1,0,0,0,0.0,0.0
375,375,0,2025,11,8,0,5,1,0,0,0,0.0,0.0
375,375,0,2025,11,8,6,5,1,0,0,0,0.0,0.0
375,375,0,2025,11,8,6,5,1,0,0,0,0.0,0.0
375,375,0,2025,11,8,7,5,1,0,0,0,0.0,0.0
375,375,0,2025,11,8,7,5,1,0,0,0,0.0,0.0
370,375,5,2025,11,8,8,5,1,0,0,0,0.013333333333333334,0.013333333333333334
370,375,5,2025,11,8,8,5,1,0,0,0,0.013333333333333334,0.013333333333333334
362,375,13,2025,11,8,9,5,1,0,0,0,0.034666666666666665,0.034666666666666665
360,375,15,2025,11,8,10,5,1,0,0,0,0.04,0.04
338,375,37,2025,11,8,11,5,1,0,0,0,0.09866666666666667,0.09866666666666667
334,375,41,2025,11,8,12,5,1,0,0,0,0.10933333333333334,0.10933333333333334
316,375,59,2025,11,8,13,5,1,0,0,0,0.15733333333333333,0.15733333333333333
305,375,70,2025,11,8,13,5,1,0,0,0,0.18666666666666668,0.18666666666666668
293,375,82,2025,11,8,14,5,1,0,0,0,0.21866666666666668,0.21866666666666668
287,375,88,2025,11,8,14,5,1,0,0,0,0.23466666666666666,0.23466666666666666
274,375,101,2025,11,8,15,5,1,0,0,0,0.2693333333333333,0.2693333333333333
269,375,106,2025,11,8,15,5,1,0,0,0,0.2826666666666667,0.2826666666666667
259,375,116,2025,11,8,16,5,1,0,0,0,0.30933333333333335,0.30933333333333335
250,375,125,2025,11,8,16,5,1,0,0,0,0.3333333333333333,0.3333333333333333
232,375,143,2025,11,8,17,5,1,0,0,0,0.38133333333333336,0.38133333333333336
232,375,143,2025,11,8,17,5,1,0,0,0,0.38133333333333336,0.38133333333333336
226,375,149,2025,11,8,18,5,1,0,0,0,0.3973333333333333,0.3973333333333333
219,375,156,2025,11,8,18,5,1,0,0,0,0.416,0.416
229,375,146,2025,11,8,19,5,1,0,0,0,0.3893333333333333,0.3893333333333333
238,375,137,2025,11,8,19,5,1,0,0,0,0.36533333333333334,0.36533333333333334
238,375,137,2025,11,8,20,5,1,0,0,0,0.36533333333333334,0.36533333333333334
242,375,133,2025,11,8,20,5,1,0,0,0,0.3546666666666667,0.3546666666666667
256,375,119,2025,11,8,21,5,1,0,0,0,0.31733333333333336,0.31733333333333336
280,375,95,2025,11,8,22,5,1,0,0,0,0.25333333333333335,0.25333333333333335
288,375,87,2025,11,8,22,5,1,0,0,0,0.232,0.232
304,375,71,2025,11,8,23,5,1,0,0,0,0.18933333333333333,0.18933333333333333
315,375,60,2025,11,8,23,5,1,0,0,0,0.16,0.16
375,375,0,2025,11,9,0,6,1,0,0,0,0.0,0.0
375,375,0,2025,11,9,0,6,1,0,0,0,0.0,0.0
375,375,0,2025,11,9,6,6,1,0,0,0,0.0,0.0
375,375,0,2025,11,9,6,6,1,0,0,0,0.0,0.0
375,375,0,2025,11,9,7,6,1,0,0,0,0.0,0.0
375,375,0,2025,11,9,7,6,1,0,0,0,0.0,0.0
374,375,1,2025,11,9,8,6,1,0,0,0,0.0026666666666666666,0.0026666666666666666
372,375,3,2025,11,9,8,6,1,0,0,0,0.008,0.008
350,375,25,2025,11,9,10,6,1,0,0,0,0.06666666666666667,0.06666666666666667
330,375,45,2025,11,9,11,6,1,0,0,0,0.12,0.12
312,375,63,2025,11,9,12,6,1,0,0,0,0.168,0.168
305,375,70,2025,11,9,13,6,1,0,0,0,0.18666666666666668,0.18666666666666668
297,375,78,2025,11,9,13,6,1,0,0,0,0.208,0.208
287,375,88,2025,11,9,14,6,1,0,0,0,0.23466666666666666,0.23466666666666666
276,375,99,2025,11,9,14,6,1,0,0,0,0.264,0.264
260,375,115,2025,11,9,15,6,1,0,0,0,0.30666666666666664,0.30666666666666664
251,375,124,2025,11,9,15,6,1,0,0,0,0.33066666666666666,0.33066666666666666
243,375,132,2025,11,9,16,6,1,0,0,0,0.352,0.352
241,375,134,2025,11,9,16,6,1,0,0,0,0.35733333333333334,0.35733333333333334
237,375,138,2025,11,9,17,6,1,0,0,0,0.368,0.368
239,375,136,2025,11,9,17,6,1,0,0,0,0.3626666666666667,0.3626666666666667
250,375,125,2025,11,9,18,6,1,0,0,0,0.3333333333333333,0.3333333333333333
246,375,129,2025,11,9,18,6,1,0,0,0,0.344,0.344
240,375,135,2025,11,9,19,6,1,0,0,0,0.36,0.36
243,375,132,2025,11,9,19,6,1,0,0,0,0.352,0.352
237,375,138,2025,11,9,20,6,1,0,0,0,0.368,0.368
239,375,136,2025,11,9,20,6,1,0,0,0,0.3626666666666667,0.3626666666666667
254,375,121,2025,11,9,21,6,1,0,0,0,0.32266666666666666,0.32266666666666666
270,375,105,2025,11,9,22,6,1,0,0,0,0.28,0.28
279,375,96,2025,11,9,22,6,1,0,0,0,0.256,0.256
288,375,87,2025,11,9,23,6,1,0,0,0,0.232,0.232
299,375,76,2025,11,9,23,6,1,0,0,0,0.20266666666666666,0.20266666666666666
375,375,0,2025,11,10,0,0,1,0,0,0,0.0,0.0
375,375,0,2025,11,10,0,0,1,0,0,0,0.0,0.0
375,375,0,2025,11,10,6,0,1,0,0,0,0.0,0.0
373,375,2,2025,11,10,6,0,1,0,0,0,0.005333333333333333,0.005333333333333333
370,375,5,2025,11,10,7,0,1,0,0,0,0.013333333333333334,0.013333333333333334
364,375,11,2025,11,10,7,0,1,0,0,0,0.029333333333333333,0.029333333333333333
355,375,20,2025,11,10,8,0,1,0,0,0,0.05333333333333334,0.05333333333333334
343,375,32,2025,11,10,8,0,1,0,0,0,0.08533333333333333,0.08533333333333333
316,375,59,2025,11,10,10,0,1,0,0,0,0.15733333333333333,0.15733333333333333
303,375,72,2025,11,10,10,0,1,0,0,0,0.192,0.192
250,375,125,2025,11,10,12,0,1,0,0,0,0.3333333333333333,0.3333333333333333
200,375,175,2025,11,10,13,0,1,0,0,0,0.4666666666666667,0.4666666666666667
176,375,199,2025,11,10,13,0,1,0,0,0,0.5306666666666666,0.5306666666666666
169,375,206,2025,11,10,14,0,1,0,0,0,0.5493333333333333,0.5493333333333333
162,375,213,2025,11,10,14,0,1,0,0,0,0.568,0.568
139,375,236,2025,11,10,15,0,1,0,0,0,0.6293333333333333,0.6293333333333333
137,375,238,2025,11,10,15,0,1,0,0,0,0.6346666666666667,0.6346666666666667
143,375,232,2025,11,10,16,0,1,0,0,0,0.6186666666666667,0.6186666666666667
141,375,234,2025,11,10,16,0,1,0,0,0,0.624,0.624
131,375,244,2025,11,10,17,0,1,0,0,0,0.6506666666666666,0.6506666666666666
125,375,250,2025,11,10,17,0,1,0,0,0,0.6666666666666666,0.6666666666666666
117,375,258,2025,11,10,18,0,1,0,0,0,0.688,0.688
113,375,262,2025,11,10,18,0,1,0,0,0,0.6986666666666667,0.6986666666666667
109,375,266,2025,11,10,19,0,1,0,0,0,0.7093333333333334,0.7093333333333334
108,375,267,2025,11,10,19,0,1,0,0,0,0.712,0.712
103,375,272,2025,11,10,20,0,1,0,0,0,0.7253333333333334,0.7253333333333334
105,375,270,2025,11,10,20,0,1,0,0,0,0.72,0.72
106,375,269,2025,11,10,21,0,1,0,0,0,0.7173333333333334,0.7173333333333334
134,375,241,2025,11,10,22,0,1,0,0,0,0.6426666666666667,0.6426666666666667
148,375,227,2025,11,10,22,0,1,0,0,0,0.6053333333333333,0.6053333333333333
176,375,199,2025,11,10,23,0,1,0,0,0,0.5306666666666666,0.5306666666666666
211,375,164,2025,11,10,23,0,1,0,0,0,0.43733333333333335,0.43733333333333335
375,375,0,2025,11,11,0,1,1,0,0,0,0.0,0.0
375,375,0,2025,11,11,0,1,1,0,0,0,0.0,0.0
375,375,0,2025,11,11,6,1,1,0,0,0,0.0,0.0
373,375,2,2025,11,11,6,1,1,0,0,0,0.005333333333333333,0.005333333333333333
371,375,4,2025,11,11,7,1,1,0,0,0,0.010666666666666666,0.010666666666666666
367,375,8,2025,11,11,7,1,1,0,0,0,0.021333333333333333,0.021333333333333333
351,375,24,2025,11,11,8,1,1,0,0,0,0.064,0.064
342,375,33,2025,11,11,8,1,1,0,0,0,0.088,0.088
332,375,43,2025,11,11,9,1,1,0,0,0,0.11466666666666667,0.11466666666666667
297,375,78,2025,11,11,10,1,1,0,0,0,0.208,0.208
236,375,139,2025,11,11,11,1,1,0,0,0,0.37066666666666664,0.37066666666666664
218,375,157,2025,11,11,12,1,1,0,0,0,0.4186666666666667,0.4186666666666667
194,375,181,2025,11,11,13,1,1,0,0,0,0.4826666666666667,0.4826666666666667
183,375,192,2025,11,11,13,1,1,0,0,0,0.512,0.512
174,375,201,2025,11,11,14,1,1,0,0,0,0.536,0.536
168,375,207,2025,11,11,14,1,1,0,0,0,0.552,0.552
145,375,230,2025,11,11,15,1,1,0,0,0,0.6133333333333333,0.6133333333333333
136,375,239,2025,11,11,15,1,1,0,0,0,0.6373333333333333,0.6373333333333333
137,375,238,2025,11,11,16,1,1,0,0,0,0.6346666666666667,0.6346666666666667
130,375,245,2025,11,11,16,1,1,0,0,0,0.6533333333333333,0.6533333333333333
114,375,261,2025,11,11,17,1,1,0,0,0,0.696,0.696
107,375,268,2025,11,11,17,1,1,0,0,0,0.7146666666666667,0.7146666666666667
110,375,265,2025,11,11,18,1,1,0,0,0,0.7066666666666667,0.7066666666666667
99,375,276,2025,11,11,18,1,1,0,0,0,0.736,0.736
105,375,270,2025,11,11,19,1,1,0,0,0,0.72,0.72
102,375,273,2025,11,11,19,1,1,0,0,0,0.728,0.728
107,375,268,2025,11,11,20,1,1,0,0,0,0.7146666666666667,0.7146666666666667
118,375,257,2025,11,11,20,1,1,0,0,0,0.6853333333333333,0.6853333333333333
132,375,243,2025,11,11,21,1,1,0,0,0,0.648,0.648
169,375,206,2025,11,11,22,1,1,0,0,0,0.5493333333333333,0.5493333333333333
180,375,195,2025,11,11,22,1,1,0,0,0,0.52,0.52
203,375,172,2025,11,11,23,1,1,0,0,0,0.45866666666666667,0.45866666666666667
232,375,143,2025,11,11,23,1,1,0,0,0,0.38133333333333336,0.38133333333333336
375,375,0,2025,11,12,0,2,1,0,0,0,0.0,0.0
375,375,0,2025,11,12,0,2,1,0,0,0,0.0,0.0
375,375,0,2025,11,12,6,2,1,0,0,0,0.0,0.0
375,375,0,2025,11,12,6,2,1,0,0,0,0.0,0.0
373,375,2,2025,11,12,7,2,1,0,0,0,0.005333333333333333,0.005333333333333333
367,375,8,2025,11,12,7,2,1,0,0,0,0.021333333333333333,0.021333333333333333
357,375,18,2025,11,12,8,2,1,0,0,0,0.048,0.048
349,375,26,2025,11,12,8,2,1,0,0,0,0.06933333333333333,0.06933333333333333
335,375,40,2025,11,12,9,2,1,0,0,0,0.10666666666666667,0.10666666666666667
320,375,55,2025,11,12,10,2,1,0,0,0,0.14666666666666667,0.14666666666666667
302,375,73,2025,11,12,10,2,1,0,0,0,0.19466666666666665,0.19466666666666665
250,375,125,2025,11,12,11,2,1,0,0,0,0.3333333333333333,0.3333333333333333
216,375,159,2025,11,12,12,2,1,0,0,0,0.424,0.424
196,375,179,2025,11,12,13,2,1,0,0,0,0.47733333333333333,0.47733333333333333
187,375,188,2025,11,12,13,2,1,0,0,0,0.5013333333333333,0.5013333333333333
179,375,196,2025,11,12,14,2,1,0,0,0,0.5226666666666666,0.5226666666666666
175,375,200,2025,11,12,14,2,1,0,0,0,0.5333333333333333,0.5333333333333333
144,375,231,2025,11,12,15,2,1,0,0,0,0.616,0.616
136,375,239,2025,11,12,15,2,1,0,0,0,0.6373333333333333,0.6373333333333333
133,375,242,2025,11,12,16,2,1,0,0,0,0.6453333333333333,0.6453333333333333
127,375,248,2025,11,12,16,2,1,0,0,0,0.6613333333333333,0.6613333333333333
111,375,264,2025,11,12,17,2,1,0,0,0,0.704,0.704
110,375,265,2025,11,12,17,2,1,0,0,0,0.7066666666666667,0.7066666666666667
111,375,264,2025,11,12,18,2,1,0,0,0,0.704,0.704
121,375,254,2025,11,12,18,2,1,0,0,0,0.6773333333333333,0.6773333333333333
109,375,266,2025,11,12,19,2,1,0,0,0,0.7093333333333334,0.7093333333333334
110,375,265,2025,11,12,19,2,1,0,0,0,0.7066666666666667,0.7066666666666667
110,375,265,2025,11,12,20,2,1,0,0,0,0.7066666666666667,0.7066666666666667
105,375,270,2025,11,12,20,2,1,0,0,0,0.72,0.72
110,375,265,2025,11,12,21,2,1,0,0,0,0.7066666666666667,0.7066666666666667
153,375,222,2025,11,12,22,2,1,0,0,0,0.592,0.592
195,375,180,2025,11,12,23,2,1,0,0,0,0.48,0.48
221,375,154,2025,11,12,23,2,1,0,0,0,0.4106666666666667,0.4106666666666667
375,375,0,2025,11,13,0,3,1,0,0,0,0.0,0.0
375,375,0,2025,11,13,0,3,1,0,0,0,0.0,0.0
375,375,0,2025,11,13,6,3,1,0,0,0,0.0,0.0
374,375,1,2025,11,13,6,3,1,0,0,0,0.0026666666666666666,0.0026666666666666666
373,375,2,2025,11,13,7,3,1,0,0,0,0.005333333333333333,0.005333333333333333
371,375,4,2025,11,13,7,3,1,0,0,0,0.010666666666666666,0.010666666666666666
362,375,13,2025,11,13,8,3,1,0,0,0,0.034666666666666665,0.034666666666666665
357,375,18,2025,11,13,8,3,1,0,0,0,0.048,0.048
313,375,62,2025,11,13,10,3,1,0,0,0,0.16533333333333333,0.16533333333333333
307,375,68,2025,11,13,10,3,1,0,0,0,0.18133333333333335,0.18133333333333335
272,375,103,2025,11,13,11,3,1,0,0,0,0.27466666666666667,0.27466666666666667
248,375,127,2025,11,13,12,3,1,0,0,0,0.33866666666666667,0.33866666666666667
230,375,145,2025,11,13,13,3,1,0,0,0,0.38666666666666666,0.38666666666666666
218,375,157,2025,11,13,13,3,1,0,0,0,0.4186666666666667,0.4186666666666667
205,375,170,2025,11,13,14,3,1,0,0,0,0.4533333333333333,0.4533333333333333
197,375,178,2025,11,13,14,3,1,0,0,0,0.4746666666666667,0.4746666666666667
162,375,213,2025,11,13,15,3,1,0,0,0,0.568,0.568
155,375,220,2025,11,13,15,3,1,0,0,0,0.5866666666666667,0.5866666666666667
151,375,224,2025,11,13,16,3,1,0,0,0,0.5973333333333334,0.5973333333333334
140,375,235,2025,11,13,16,3,1,0,0,0,0.6266666666666667,0.6266666666666667
152,375,223,2025,11,13,17,3,1,0,0,0,0.5946666666666667,0.5946666666666667
150,375,225,2025,11,13,17,3,1,0,0,0,0.6,0.6
135,375,240,2025,11,13,18,3,1,0,0,0,0.64,0.64
135,375,240,2025,11,13,18,3,1,0,0,0,0.64,0.64
118,375,257,2025,11,13,19,3,1,0,0,0,0.6853333333333333,0.6853333333333333
117,375,258,2025,11,13,19,3,1,0,0,0,0.688,0.688
109,375,266,2025,11,13,20,3,1,0,0,0,0.7093333333333334,0.7093333333333334
111,375,264,2025,11,13,20,3,1,0,0,0,0.704,0.704
135,375,240,2025,11,13,21,3,1,0,0,0,0.64,0.64
171,375,204,2025,11,13,22,3,1,0,0,0,0.544,0.544
204,375,171,2025,11,13,23,3,1,0,0,0,0.456,0.456
215,375,160,2025,11,13,23,3,1,0,0,0,0.4266666666666667,0.4266666666666667
375,375,0,2025,11,14,0,4,1,0,0,0,0.0,0.0
375,375,0,2025,11,14,0,4,1,0,0,0,0.0,0.0
375,375,0,2025,11,14,6,4,1,0,0,0,0.0,0.0
375,375,0,2025,11,14,6,4,1,0,0,0,0.0,0.0
372,375,3,2025,11,14,7,4,1,0,0,0,0.008,0.008
366,375,9,2025,11,14,7,4,1,0,0,0,0.024,0.024
361,375,14,2025,11,14,8,4,1,0,0,0,0.037333333333333336,0.037333333333333336
355,375,20,2025,11,14,8,4,1,0,0,0,0.05333333333333334,0.05333333333333334
330,375,45,2025,11,14,10,4,1,0,0,0,0.12,0.12
300,375,75,2025,11,14,11,4,1,0,0,0,0.2,0.2
279,375,96,2025,11,14,12,4,1,0,0,0,0.256,0.256
272,375,103,2025,11,14,13,4,1,0,0,0,0.27466666666666667,0.27466666666666667
267,375,108,2025,11,14,13,4,1,0,0,0,0.288,0.288
246,375,129,2025,11,14,14,4,1,0,0,0,0.344,0.344
235,375,140,2025,11,14,14,4,1,0,0,0,0.37333333333333335,0.37333333333333335
217,375,158,2025,11,14,15,4,1,0,0,0,0.42133333333333334,0.42133333333333334
209,375,166,2025,11,14,15,4,1,0,0,0,0.44266666666666665,0.44266666666666665
212,375,163,2025,11,14,16,4,1,0,0,0,0.43466666666666665,0.43466666666666665
210,375,165,2025,11,14,16,4,1,0,0,0,0.44,0.44
202,375,173,2025,11,14,17,4,1,0,0,0,0.4613333333333333,0.4613333333333333
200,375,175,2025,11,14,17,4,1,0,0,0,0.4666666666666667,0.4666666666666667
207,375,168,2025,11,14,18,4,1,0,0,0,0.448,0.448
213,375,162,2025,11,14,18,4,1,0,0,0,0.432,0.432
201,375,174,2025,11,14,19,4,1,0,0,0,0.464,0.464
195,375,180,2025,11,14,19,4,1,0,0,0,0.48,0.48
200,375,175,2025,11,14,20,4,1,0,0,0,0.4666666666666667,0.4666666666666667
205,375,170,2025,11,14,20,4,1,0,0,0,0.4533333333333333,0.4533333333333333
202,375,173,2025,11,14,21,4,1,0,0,0,0.4613333333333333,0.4613333333333333
216,375,159,2025,11,14,22,4,1,0,0,0,0.424,0.424
229,375,146,2025,11,14,22,4,1,0,0,0,0.3893333333333333,0.3893333333333333
247,375,128,2025,11,14,23,4,1,0,0,0,0.3413333333333333,0.3413333333333333
260,375,115,2025,11,14,23,4,1,0,0,0,0.30666666666666664,0.30666666666666664
375,375,0,2025,11,15,0,5,1,0,0,0,0.0,0.0
375,375,0,2025,11,15,0,5,1,0,0,0,0.0,0.0
375,375,0,2025,11,15,6,5,1,0,0,0,0.0,0.0
375,375,0,2025,11,15,6,5,1,0,0,0,0.0,0.0
374,375,1,2025,11,15,7,5,1,0,0,0,0.0026666666666666666,0.0026666666666666666
374,375,1,2025,11,15,7,5,1,0,0,0,0.0026666666666666666,0.0026666666666666666
371,375,4,2025,11,15,8,5,1,0,0,0,0.010666666666666666,0.010666666666666666
371,375,4,2025,11,15,8,5,1,0,0,0,0.010666666666666666,0.010666666666666666
359,375,16,2025,11,15,9,5,1,0,0,0,0.042666666666666665,0.042666666666666665
355,375,20,2025,11,15,9,5,1,0,0,0,0.05333333333333334,0.05333333333333334
353,375,22,2025,11,15,10,5,1,0,0,0,0.058666666666666666,0.058666666666666666
328,375,47,2025,11,15,11,5,1,0,0,0,0.12533333333333332,0.12533333333333332
309,375,66,2025,11,15,12,5,1,0,0,0,0.176,0.176
285,375,90,2025,11,15,13,5,1,0,0,0,0.24,0.24
270,375,105,2025,11,15,13,5,1,0,0,0,0.28,0.28
250,375,125,2025,11,15,14,5,1,0,0,0,0.3333333333333333,0.3333333333333333
241,375,134,2025,11,15,14,5,1,0,0,0,0.35733333333333334,0.35733333333333334
221,375,154,2025,11,15,15,5,1,0,0,0,0.4106666666666667,0.4106666666666667
211,375,164,2025,11,15,15,5,1,0,0,0,0.43733333333333335,0.43733333333333335
193,375,182,2025,11,15,16,5,1,0,0,0,0.48533333333333334,0.48533333333333334
176,375,199,2025,11,15,16,5,1,0,0,0,0.5306666666666666,0.5306666666666666
163,375,212,2025,11,15,17,5,1,0,0,0,0.5653333333333334,0.5653333333333334
156,375,219,2025,11,15,17,5,1,0,0,0,0.584,0.584
146,375,229,2025,11,15,18,5,1,0,0,0,0.6106666666666667,0.6106666666666667
144,375,231,2025,11,15,18,5,1,0,0,0,0.616,0.616
154,375,221,2025,11,15,19,5,1,0,0,0,0.5893333333333334,0.5893333333333334
158,375,217,2025,11,15,19,5,1,0,0,0,0.5786666666666667,0.5786666666666667
167,375,208,2025,11,15,20,5,1,0,0,0,0.5546666666666666,0.5546666666666666
173,375,202,2025,11,15,20,5,1,0,0,0,0.5386666666666666,0.5386666666666666
194,375,181,2025,11,15,21,5,1,0,0,0,0.4826666666666667,0.4826666666666667
227,375,148,2025,11,15,22,5,1,0,0,0,0.39466666666666667,0.39466666666666667
235,375,140,2025,11,15,22,5,1,0,0,0,0.37333333333333335,0.37333333333333335
254,375,121,2025,11,15,23,5,1,0,0,0,0.32266666666666666,0.32266666666666666
272,375,103,2025,11,15,23,5,1,0,0,0,0.27466666666666667,0.27466666666666667
375,375,0,2025,11,16,0,6,1,0,0,0,0.0,0.0
375,375,0,2025,11,16,0,6,1,0,0,0,0.0,0.0
375,375,0,2025,11,16,6,6,1,0,0,0,0.0,0.0
375,375,0,2025,11,16,6,6,1,0,0,0,0.0,0.0
374,375,1,2025,11,16,7,6,1,0,0,0,0.0026666666666666666,0.0026666666666666666
374,375,1,2025,11,16,7,6,1,0,0,0,0.0026666666666666666,0.0026666666666666666
372,375,3,2025,11,16,8,6,1,0,0,0,0.008,0.008
372,375,3,2025,11,16,8,6,1,0,0,0,0.008,0.008
353,375,22,2025,11,16,10,6,1,0,0,0,0.058666666666666666,0.058666666666666666
328,375,47,2025,11,16,12,6,1,0,0,0,0.12533333333333332,0.12533333333333332
293,375,82,2025,11,16,12,6,1,0,0,0,0.21866666666666668,0.21866666666666668
275,375,100,2025,11,16,13,6,1,0,0,0,0.26666666666666666,0.26666666666666666
241,375,134,2025,11,16,14,6,1,0,0,0,0.35733333333333334,0.35733333333333334
226,375,149,2025,11,16,14,6,1,0,0,0,0.3973333333333333,0.3973333333333333
191,375,184,2025,11,16,15,6,1,0,0,0,0.49066666666666664,0.49066666666666664
175,375,200,2025,11,16,15,6,1,0,0,0,0.5333333333333333,0.5333333333333333
166,375,209,2025,11,16,16,6,1,0,0,0,0.5573333333333333,0.5573333333333333
158,375,217,2025,11,16,16,6,1,0,0,0,0.5786666666666667,0.5786666666666667
152,375,223,2025,11,16,17,6,1,0,0,0,0.5946666666666667,0.5946666666666667
156,375,219,2025,11,16,17,6,1,0,0,0,0.584,0.584
158,375,217,2025,11,16,18,6,1,0,0,0,0.5786666666666667,0.5786666666666667
155,375,220,2025,11,16,18,6,1,0,0,0,0.5866666666666667,0.5866666666666667
150,375,225,2025,11,16,19,6,1,0,0,0,0.6,0.6
152,375,223,2025,11,16,19,6,1,0,0,0,0.5946666666666667,0.5946666666666667
164,375,211,2025,11,16,20,6,1,0,0,0,0.5626666666666666,0.5626666666666666
161,375,214,2025,11,16,20,6,1,0,0,0,0.5706666666666667,0.5706666666666667
164,375,211,2025,11,16,21,6,1,0,0,0,0.5626666666666666,0.5626666666666666
206,375,169,2025,11,16,22,6,1,0,0,0,0.45066666666666666,0.45066666666666666
215,375,160,2025,11,16,22,6,1,0,0,0,0.4266666666666667,0.4266666666666667
238,375,137,2025,11,16,23,6,1,0,0,0,0.36533333333333334,0.36533333333333334
255,375,120,2025,11,16,23,6,1,0,0,0,0.32,0.32
375,375,0,2025,11,17,0,0,1,0,0,0,0.0,0.0
375,375,0,2025,11,17,0,0,1,0,0,0,0.0,0.0
375,375,0,2025,11,17,6,0,1,1,0,0,0.0,0.0
373,375,2,2025,11,17,6,0,1,1,0,0,0.005333333333333333,0.005333333333333333
372,375,3,2025,11,17,7,0,1,1,0,0,0.008,0.008
364,375,11,2025,11,17,7,0,1,1,0,0,0.029333333333333333,0.029333333333333333
352,375,23,2025,11,17,8,0,1,1,0,0,0.06133333333333333,0.06133333333333333
336,375,39,2025,11,17,8,0,1,1,0,0,0.104,0.104
291,375,84,2025,11,17,10,0,1,1,0,0,0.224,0.224
226,375,149,2025,11,17,11,0,1,1,0,0,0.3973333333333333,0.3973333333333333
193,375,182,2025,11,17,12,0,1,1,0,0,0.48533333333333334,0.48533333333333334
167,375,208,2025,11,17,13,0,1,1,0,0,0.5546666666666666,0.5546666666666666
151,375,224,2025,11,17,13,0,1,1,0,0,0.5973333333333334,0.5973333333333334
144,375,231,2025,11,17,14,0,1,1,0,0,0.616,0.616
134,375,241,2025,11,17,14,0,1,1,0,0,0.6426666666666667,0.6426666666666667
85,375,290,2025,11,17,15,0,1,1,0,0,0.7733333333333333,0.7733333333333333
72,375,303,2025,11,17,15,0,1,1,0,0,0.808,0.808
60,375,315,2025,11,17,16,0,1,1,0,0,0.84,0.84
40,375,335,2025,11,17,16,0,1,1,0,0,0.8933333333333333,0.8933333333333333
30,375,345,2025,11,17,17,0,1,1,0,0,0.92,0.92
29,375,346,2025,11,17,17,0,1,1,0,0,0.9226666666666666,0.9226666666666666
19,375,356,2025,11,17,18,0,1,1,0,0,0.9493333333333334,0.9493333333333334
12,375,363,2025,11,17,18,0,1,1,0,0,0.968,0.968
14,375,361,2025,11,17,19,0,1,1,0,0,0.9626666666666667,0.9626666666666667
12,375,363,2025,11,17,19,0,1,1,0,0,0.968,0.968
16,375,359,2025,11,17,20,0,1,1,0,0,0.9573333333333334,0.9573333333333334
5,375,370,2025,11,17,20,0,1,1,0,0,0.9866666666666667,0.9866666666666667
35,375,340,2025,11,17,21,0,1,1,0,0,0.9066666666666666,0.9066666666666666
70,375,305,2025,11,17,22,0,1,1,0,0,0.8133333333333334,0.8133333333333334
132,375,243,2025,11,17,23,0,1,1,0,0,0.648,0.648
164,375,211,2025,11,17,23,0,1,1,0,0,0.5626666666666666,0.5626666666666666
375,375,0,2025,11,18,0,1,1,1,0,0,0.0,0.0
375,375,0,2025,11,18,0,1,1,1,0,0,0.0,0.0
375,375,0,2025,11,18,6,1,1,1,0,0,0.0,0.0
374,375,1,2025,11,18,6,1,1,1,0,0,0.0026666666666666666,0.0026666666666666666
371,375,4,2025,11,18,7,1,1,1,0,0,0.010666666666666666,0.010666666666666666
368,375,7,2025,11,18,7,1,1,1,0,0,0.018666666666666668,0.018666666666666668
351,375,24,2025,11,18,8,1,1,1,0,0,0.064,0.064
334,375,41,2025,11,18,8,1,1,1,0,0,0.10933333333333334,0.10933333333333334
273,375,102,2025,11,18,10,1,1,1,0,0,0.272,0.272
199,375,176,2025,11,18,11,1,1,1,0,0,0.4693333333333333,0.4693333333333333
166,375,209,2025,11,18,12,1,1,1,0,0,0.5573333333333333,0.5573333333333333
140,375,235,2025,11,18,13,1,1,1,0,0,0.6266666666666667,0.6266666666666667
129,375,246,2025,11,18,13,1,1,1,0,0,0.656,0.656
110,375,265,2025,11,18,14,1,1,1,0,0,0.7066666666666667,0.7066666666666667
107,375,268,2025,11,18,14,1,1,1,0,0,0.7146666666666667,0.7146666666666667
64,375,311,2025,11,18,15,1,1,1,0,0,0.8293333333333334,0.8293333333333334
61,375,314,2025,11,18,15,1,1,1,0,0,0.8373333333333334,0.8373333333333334
46,375,329,2025,11,18,16,1,1,1,0,0,0.8773333333333333,0.8773333333333333
17,375,358,2025,11,18,16,1,1,1,0,0,0.9546666666666667,0.9546666666666667
12,375,363,2025,11,18,17,1,1,1,0,0,0.968,0.968
7,375,368,2025,11,18,17,1,1,1,0,0,0.9813333333333333,0.9813333333333333
22,375,353,2025,11,18,18,1,1,1,0,0,0.9413333333333334,0.9413333333333334
14,375,361,2025,11,18,18,1,1,1,0,0,0.9626666666666667,0.9626666666666667
13,375,362,2025,11,18,19,1,1,1,0,0,0.9653333333333334,0.9653333333333334
20,375,355,2025,11,18,19,1,1,1,0,0,0.9466666666666667,0.9466666666666667
11,375,364,2025,11,18,20,1,1,1,0,0,0.9706666666666667,0.9706666666666667
12,375,363,2025,11,18,20,1,1,1,0,0,0.968,0.968
38,375,337,2025,11,18,21,1,1,1,0,0,0.8986666666666666,0.8986666666666666
75,375,300,2025,11,18,22,1,1,1,0,0,0.8,0.8
130,375,245,2025,11,18,23,1,1,1,0,0,0.6533333333333333,0.6533333333333333
155,375,220,2025,11,18,23,1,1,1,0,0,0.5866666666666667,0.5866666666666667
375,375,0,2025,11,19,0,2,1,1,0,0,0.0,0.0
375,375,0,2025,11,19,0,2,1,1,0,0,0.0,0.0
372,375,3,2025,11,19,7,2,1,1,0,0,0.008,0.008
366,375,9,2025,11,19,7,2,1,1,0,0,0.024,0.024
357,375,18,2025,11,19,8,2,1,1,0,0,0.048,0.048
344,375,31,2025,11,19,8,2,1,1,0,0,0.08266666666666667,0.08266666666666667
269,375,106,2025,11,19,10,2,1,1,0,0,0.2826666666666667,0.2826666666666667
195,375,180,2025,11,19,11,2,1,1,0,0,0.48,0.48
161,375,214,2025,11,19,12,2,1,1,0,0,0.5706666666666667,0.5706666666666667
131,375,244,2025,11,19,13,2,1,1,0,0,0.6506666666666666,0.6506666666666666
124,375,251,2025,11,19,13,2,1,1,0,0,0.6693333333333333,0.6693333333333333
109,375,266,2025,11,19,14,2,1,1,0,0,0.7093333333333334,0.7093333333333334
92,375,283,2025,11,19,14,2,1,1,0,0,0.7546666666666667,0.7546666666666667
53,375,322,2025,11,19,15,2,1,1,0,0,0.8586666666666667,0.8586666666666667
55,375,320,2025,11,19,15,2,1,1,0,0,0.8533333333333334,0.8533333333333334
36,375,339,2025,11,19,16,2,1,1,0,0,0.904,0.904
19,375,356,2025,11,19,16,2,1,1,0,0,0.9493333333333334,0.9493333333333334
13,375,362,2025,11,19,17,2,1,1,0,0,0.9653333333333334,0.9653333333333334
0,375,375,2025,11,19,17,2,1,1,0,0,1.0,1.0
8,375,367,2025,11,19,18,2,1,1,0,0,0.9786666666666667,0.9786666666666667
18,375,357,2025,11,19,18,2,1,1,0,0,0.952,0.952
17,375,358,2025,11,19,19,2,1,1,0,0,0.9546666666666667,0.9546666666666667
12,375,363,2025,11,19,19,2,1,1,0,0,0.968,0.968
6,375,369,2025,11,19,20,2,1,1,0,0,0.984,0.984
12,375,363,2025,11,19,20,2,1,1,0,0,0.968,0.968
47,375,328,2025,11,19,21,2,1,1,0,0,0.8746666666666667,0.8746666666666667
103,375,272,2025,11,19,22,2,1,1,0,0,0.7253333333333334,0.7253333333333334
155,375,220,2025,11,19,23,2,1,1,0,0,0.5866666666666667,0.5866666666666667
186,375,189,2025,11,19,23,2,1,1,0,0,0.504,0.504
375,375,0,2025,11,20,0,3,1,1,0,0,0.0,0.0
375,375,0,2025,11,20,0,3,1,1,0,0,0.0,0.0
375,375,0,2025,11,20,6,3,1,1,0,0,0.0,0.0
374,375,1,2025,11,20,6,3,1,1,0,0,0.0026666666666666666,0.0026666666666666666
371,375,4,2025,11,20,7,3,1,1,0,0,0.010666666666666666,0.010666666666666666
364,375,11,2025,11,20,7,3,1,1,0,0,0.029333333333333333,0.029333333333333333
348,375,27,2025,11,20,8,3,1,1,0,0,0.072,0.072
332,375,43,2025,11,20,8,3,1,1,0,0,0.11466666666666667,0.11466666666666667
281,375,94,2025,11,20,10,3,1,1,0,0,0.25066666666666665,0.25066666666666665
199,375,176,2025,11,20,11,3,1,1,0,0,0.4693333333333333,0.4693333333333333
164,375,211,2025,11,20,12,3,1,1,0,0,0.5626666666666666,0.5626666666666666
132,375,243,2025,11,20,13,3,1,1,0,0,0.648,0.648
119,375,256,2025,11,20,13,3,1,1,0,0,0.6826666666666666,0.6826666666666666
99,375,276,2025,11,20,14,3,1,1,0,0,0.736,0.736
89,375,286,2025,11,20,14,3,1,1,0,0,0.7626666666666667,0.7626666666666667
51,375,324,2025,11,20,15,3,1,1,0,0,0.864,0.864
43,375,332,2025,11,20,15,3,1,1,0,0,0.8853333333333333,0.8853333333333333
28,375,347,2025,11,20,16,3,1,1,0,0,0.9253333333333333,0.9253333333333333
21,375,354,2025,11,20,16,3,1,1,0,0,0.944,0.944
18,375,357,2025,11,20,17,3,1,1,0,0,0.952,0.952
26,375,349,2025,11,20,17,3,1,1,0,0,0.9306666666666666,0.9306666666666666
22,375,353,2025,11,20,18,3,1,1,0,0,0.9413333333333334,0.9413333333333334
26,375,349,2025,11,20,18,3,1,1,0,0,0.9306666666666666,0.9306666666666666
36,375,339,2025,11,20,19,3,1,1,0,0,0.904,0.904
40,375,335,2025,11,20,19,3,1,1,0,0,0.8933333333333333,0.8933333333333333
31,375,344,2025,11,20,20,3,1,1,0,0,0.9173333333333333,0.9173333333333333
33,375,342,2025,11,20,21,3,1,1,0,0,0.912,0.912
73,375,302,2025,11,20,22,3,1,1,0,0,0.8053333333333333,0.8053333333333333
100,375,275,2025,11,20,22,3,1,1,0,0,0.7333333333333333,0.7333333333333333
140,375,235,2025,11,20,23,3,1,1,0,0,0.6266666666666667,0.6266666666666667
168,375,207,2025,11,20,23,3,1,1,0,0,0.552,0.552
375,375,0,2025,11,21,0,4,1,1,0,0,0.0,0.0
375,375,0,2025,11,21,0,4,1,1,0,0,0.0,0.0
374,375,1,2025,11,21,6,4,1,1,0,0,0.0026666666666666666,0.0026666666666666666
373,375,2,2025,11,21,6,4,1,1,0,0,0.005333333333333333,0.005333333333333333
372,375,3,2025,11,21,7,4,1,1,0,0,0.008,0.008
370,375,5,2025,11,21,7,4,1,1,0,0,0.013333333333333334,0.013333333333333334
360,375,15,2025,11,21,8,4,1,1,0,0,0.04,0.04
353,375,22,2025,11,21,8,4,1,1,0,0,0.058666666666666666,0.058666666666666666
310,375,65,2025,11,21,10,4,1,1,0,0,0.17333333333333334,0.17333333333333334
251,375,124,2025,11,21,11,4,1,1,0,0,0.33066666666666666,0.33066666666666666
213,375,162,2025,11,21,12,4,1,1,0,0,0.432,0.432
191,375,184,2025,11,21,13,4,1,1,0,0,0.49066666666666664,0.49066666666666664
181,375,194,2025,11,21,13,4,1,1,0,0,0.5173333333333333,0.5173333333333333
162,375,213,2025,11,21,14,4,1,1,0,0,0.568,0.568
148,375,227,2025,11,21,14,4,1,1,0,0,0.6053333333333333,0.6053333333333333
131,375,244,2025,11,21,15,4,1,1,0,0,0.6506666666666666,0.6506666666666666
125,375,250,2025,11,21,15,4,1,1,0,0,0.6666666666666666,0.6666666666666666
125,375,250,2025,11,21,16,4,1,1,0,0,0.6666666666666666,0.6666666666666666
122,375,253,2025,11,21,16,4,1,1,0,0,0.6746666666666666,0.6746666666666666
119,375,256,2025,11,21,17,4,1,1,0,0,0.6826666666666666,0.6826666666666666
115,375,260,2025,11,21,17,4,1,1,0,0,0.6933333333333334,0.6933333333333334
125,375,250,2025,11,21,18,4,1,1,0,0,0.6666666666666666,0.6666666666666666
119,375,256,2025,11,21,18,4,1,1,0,0,0.6826666666666666,0.6826666666666666
106,375,269,2025,11,21,19,4,1,1,0,0,0.7173333333333334,0.7173333333333334
107,375,268,2025,11,21,19,4,1,1,0,0,0.7146666666666667,0.7146666666666667
103,375,272,2025,11,21,20,4,1,1,0,0,0.7253333333333334,0.7253333333333334
106,375,269,2025,11,21,20,4,1,1,0,0,0.7173333333333334,0.7173333333333334
114,375,261,2025,11,21,21,4,1,1,0,0,0.696,0.696
161,375,214,2025,11,21,22,4,1,1,0,0,0.5706666666666667,0.5706666666666667
171,375,204,2025,11,21,22,4,1,1,0,0,0.544,0.544
195,375,180,2025,11,21,23,4,1,1,0,0,0.48,0.48
221,375,154,2025,11,21,23,4,1,1,0,0,0.4106666666666667,0.4106666666666667
375,375,0,2025,11,22,0,5,1,1,0,0,0.0,0.0
375,375,0,2025,11,22,0,5,1,1,0,0,0.0,0.0
375,375,0,2025,11,22,6,5,1,1,0,0,0.0,0.0
375,375,0,2025,11,22,6,5,1,1,0,0,0.0,0.0
372,375,3,2025,11,22,7,5,1,1,0,0,0.008,0.008
371,375,4,2025,11,22,7,5,1,1,0,0,0.010666666666666666,0.010666666666666666
371,375,4,2025,11,22,8,5,1,1,0,0,0.010666666666666666,0.010666666666666666
361,375,14,2025,11,22,8,5,1,1,0,0,0.037333333333333336,0.037333333333333336
340,375,35,2025,11,22,10,5,1,1,0,0,0.09333333333333334,0.09333333333333334
300,375,75,2025,11,22,11,5,1,1,0,0,0.2,0.2
290,375,85,2025,11,22,12,5,1,1,0,0,0.22666666666666666,0.22666666666666666
265,375,110,2025,11,22,13,5,1,1,0,0,0.29333333333333333,0.29333333333333333
251,375,124,2025,11,22,13,5,1,1,0,0,0.33066666666666666,0.33066666666666666
216,375,159,2025,11,22,14,5,1,1,0,0,0.424,0.424
200,375,175,2025,11,22,14,5,1,1,0,0,0.4666666666666667,0.4666666666666667
181,375,194,2025,11,22,15,5,1,1,0,0,0.5173333333333333,0.5173333333333333
166,375,209,2025,11,22,15,5,1,1,0,0,0.5573333333333333,0.5573333333333333
151,375,224,2025,11,22,16,5,1,1,0,0,0.5973333333333334,0.5973333333333334
134,375,241,2025,11,22,16,5,1,1,0,0,0.6426666666666667,0.6426666666666667
110,375,265,2025,11,22,17,5,1,1,0,0,0.7066666666666667,0.7066666666666667
110,375,265,2025,11,22,17,5,1,1,0,0,0.7066666666666667,0.7066666666666667
121,375,254,2025,11,22,18,5,1,1,0,0,0.6773333333333333,0.6773333333333333
119,375,256,2025,11,22,18,5,1,1,0,0,0.6826666666666666,0.6826666666666666
117,375,258,2025,11,22,19,5,1,1,0,0,0.688,0.688
117,375,258,2025,11,22,19,5,1,1,0,0,0.688,0.688
126,375,249,2025,11,22,20,5,1,1,0,0,0.664,0.664
130,375,245,2025,11,22,20,5,1,1,0,0,0.6533333333333333,0.6533333333333333
145,375,230,2025,11,22,21,5,1,1,0,0,0.6133333333333333,0.6133333333333333
160,375,215,2025,11,22,22,5,1,1,0,0,0.5733333333333334,0.5733333333333334
177,375,198,2025,11,22,22,5,1,1,0,0,0.528,0.528
201,375,174,2025,11,22,23,5,1,1,0,0,0.464,0.464
223,375,152,2025,11,22,23,5,1,1,0,0,0.4053333333333333,0.4053333333333333
375,375,0,2025,11,23,0,6,1,1,0,0,0.0,0.0
375,375,0,2025,11,23,0,6,1,1,0,0,0.0,0.0
375,375,0,2025,11,23,6,6,1,1,0,0,0.0,0.0
373,375,2,2025,11,23,6,6,1,1,0,0,0.005333333333333333,0.005333333333333333
373,375,2,2025,11,23,7,6,1,1,0,0,0.005333333333333333,0.005333333333333333
372,375,3,2025,11,23,7,6,1,1,0,0,0.008,0.008
369,375,6,2025,11,23,8,6,1,1,0,0,0.016,0.016
366,375,9,2025,11,23,8,6,1,1,0,0,0.024,0.024
328,375,47,2025,11,23,10,6,1,1,0,0,0.12533333333333332,0.12533333333333332
269,375,106,2025,11,23,12,6,1,1,0,0,0.2826666666666667,0.2826666666666667
235,375,140,2025,11,23,13,6,1,1,0,0,0.37333333333333335,0.37333333333333335
198,375,177,2025,11,23,13,6,1,1,0,0,0.472,0.472
182,375,193,2025,11,23,14,6,1,1,0,0,0.5146666666666667,0.5146666666666667
166,375,209,2025,11,23,14,6,1,1,0,0,0.5573333333333333,0.5573333333333333
121,375,254,2025,11,23,15,6,1,1,0,0,0.6773333333333333,0.6773333333333333
104,375,271,2025,11,23,15,6,1,1,0,0,0.7226666666666667,0.7226666666666667
90,375,285,2025,11,23,16,6,1,1,0,0,0.76,0.76
86,375,289,2025,11,23,16,6,1,1,0,0,0.7706666666666667,0.7706666666666667
77,375,298,2025,11,23,17,6,1,1,0,0,0.7946666666666666,0.7946666666666666
75,375,300,2025,11,23,17,6,1,1,0,0,0.8,0.8
70,375,305,2025,11,23,18,6,1,1,0,0,0.8133333333333334,0.8133333333333334
78,375,297,2025,11,23,18,6,1,1,0,0,0.792,0.792
67,375,308,2025,11,23,19,6,1,1,0,0,0.8213333333333334,0.8213333333333334
71,375,304,2025,11,23,19,6,1,1,0,0,0.8106666666666666,0.8106666666666666
65,375,310,2025,11,23,20,6,1,1,0,0,0.8266666666666667,0.8266666666666667
65,375,310,2025,11,23,20,6,1,1,0,0,0.8266666666666667,0.8266666666666667
78,375,297,2025,11,23,21,6,1,1,0,0,0.792,0.792
102,375,273,2025,11,23,22,6,1,1,0,0,0.728,0.728
113,375,262,2025,11,23,22,6,1,1,0,0,0.6986666666666667,0.6986666666666667
144,375,231,2025,11,23,23,6,1,1,0,0,0.616,0.616
158,375,217,2025,11,23,23,6,1,1,0,0,0.5786666666666667,0.5786666666666667
281,375,94,2025,11,24,0,0,1,1,0,0,0.25066666666666665,0.25066666666666665
286,375,89,2025,11,24,0,0,1,1,0,0,0.23733333333333334,0.23733333333333334
369,375,6,2025,11,24,6,0,1,1,0,0,0.016,0.016
369,375,6,2025,11,24,6,0,1,1,0,0,0.016,0.016
361,375,14,2025,11,24,7,0,1,1,0,0,0.037333333333333336,0.037333333333333336
353,375,22,2025,11,24,7,0,1,1,0,0,0.058666666666666666,0.058666666666666666
333,375,42,2025,11,24,8,0,1,1,0,0,0.112,0.112
312,375,63,2025,11,24,8,0,1,1,0,0,0.168,0.168
217,375,158,2025,11,24,10,0,1,1,0,0,0.42133333333333334,0.42133333333333334
163,375,212,2025,11,24,12,0,1,1,0,0,0.5653333333333334,0.5653333333333334
111,375,264,2025,11,24,13,0,1,1,0,0,0.704,0.704
94,375,281,2025,11,24,13,0,1,1,0,0,0.7493333333333333,0.7493333333333333
85,375,290,2025,11,24,14,0,1,1,0,0,0.7733333333333333,0.7733333333333333
73,375,302,2025,11,24,14,0,1,1,0,0,0.8053333333333333,0.8053333333333333
42,375,333,2025,11,24,15,0,1,1,0,0,0.888,0.888
38,375,337,2025,11,24,15,0,1,1,0,0,0.8986666666666666,0.8986666666666666
17,375,358,2025,11,24,16,0,1,1,0,0,0.9546666666666667,0.9546666666666667
0,375,375,2025,11,24,16,0,1,1,0,0,1.0,1.0
2,375,373,2025,11,24,17,0,1,1,0,0,0.9946666666666667,0.9946666666666667
1,375,374,2025,11,24,17,0,1,1,0,0,0.9973333333333333,0.9973333333333333
0,375,375,2025,11,24,18,0,1,1,0,0,1.0,1.0
0,375,375,2025,11,24,18,0,1,1,0,0,1.0,1.0
2,375,373,2025,11,24,19,0,1,1,0,0,0.9946666666666667,0.9946666666666667
1,375,374,2025,11,24,19,0,1,1,0,0,0.9973333333333333,0.9973333333333333
0,375,375,2025,11,24,20,0,1,1,0,0,1.0,1.0
0,375,375,2025,11,24,20,0,1,1,0,0,1.0,1.0
10,375,365,2025,11,24,21,0,1,1,0,0,0.9733333333333334,0.9733333333333334
54,375,321,2025,11,24,22,0,1,1,0,0,0.856,0.856
111,375,264,2025,11,24,23,0,1,1,0,0,0.704,0.704
131,375,244,2025,11,24,23,0,1,1,0,0,0.6506666666666666,0.6506666666666666
199,375,176,2025,11,25,0,1,1,1,0,0,0.4693333333333333,0.4693333333333333
227,375,148,2025,11,25,0,1,1,1,0,0,0.39466666666666667,0.39466666666666667
365,375,10,2025,11,25,6,1,1,1,0,0,0.02666666666666667,0.02666666666666667
364,375,11,2025,11,25,6,1,1,1,0,0,0.029333333333333333,0.029333333333333333
361,375,14,2025,11,25,7,1,1,1,0,0,0.037333333333333336,0.037333333333333336
351,375,24,2025,11,25,7,1,1,1,0,0,0.064,0.064
330,375,45,2025,11,25,8,1,1,1,0,0,0.12,0.12
306,375,69,2025,11,25,8,1,1,1,0,0,0.184,0.184
206,375,169,2025,11,25,10,1,1,1,0,0,0.45066666666666666,0.45066666666666666
105,375,270,2025,11,25,11,1,1,1,0,0,0.72,0.72
66,375,309,2025,11,25,12,1,1,1,0,0,0.824,0.824
48,375,327,2025,11,25,13,1,1,1,0,0,0.872,0.872
39,375,336,2025,11,25,13,1,1,1,0,0,0.896,0.896
20,375,355,2025,11,25,14,1,1,1,0,0,0.9466666666666667,0.9466666666666667
1,375,374,2025,11,25,14,1,1,1,0,0,0.9973333333333333,0.9973333333333333
4,375,371,2025,11,25,15,1,1,1,0,0,0.9893333333333333,0.9893333333333333
0,375,375,2025,11,25,15,1,1,1,0,0,1.0,1.0
2,375,373,2025,11,25,16,1,1,1,0,0,0.9946666666666667,0.9946666666666667
0,375,375,2025,11,25,17,1,1,1,0,0,1.0,1.0
0,375,375,2025,11,25,17,1,1,1,0,0,1.0,1.0
0,375,375,2025,11,25,18,1,1,1,0,0,1.0,1.0
0,375,375,2025,11,25,18,1,1,1,0,0,1.0,1.0
0,375,375,2025,11,25,19,1,1,1,0,0,1.0,1.0
0,375,375,2025,11,25,19,1,1,1,0,0,1.0,1.0
0,375,375,2025,11,25,20,1,1,1,0,0,1.0,1.0
2,375,373,2025,11,25,20,1,1,1,0,0,0.9946666666666667,0.9946666666666667
13,375,362,2025,11,25,21,1,1,1,0,0,0.9653333333333334,0.9653333333333334
53,375,322,2025,11,25,22,1,1,1,0,0,0.8586666666666667,0.8586666666666667
101,375,274,2025,11,25,23,1,1,1,0,0,0.7306666666666667,0.7306666666666667
131,375,244,2025,11,25,23,1,1,1,0,0,0.6506666666666666,0.6506666666666666
170,375,205,2025,11,26,0,2,1,1,0,0,0.5466666666666666,0.5466666666666666
201,375,174,2025,11,26,0,2,1,1,0,0,0.464,0.464
367,375,8,2025,11,26,6,2,1,1,0,0,0.021333333333333333,0.021333333333333333
366,375,9,2025,11,26,6,2,1,1,0,0,0.024,0.024
363,375,12,2025,11,26,7,2,1,1,0,0,0.032,0.032
356,375,19,2025,11,26,7,2,1,1,0,0,0.050666666666666665,0.050666666666666665
331,375,44,2025,11,26,8,2,1,1,0,0,0.11733333333333333,0.11733333333333333
302,375,73,2025,11,26,8,2,1,1,0,0,0.19466666666666665,0.19466666666666665
193,375,182,2025,11,26,10,2,1,1,0,0,0.48533333333333334,0.48533333333333334
120,375,255,2025,11,26,11,2,1,1,0,0,0.68,0.68
71,375,304,2025,11,26,12,2,1,1,0,0,0.8106666666666666,0.8106666666666666
27,375,348,2025,11,26,13,2,1,1,0,0,0.928,0.928
18,375,357,2025,11,26,13,2,1,1,0,0,0.952,0.952
0,375,375,2025,11,26,14,2,1,1,0,0,1.0,1.0
2,375,373,2025,11,26,14,2,1,1,0,0,0.9946666666666667,0.9946666666666667
0,375,375,2025,11,26,15,2,1,1,0,0,1.0,1.0
0,375,375,2025,11,26,15,2,1,1,0,0,1.0,1.0
2,375,373,2025,11,26,16,2,1,1,0,0,0.9946666666666667,0.9946666666666667
0,375,375,2025,11,26,16,2,1,1,0,0,1.0,1.0
0,375,375,2025,11,26,17,2,1,1,0,0,1.0,1.0
0,375,375,2025,11,26,17,2,1,1,0,0,1.0,1.0
0,375,375,2025,11,26,18,2,1,1,0,0,1.0,1.0
0,375,375,2025,11,26,18,2,1,1,0,0,1.0,1.0
1,375,374,2025,11,26,19,2,1,1,0,0,0.9973333333333333,0.9973333333333333
1,375,374,2025,11,26,19,2,1,1,0,0,0.9973333333333333,0.9973333333333333
0,375,375,2025,11,26,20,2,1,1,0,0,1.0,1.0
0,375,375,2025,11,26,20,2,1,1,0,0,1.0,1.0
18,375,357,2025,11,26,21,2,1,1,0,0,0.952,0.952
33,375,342,2025,11,26,22,2,1,1,0,0,0.912,0.912
69,375,306,2025,11,26,23,2,1,1,0,0,0.816,0.816
100,375,275,2025,11,26,23,2,1,1,0,0,0.7333333333333333,0.7333333333333333
127,375,248,2025,11,27,0,3,1,1,0,0,0.6613333333333333,0.6613333333333333
156,375,219,2025,11,27,0,3,1,1,0,0,0.584,0.584
362,375,13,2025,11,27,6,3,1,1,0,0,0.034666666666666665,0.034666666666666665
360,375,15,2025,11,27,6,3,1,1,0,0,0.04,0.04
349,375,26,2025,11,27,7,3,1,1,0,0,0.06933333333333333,0.06933333333333333
343,375,32,2025,11,27,7,3,1,1,0,0,0.08533333333333333,0.08533333333333333
319,375,56,2025,11,27,8,3,1,1,0,0,0.14933333333333335,0.14933333333333335
294,375,81,2025,11,27,8,3,1,1,0,0,0.216,0.216
194,375,181,2025,11,27,10,3,1,1,0,0,0.4826666666666667,0.4826666666666667
102,375,273,2025,11,27,11,3,1,1,0,0,0.728,0.728
80,375,295,2025,11,27,12,3,1,1,0,0,0.7866666666666666,0.7866666666666666
24,375,351,2025,11,27,13,3,1,1,0,0,0.936,0.936
4,375,371,2025,11,27,13,3,1,1,0,0,0.9893333333333333,0.9893333333333333
1,375,374,2025,11,27,14,3,1,1,0,0,0.9973333333333333,0.9973333333333333
2,375,373,2025,11,27,14,3,1,1,0,0,0.9946666666666667,0.9946666666666667
0,375,375,2025,11,27,15,3,1,1,0,0,1.0,1.0
0,375,375,2025,11,27,15,3,1,1,0,0,1.0,1.0
1,375,374,2025,11,27,16,3,1,1,0,0,0.9973333333333333,0.9973333333333333
0,375,375,2025,11,27,16,3,1,1,0,0,1.0,1.0
0,375,375,2025,11,27,17,3,1,1,0,0,1.0,1.0
0,375,375,2025,11,27,17,3,1,1,0,0,1.0,1.0
0,375,375,2025,11,27,18,3,1,1,0,0,1.0,1.0
1,375,374,2025,11,27,18,3,1,1,0,0,0.9973333333333333,0.9973333333333333
3,375,372,2025,11,27,19,3,1,1,0,0,0.992,0.992
0,375,375,2025,11,27,19,3,1,1,0,0,1.0,1.0
4,375,371,2025,11,27,20,3,1,1,0,0,0.9893333333333333,0.9893333333333333
2,375,373,2025,11,27,20,3,1,1,0,0,0.9946666666666667,0.9946666666666667
8,375,367,2025,11,27,21,3,1,1,0,0,0.9786666666666667,0.9786666666666667
43,375,332,2025,11,27,22,3,1,1,0,0,0.8853333333333333,0.8853333333333333
69,375,306,2025,11,27,23,3,1,1,0,0,0.816,0.816
103,375,272,2025,11,27,23,3,1,1,0,0,0.7253333333333334,0.7253333333333334
125,375,250,2025,11,28,0,4,1,1,0,0,0.6666666666666666,0.6666666666666666
153,375,222,2025,11,28,0,4,1,1,0,0,0.592,0.592
367,375,8,2025,11,28,6,4,1,1,0,0,0.021333333333333333,0.021333333333333333
368,375,7,2025,11,28,6,4,1,1,0,0,0.018666666666666668,0.018666666666666668
365,375,10,2025,11,28,7,4,1,1,0,0,0.02666666666666667,0.02666666666666667
356,375,19,2025,11,28,7,4,1,1,0,0,0.050666666666666665,0.050666666666666665
337,375,38,2025,11,28,8,4,1,1,0,0,0.10133333333333333,0.10133333333333333
322,375,53,2025,11,28,8,4,1,1,0,0,0.14133333333333334,0.14133333333333334
213,375,162,2025,11,28,10,4,1,1,0,0,0.432,0.432
154,375,221,2025,11,28,11,4,1,1,0,0,0.5893333333333334,0.5893333333333334
111,375,264,2025,11,28,12,4,1,1,0,0,0.704,0.704
82,375,293,2025,11,28,13,4,1,1,0,0,0.7813333333333333,0.7813333333333333
63,375,312,2025,11,28,13,4,1,1,0,0,0.832,0.832
30,375,345,2025,11,28,14,4,1,1,0,0,0.92,0.92
22,375,353,2025,11,28,14,4,1,1,0,0,0.9413333333333334,0.9413333333333334
2,375,373,2025,11,28,15,4,1,1,0,0,0.9946666666666667,0.9946666666666667
1,375,374,2025,11,28,15,4,1,1,0,0,0.9973333333333333,0.9973333333333333
1,375,374,2025,11,28,16,4,1,1,0,0,0.9973333333333333,0.9973333333333333
1,375,374,2025,11,28,16,4,1,1,0,0,0.9973333333333333,0.9973333333333333
2,375,373,2025,11,28,17,4,1,1,0,0,0.9946666666666667,0.9946666666666667
4,375,371,2025,11,28,17,4,1,1,0,0,0.9893333333333333,0.9893333333333333
1,375,374,2025,11,28,18,4,1,1,0,0,0.9973333333333333,0.9973333333333333
1,375,374,2025,11,28,18,4,1,1,0,0,0.9973333333333333,0.9973333333333333
2,375,373,2025,11,28,19,4,1,1,0,0,0.9946666666666667,0.9946666666666667
0,375,375,2025,11,28,19,4,1,1,0,0,1.0,1.0
0,375,375,2025,11,28,20,4,1,1,0,0,1.0,1.0
3,375,372,2025,11,28,20,4,1,1,0,0,0.992,0.992
15,375,360,2025,11,28,21,4,1,1,0,0,0.96,0.96
53,375,322,2025,11,28,22,4,1,1,0,0,0.8586666666666667,0.8586666666666667
64,375,311,2025,11,28,22,4,1,1,0,0,0.8293333333333334,0.8293333333333334
92,375,283,2025,11,28,23,4,1,1,0,0,0.7546666666666667,0.7546666666666667
106,375,269,2025,11,28,23,4,1,1,0,0,0.7173333333333334,0.7173333333333334
146,375,229,2025,11,29,0,5,1,1,0,0,0.6106666666666667,0.6106666666666667
171,375,204,2025,11,29,0,5,1,1,0,0,0.544,0.544
366,375,9,2025,11,29,6,5,1,1,0,0,0.024,0.024
366,375,9,2025,11,29,6,5,1,1,0,0,0.024,0.024
364,375,11,2025,11,29,7,5,1,1,0,0,0.029333333333333333,0.029333333333333333
358,375,17,2025,11,29,7,5,1,1,0,0,0.04533333333333334,0.04533333333333334
349,375,26,2025,11,29,8,5,1,1,0,0,0.06933333333333333,0.06933333333333333
329,375,46,2025,11,29,8,5,1,1,0,0,0.12266666666666666,0.12266666666666666
241,375,134,2025,11,29,10,5,1,1,0,0,0.35733333333333334,0.35733333333333334
168,375,207,2025,11,29,11,5,1,1,0,0,0.552,0.552
129,375,246,2025,11,29,12,5,1,1,0,0,0.656,0.656
94,375,281,2025,11,29,13,5,1,1,0,0,0.7493333333333333,0.7493333333333333
62,375,313,2025,11,29,13,5,1,1,0,0,0.8346666666666667,0.8346666666666667
29,375,346,2025,11,29,14,5,1,1,0,0,0.9226666666666666,0.9226666666666666
8,375,367,2025,11,29,14,5,1,1,0,0,0.9786666666666667,0.9786666666666667
1,375,374,2025,11,29,15,5,1,1,0,0,0.9973333333333333,0.9973333333333333
0,375,375,2025,11,29,15,5,1,1,0,0,1.0,1.0
0,375,375,2025,11,29,16,5,1,1,0,0,1.0,1.0
2,375,373,2025,11,29,16,5,1,1,0,0,0.9946666666666667,0.9946666666666667
0,375,375,2025,11,29,17,5,1,1,0,0,1.0,1.0
0,375,375,2025,11,29,18,5,1,1,0,0,1.0,1.0
0,375,375,2025,11,29,18,5,1,1,0,0,1.0,1.0
2,375,373,2025,11,29,19,5,1,1,0,0,0.9946666666666667,0.9946666666666667
3,375,372,2025,11,29,19,5,1,1,0,0,0.992,0.992
6,375,369,2025,11,29,20,5,1,1,0,0,0.984,0.984
19,375,356,2025,11,29,20,5,1,1,0,0,0.9493333333333334,0.9493333333333334
24,375,351,2025,11,29,21,5,1,1,0,0,0.936,0.936
39,375,336,2025,11,29,22,5,1,1,0,0,0.896,0.896
61,375,314,2025,11,29,22,5,1,1,0,0,0.8373333333333334,0.8373333333333334
90,375,285,2025,11,29,23,5,1,1,0,0,0.76,0.76
113,375,262,2025,11,29,23,5,1,1,0,0,0.6986666666666667,0.6986666666666667
140,375,235,2025,11,30,0,6,1,1,0,0,0.6266666666666667,0.6266666666666667
168,375,207,2025,11,30,0,6,1,1,0,0,0.552,0.552
366,375,9,2025,11,30,6,6,1,1,0,0,0.024,0.024
366,375,9,2025,11,30,6,6,1,1,0,0,0.024,0.024
365,375,10,2025,11,30,7,6,1,1,0,0,0.02666666666666667,0.02666666666666667
358,375,17,2025,11,30,7,6,1,1,0,0,0.04533333333333334,0.04533333333333334
347,375,28,2025,11,30,8,6,1,1,0,0,0.07466666666666667,0.07466666666666667
333,375,42,2025,11,30,8,6,1,1,0,0,0.112,0.112
101,375,274,2025,11,30,12,6,1,1,0,0,0.7306666666666667,0.7306666666666667
18,375,357,2025,11,30,13,6,1,1,0,0,0.952,0.952
0,375,375,2025,11,30,13,6,1,1,0,0,1.0,1.0
0,375,375,2025,11,30,14,6,1,1,0,0,1.0,1.0
270,270,0,2025,9,25,6,3,2,0,0,0,0.0,0.0
270,270,0,2025,9,25,6,3,2,0,0,0,0.0,0.0
270,270,0,2025,9,25,7,3,2,0,0,0,0.0,0.0
269,270,1,2025,9,25,7,3,2,0,0,0,0.003703703703703704,0.003703703703703704
265,270,5,2025,9,25,8,3,2,0,0,0,0.018518518518518517,0.018518518518518517
263,270,7,2025,9,25,8,3,2,0,0,0,0.025925925925925925,0.025925925925925925
264,270,6,2025,9,25,10,3,2,0,0,0,0.022222222222222223,0.022222222222222223
249,270,21,2025,9,25,12,3,2,0,0,0,0.07777777777777778,0.07777777777777778
241,270,29,2025,9,25,12,3,2,0,0,0,0.10740740740740741,0.10740740740740741
233,270,37,2025,9,25,13,3,2,0,0,0,0.13703703703703704,0.13703703703703704
230,270,40,2025,9,25,13,3,2,0,0,0,0.14814814814814814,0.14814814814814814
224,270,46,2025,9,25,14,3,2,0,0,0,0.17037037037037037,0.17037037037037037
224,270,46,2025,9,25,14,3,2,0,0,0,0.17037037037037037,0.17037037037037037
209,270,61,2025,9,25,15,3,2,0,0,0,0.22592592592592592,0.22592592592592592
202,270,68,2025,9,25,16,3,2,0,0,0,0.2518518518518518,0.2518518518518518
202,270,68,2025,9,25,16,3,2,0,0,0,0.2518518518518518,0.2518518518518518
205,270,65,2025,9,25,17,3,2,0,0,0,0.24074074074074073,0.24074074074074073
202,270,68,2025,9,25,18,3,2,0,0,0,0.2518518518518518,0.2518518518518518
207,270,63,2025,9,25,18,3,2,0,0,0,0.23333333333333334,0.23333333333333334
212,270,58,2025,9,25,19,3,2,0,0,0,0.21481481481481482,0.21481481481481482
214,270,56,2025,9,25,19,3,2,0,0,0,0.2074074074074074,0.2074074074074074
213,270,57,2025,9,25,20,3,2,0,0,0,0.2111111111111111,0.2111111111111111
212,270,58,2025,9,25,20,3,2,0,0,0,0.21481481481481482,0.21481481481481482
204,270,66,2025,9,25,21,3,2,0,0,0,0.24444444444444444,0.24444444444444444
211,270,59,2025,9,25,21,3,2,0,0,0,0.21851851851851853,0.21851851851851853
210,270,60,2025,9,25,22,3,2,0,0,0,0.2222222222222222,0.2222222222222222
217,270,53,2025,9,25,22,3,2,0,0,0,0.1962962962962963,0.1962962962962963
226,270,44,2025,9,25,23,3,2,0,0,0,0.16296296296296298,0.16296296296296298
232,270,38,2025,9,25,23,3,2,0,0,0,0.14074074074074075,0.14074074074074075
270,270,0,2025,9,26,0,4,2,0,0,0,0.0,0.0
270,270,0,2025,9,26,6,4,2,0,0,0,0.0,0.0
270,270,0,2025,9,26,6,4,2,0,0,0,0.0,0.0
270,270,0,2025,9,26,7,4,2,0,0,0,0.0,0.0
270,270,0,2025,9,26,7,4,2,0,0,0,0.0,0.0
268,270,2,2025,9,26,8,4,2,0,0,0,0.007407407407407408,0.007407407407407408
267,270,3,2025,9,26,8,4,2,0,0,0,0.011111111111111112,0.011111111111111112
265,270,5,2025,9,26,9,4,2,0,0,0,0.018518518518518517,0.018518518518518517
262,270,8,2025,9,26,9,4,2,0,0,0,0.02962962962962963,0.02962962962962963
261,270,9,2025,9,26,10,4,2,0,0,0,0.03333333333333333,0.03333333333333333
259,270,11,2025,9,26,10,4,2,0,0,0,0.040740740740740744,0.040740740740740744
259,270,11,2025,9,26,11,4,2,0,0,0,0.040740740740740744,0.040740740740740744
257,270,13,2025,9,26,11,4,2,0,0,0,0.04814814814814815,0.04814814814814815
252,270,18,2025,9,26,12,4,2,0,0,0,0.06666666666666667,0.06666666666666667
252,270,18,2025,9,26,12,4,2,0,0,0,0.06666666666666667,0.06666666666666667
249,270,21,2025,9,26,13,4,2,0,0,0,0.07777777777777778,0.07777777777777778
244,270,26,2025,9,26,13,4,2,0,0,0,0.0962962962962963,0.0962962962962963
240,270,30,2025,9,26,14,4,2,0,0,0,0.1111111111111111,0.1111111111111111
238,270,32,2025,9,26,14,4,2,0,0,0,0.11851851851851852,0.11851851851851852
242,270,28,2025,9,26,15,4,2,0,0,0,0.1037037037037037,0.1037037037037037
240,270,30,2025,9,26,15,4,2,0,0,0,0.1111111111111111,0.1111111111111111
238,270,32,2025,9,26,16,4,2,0,0,0,0.11851851851851852,0.11851851851851852
236,270,34,2025,9,26,16,4,2,0,0,0,0.1259259259259259,0.1259259259259259
233,270,37,2025,9,26,17,4,2,0,0,0,0.13703703703703704,0.13703703703703704
232,270,38,2025,9,26,17,4,2,0,0,0,0.14074074074074075,0.14074074074074075
235,270,35,2025,9,26,18,4,2,0,0,0,0.12962962962962962,0.12962962962962962
235,270,35,2025,9,26,18,4,2,0,0,0,0.12962962962962962,0.12962962962962962
237,270,33,2025,9,26,19,4,2,0,0,0,0.12222222222222222,0.12222222222222222
236,270,34,2025,9,26,19,4,2,0,0,0,0.1259259259259259,0.1259259259259259
240,270,30,2025,9,26,20,4,2,0,0,0,0.1111111111111111,0.1111111111111111
244,270,26,2025,9,26,20,4,2,0,0,0,0.0962962962962963,0.0962962962962963
236,270,34,2025,9,26,21,4,2,0,0,0,0.1259259259259259,0.1259259259259259
235,270,35,2025,9,26,21,4,2,0,0,0,0.12962962962962962,0.12962962962962962
240,270,30,2025,9,26,22,4,2,0,0,0,0.1111111111111111,0.1111111111111111
240,270,30,2025,9,26,22,4,2,0,0,0,0.1111111111111111,0.1111111111111111
242,270,28,2025,9,26,22,4,2,0,0,0,0.1037037037037037,0.1037037037037037
246,270,24,2025,9,26,23,4,2,0,0,0,0.08888888888888889,0.08888888888888889
250,270,20,2025,9,26,23,4,2,0,0,0,0.07407407407407407,0.07407407407407407
270,270,0,2025,9,27,6,5,2,0,0,0,0.0,0.0
270,270,0,2025,9,27,6,5,2,0,0,0,0.0,0.0
270,270,0,2025,9,27,7,5,2,0,0,0,0.0,0.0
270,270,0,2025,9,27,7,5,2,0,0,0,0.0,0.0
269,270,1,2025,9,27,8,5,2,0,0,0,0.003703703703703704,0.003703703703703704
266,270,4,2025,9,27,8,5,2,0,0,0,0.014814814814814815,0.014814814814814815
261,270,9,2025,9,27,10,5,2,0,0,0,0.03333333333333333,0.03333333333333333
255,270,15,2025,9,27,11,5,2,0,0,0,0.05555555555555555,0.05555555555555555
254,270,16,2025,9,27,12,5,2,0,0,0,0.05925925925925926,0.05925925925925926
253,270,17,2025,9,27,12,5,2,0,0,0,0.06296296296296296,0.06296296296296296
252,270,18,2025,9,27,12,5,2,0,0,0,0.06666666666666667,0.06666666666666667
252,270,18,2025,9,27,13,5,2,0,0,0,0.06666666666666667,0.06666666666666667
249,270,21,2025,9,27,13,5,2,0,0,0,0.07777777777777778,0.07777777777777778
244,270,26,2025,9,27,14,5,2,0,0,0,0.0962962962962963,0.0962962962962963
244,270,26,2025,9,27,14,5,2,0,0,0,0.0962962962962963,0.0962962962962963
241,270,29,2025,9,27,15,5,2,0,0,0,0.10740740740740741,0.10740740740740741
238,270,32,2025,9,27,15,5,2,0,0,0,0.11851851851851852,0.11851851851851852
238,270,32,2025,9,27,16,5,2,0,0,0,0.11851851851851852,0.11851851851851852
236,270,34,2025,9,27,16,5,2,0,0,0,0.1259259259259259,0.1259259259259259
224,270,46,2025,9,27,17,5,2,0,0,0,0.17037037037037037,0.17037037037037037
227,270,43,2025,9,27,17,5,2,0,0,0,0.15925925925925927,0.15925925925925927
225,270,45,2025,9,27,18,5,2,0,0,0,0.16666666666666666,0.16666666666666666
227,270,43,2025,9,27,18,5,2,0,0,0,0.15925925925925927,0.15925925925925927
227,270,43,2025,9,27,19,5,2,0,0,0,0.15925925925925927,0.15925925925925927
228,270,42,2025,9,27,19,5,2,0,0,0,0.15555555555555556,0.15555555555555556
235,270,35,2025,9,27,20,5,2,0,0,0,0.12962962962962962,0.12962962962962962
234,270,36,2025,9,27,20,5,2,0,0,0,0.13333333333333333,0.13333333333333333
235,270,35,2025,9,27,21,5,2,0,0,0,0.12962962962962962,0.12962962962962962
247,270,23,2025,9,27,22,5,2,0,0,0,0.08518518518518518,0.08518518518518518
249,270,21,2025,9,27,22,5,2,0,0,0,0.07777777777777778,0.07777777777777778
256,270,14,2025,9,27,23,5,2,0,0,0,0.05185185185185185,0.05185185185185185
256,270,14,2025,9,27,23,5,2,0,0,0,0.05185185185185185,0.05185185185185185
270,270,0,2025,9,28,6,6,2,0,0,0,0.0,0.0
270,270,0,2025,9,28,6,6,2,0,0,0,0.0,0.0
270,270,0,2025,9,28,7,6,2,0,0,0,0.0,0.0
270,270,0,2025,9,28,7,6,2,0,0,0,0.0,0.0
270,270,0,2025,9,28,8,6,2,0,0,0,0.0,0.0
270,270,0,2025,9,28,8,6,2,0,0,0,0.0,0.0
268,270,2,2025,9,28,10,6,2,0,0,0,0.007407407407407408,0.007407407407407408
267,270,3,2025,9,28,11,6,2,0,0,0,0.011111111111111112,0.011111111111111112
267,270,3,2025,9,28,11,6,2,0,0,0,0.011111111111111112,0.011111111111111112
265,270,5,2025,9,28,12,6,2,0,0,0,0.018518518518518517,0.018518518518518517
264,270,6,2025,9,28,13,6,2,0,0,0,0.022222222222222223,0.022222222222222223
262,270,8,2025,9,28,13,6,2,0,0,0,0.02962962962962963,0.02962962962962963
256,270,14,2025,9,28,14,6,2,0,0,0,0.05185185185185185,0.05185185185185185
252,270,18,2025,9,28,14,6,2,0,0,0,0.06666666666666667,0.06666666666666667
244,270,26,2025,9,28,15,6,2,0,0,0,0.0962962962962963,0.0962962962962963
244,270,26,2025,9,28,15,6,2,0,0,0,0.0962962962962963,0.0962962962962963
242,270,28,2025,9,28,16,6,2,0,0,0,0.1037037037037037,0.1037037037037037
237,270,33,2025,9,28,16,6,2,0,0,0,0.12222222222222222,0.12222222222222222
222,270,48,2025,9,28,17,6,2,0,0,0,0.17777777777777778,0.17777777777777778
221,270,49,2025,9,28,17,6,2,0,0,0,0.1814814814814815,0.1814814814814815
224,270,46,2025,9,28,18,6,2,0,0,0,0.17037037037037037,0.17037037037037037
224,270,46,2025,9,28,18,6,2,0,0,0,0.17037037037037037,0.17037037037037037
221,270,49,2025,9,28,19,6,2,0,0,0,0.1814814814814815,0.1814814814814815
219,270,51,2025,9,28,19,6,2,0,0,0,0.18888888888888888,0.18888888888888888
223,270,47,2025,9,28,20,6,2,0,0,0,0.17407407407407408,0.17407407407407408
222,270,48,2025,9,28,20,6,2,0,0,0,0.17777777777777778,0.17777777777777778
234,270,36,2025,9,28,21,6,2,0,0,0,0.13333333333333333,0.13333333333333333
238,270,32,2025,9,28,22,6,2,0,0,0,0.11851851851851852,0.11851851851851852
241,270,29,2025,9,28,22,6,2,0,0,0,0.10740740740740741,0.10740740740740741
247,270,23,2025,9,28,23,6,2,0,0,0,0.08518518518518518,0.08518518518518518
250,270,20,2025,9,28,23,6,2,0,0,0,0.07407407407407407,0.07407407407407407
270,270,0,2025,9,29,6,0,2,0,0,0,0.0,0.0
270,270,0,2025,9,29,6,0,2,0,0,0,0.0,0.0
269,270,1,2025,9,29,7,0,2,0,0,0,0.003703703703703704,0.003703703703703704
268,270,2,2025,9,29,7,0,2,0,0,0,0.007407407407407408,0.007407407407407408
266,270,4,2025,9,29,8,0,2,0,0,0,0.014814814814814815,0.014814814814814815
262,270,8,2025,9,29,8,0,2,0,0,0,0.02962962962962963,0.02962962962962963
262,270,8,2025,9,29,9,0,2,0,0,0,0.02962962962962963,0.02962962962962963
255,270,15,2025,9,29,10,0,2,0,0,0,0.05555555555555555,0.05555555555555555
250,270,20,2025,9,29,11,0,2,0,0,0,0.07407407407407407,0.07407407407407407
242,270,28,2025,9,29,11,0,2,0,0,0,0.1037037037037037,0.1037037037037037
233,270,37,2025,9,29,12,0,2,0,0,0,0.13703703703703704,0.13703703703703704
233,270,37,2025,9,29,12,0,2,0,0,0,0.13703703703703704,0.13703703703703704
224,270,46,2025,9,29,13,0,2,0,0,0,0.17037037037037037,0.17037037037037037
220,270,50,2025,9,29,13,0,2,0,0,0,0.18518518518518517,0.18518518518518517
216,270,54,2025,9,29,14,0,2,0,0,0,0.2,0.2
220,270,50,2025,9,29,14,0,2,0,0,0,0.18518518518518517,0.18518518518518517
200,270,70,2025,9,29,15,0,2,0,0,0,0.25925925925925924,0.25925925925925924
199,270,71,2025,9,29,15,0,2,0,0,0,0.26296296296296295,0.26296296296296295
197,270,73,2025,9,29,16,0,2,0,0,0,0.27037037037037037,0.27037037037037037
186,270,84,2025,9,29,16,0,2,0,0,0,0.3111111111111111,0.3111111111111111
186,270,84,2025,9,29,17,0,2,0,0,0,0.3111111111111111,0.3111111111111111
184,270,86,2025,9,29,17,0,2,0,0,0,0.31851851851851853,0.31851851851851853
181,270,89,2025,9,29,18,0,2,0,0,0,0.3296296296296296,0.3296296296296296
179,270,91,2025,9,29,18,0,2,0,0,0,0.337037037037037,0.337037037037037
167,270,103,2025,9,29,19,0,2,0,0,0,0.3814814814814815,0.3814814814814815
162,270,108,2025,9,29,19,0,2,0,0,0,0.4,0.4
157,270,113,2025,9,29,20,0,2,0,0,0,0.4185185185185185,0.4185185185185185
150,270,120,2025,9,29,20,0,2,0,0,0,0.4444444444444444,0.4444444444444444
145,270,125,2025,9,29,21,0,2,0,0,0,0.46296296296296297,0.46296296296296297
168,270,102,2025,9,29,22,0,2,0,0,0,0.37777777777777777,0.37777777777777777
184,270,86,2025,9,29,22,0,2,0,0,0,0.31851851851851853,0.31851851851851853
195,270,75,2025,9,29,23,0,2,0,0,0,0.2777777777777778,0.2777777777777778
202,270,68,2025,9,29,23,0,2,0,0,0,0.2518518518518518,0.2518518518518518
270,270,0,2025,9,30,6,1,2,0,0,0,0.0,0.0
270,270,0,2025,9,30,6,1,2,0,0,0,0.0,0.0
270,270,0,2025,9,30,7,1,2,0,0,0,0.0,0.0
270,270,0,2025,9,30,7,1,2,0,0,0,0.0,0.0
265,270,5,2025,9,30,8,1,2,0,0,0,0.018518518518518517,0.018518518518518517
264,270,6,2025,9,30,8,1,2,0,0,0,0.022222222222222223,0.022222222222222223
263,270,7,2025,9,30,9,1,2,0,0,0,0.025925925925925925,0.025925925925925925
263,270,7,2025,9,30,9,1,2,0,0,0,0.025925925925925925,0.025925925925925925
261,270,9,2025,9,30,10,1,2,0,0,0,0.03333333333333333,0.03333333333333333
261,270,9,2025,9,30,10,1,2,0,0,0,0.03333333333333333,0.03333333333333333
260,270,10,2025,9,30,10,1,2,0,0,0,0.037037037037037035,0.037037037037037035
253,270,17,2025,9,30,11,1,2,0,0,0,0.06296296296296296,0.06296296296296296
246,270,24,2025,9,30,11,1,2,0,0,0,0.08888888888888889,0.08888888888888889
234,270,36,2025,9,30,12,1,2,0,0,0,0.13333333333333333,0.13333333333333333
228,270,42,2025,9,30,13,1,2,0,0,0,0.15555555555555556,0.15555555555555556
222,270,48,2025,9,30,13,1,2,0,0,0,0.17777777777777778,0.17777777777777778
221,270,49,2025,9,30,14,1,2,0,0,0,0.1814814814814815,0.1814814814814815
219,270,51,2025,9,30,14,1,2,0,0,0,0.18888888888888888,0.18888888888888888
215,270,55,2025,9,30,15,1,2,0,0,0,0.2037037037037037,0.2037037037037037
214,270,56,2025,9,30,15,1,2,0,0,0,0.2074074074074074,0.2074074074074074
210,270,60,2025,9,30,16,1,2,0,0,0,0.2222222222222222,0.2222222222222222
199,270,71,2025,9,30,16,1,2,0,0,0,0.26296296296296295,0.26296296296296295
190,270,80,2025,9,30,17,1,2,0,0,0,0.2962962962962963,0.2962962962962963
185,270,85,2025,9,30,17,1,2,0,0,0,0.3148148148148148,0.3148148148148148
185,270,85,2025,9,30,18,1,2,0,0,0,0.3148148148148148,0.3148148148148148
183,270,87,2025,9,30,18,1,2,0,0,0,0.32222222222222224,0.32222222222222224
178,270,92,2025,9,30,19,1,2,0,0,0,0.34074074074074073,0.34074074074074073
168,270,102,2025,9,30,19,1,2,0,0,0,0.37777777777777777,0.37777777777777777
160,270,110,2025,9,30,20,1,2,0,0,0,0.4074074074074074,0.4074074074074074
150,270,120,2025,9,30,20,1,2,0,0,0,0.4444444444444444,0.4444444444444444
140,270,130,2025,9,30,21,1,2,0,0,0,0.48148148148148145,0.48148148148148145
154,270,116,2025,9,30,22,1,2,0,0,0,0.42962962962962964,0.42962962962962964
167,270,103,2025,9,30,22,1,2,0,0,0,0.3814814814814815,0.3814814814814815
180,270,90,2025,9,30,23,1,2,0,0,0,0.3333333333333333,0.3333333333333333
187,270,83,2025,9,30,23,1,2,0,0,0,0.3074074074074074,0.3074074074074074
270,270,0,2025,10,1,6,2,2,0,0,0,0.0,0.0
269,270,1,2025,10,1,6,2,2,0,0,0,0.003703703703703704,0.003703703703703704
268,270,2,2025,10,1,7,2,2,0,0,0,0.007407407407407408,0.007407407407407408
268,270,2,2025,10,1,7,2,2,0,0,0,0.007407407407407408,0.007407407407407408
266,270,4,2025,10,1,8,2,2,0,0,0,0.014814814814814815,0.014814814814814815
263,270,7,2025,10,1,8,2,2,0,0,0,0.025925925925925925,0.025925925925925925
256,270,14,2025,10,1,10,2,2,0,0,0,0.05185185185185185,0.05185185185185185
247,270,23,2025,10,1,11,2,2,0,0,0,0.08518518518518518,0.08518518518518518
235,270,35,2025,10,1,11,2,2,0,0,0,0.12962962962962962,0.12962962962962962
225,270,45,2025,10,1,12,2,2,0,0,0,0.16666666666666666,0.16666666666666666
222,270,48,2025,10,1,12,2,2,0,0,0,0.17777777777777778,0.17777777777777778
228,270,42,2025,10,1,13,2,2,0,0,0,0.15555555555555556,0.15555555555555556
224,270,46,2025,10,1,13,2,2,0,0,0,0.17037037037037037,0.17037037037037037
226,270,44,2025,10,1,14,2,2,0,0,0,0.16296296296296298,0.16296296296296298
224,270,46,2025,10,1,14,2,2,0,0,0,0.17037037037037037,0.17037037037037037
213,270,57,2025,10,1,15,2,2,0,0,0,0.2111111111111111,0.2111111111111111
207,270,63,2025,10,1,15,2,2,0,0,0,0.23333333333333334,0.23333333333333334
204,270,66,2025,10,1,16,2,2,0,0,0,0.24444444444444444,0.24444444444444444
204,270,66,2025,10,1,16,2,2,0,0,0,0.24444444444444444,0.24444444444444444
197,270,73,2025,10,1,17,2,2,0,0,0,0.27037037037037037,0.27037037037037037
194,270,76,2025,10,1,17,2,2,0,0,0,0.2814814814814815,0.2814814814814815
205,270,65,2025,10,1,18,2,2,0,0,0,0.24074074074074073,0.24074074074074073
207,270,63,2025,10,1,18,2,2,0,0,0,0.23333333333333334,0.23333333333333334
203,270,67,2025,10,1,19,2,2,0,0,0,0.24814814814814815,0.24814814814814815
198,270,72,2025,10,1,19,2,2,0,0,0,0.26666666666666666,0.26666666666666666
196,270,74,2025,10,1,20,2,2,0,0,0,0.2740740740740741,0.2740740740740741
195,270,75,2025,10,1,20,2,2,0,0,0,0.2777777777777778,0.2777777777777778
197,270,73,2025,10,1,21,2,2,0,0,0,0.27037037037037037,0.27037037037037037
202,270,68,2025,10,1,22,2,2,0,0,0,0.2518518518518518,0.2518518518518518
206,270,64,2025,10,1,22,2,2,0,0,0,0.23703703703703705,0.23703703703703705
215,270,55,2025,10,1,23,2,2,0,0,0,0.2037037037037037,0.2037037037037037
223,270,47,2025,10,1,23,2,2,0,0,0,0.17407407407407408,0.17407407407407408
270,270,0,2025,10,2,6,3,2,0,0,0,0.0,0.0
270,270,0,2025,10,2,6,3,2,0,0,0,0.0,0.0
270,270,0,2025,10,2,7,3,2,0,0,0,0.0,0.0
268,270,2,2025,10,2,7,3,2,0,0,0,0.007407407407407408,0.007407407407407408
266,270,4,2025,10,2,8,3,2,0,0,0,0.014814814814814815,0.014814814814814815
266,270,4,2025,10,2,8,3,2,0,0,0,0.014814814814814815,0.014814814814814815
261,269,8,2025,10,2,10,3,2,0,0,0,0.02973977695167286,0.02973977695167286
261,269,8,2025,10,2,10,3,2,0,0,0,0.02973977695167286,0.02973977695167286
249,269,20,2025,10,2,11,3,2,0,0,0,0.07434944237918216,0.07434944237918216
244,269,25,2025,10,2,12,3,2,0,0,0,0.09293680297397769,0.09293680297397769
240,269,29,2025,10,2,12,3,2,0,0,0,0.10780669144981413,0.10780669144981413
238,269,31,2025,10,2,13,3,2,0,0,0,0.11524163568773234,0.11524163568773234
239,269,30,2025,10,2,13,3,2,0,0,0,0.11152416356877323,0.11152416356877323
234,269,35,2025,10,2,14,3,2,0,0,0,0.13011152416356878,0.13011152416356878
238,269,31,2025,10,2,14,3,2,0,0,0,0.11524163568773234,0.11524163568773234
243,269,26,2025,10,2,15,3,2,0,0,0,0.09665427509293681,0.09665427509293681
239,269,30,2025,10,2,15,3,2,0,0,0,0.11152416356877323,0.11152416356877323
240,269,29,2025,10,2,16,3,2,0,0,0,0.10780669144981413,0.10780669144981413
235,269,34,2025,10,2,16,3,2,0,0,0,0.12639405204460966,0.12639405204460966
241,269,28,2025,10,2,17,3,2,0,0,0,0.10408921933085502,0.10408921933085502
241,269,28,2025,10,2,17,3,2,0,0,0,0.10408921933085502,0.10408921933085502
239,269,30,2025,10,2,18,3,2,0,0,0,0.11152416356877323,0.11152416356877323
240,269,29,2025,10,2,18,3,2,0,0,0,0.10780669144981413,0.10780669144981413
243,269,26,2025,10,2,19,3,2,0,0,0,0.09665427509293681,0.09665427509293681
244,269,25,2025,10,2,19,3,2,0,0,0,0.09293680297397769,0.09293680297397769
248,269,21,2025,10,2,20,3,2,0,0,0,0.07806691449814127,0.07806691449814127
244,269,25,2025,10,2,20,3,2,0,0,0,0.09293680297397769,0.09293680297397769
244,269,25,2025,10,2,21,3,2,0,0,0,0.09293680297397769,0.09293680297397769
251,269,18,2025,10,2,22,3,2,0,0,0,0.06691449814126393,0.06691449814126393
254,269,15,2025,10,2,22,3,2,0,0,0,0.055762081784386616,0.055762081784386616
260,269,9,2025,10,2,23,3,2,0,0,0,0.03345724907063197,0.03345724907063197
265,269,4,2025,10,2,23,3,2,0,0,0,0.01486988847583643,0.01486988847583643
269,269,0,2025,10,3,6,4,2,0,1,0,0.0,0.0
269,269,0,2025,10,3,6,4,2,0,1,0,0.0,0.0
269,269,0,2025,10,3,7,4,2,0,1,0,0.0,0.0
268,269,1,2025,10,3,7,4,2,0,1,0,0.0037174721189591076,0.0037174721189591076
268,269,1,2025,10,3,8,4,2,0,1,0,0.0037174721189591076,0.0037174721189591076
267,269,2,2025,10,3,8,4,2,0,1,0,0.007434944237918215,0.007434944237918215
268,269,1,2025,10,3,10,4,2,0,1,0,0.0037174721189591076,0.0037174721189591076
268,269,1,2025,10,3,10,4,2,0,1,0,0.0037174721189591076,0.0037174721189591076
266,269,3,2025,10,3,10,4,2,0,1,0,0.011152416356877323,0.011152416356877323
266,269,3,2025,10,3,11,4,2,0,1,0,0.011152416356877323,0.011152416356877323
263,269,6,2025,10,3,12,4,2,0,1,0,0.022304832713754646,0.022304832713754646
262,269,7,2025,10,3,12,4,2,0,1,0,0.026022304832713755,0.026022304832713755
259,269,10,2025,10,3,13,4,2,0,1,0,0.03717472118959108,0.03717472118959108
259,269,10,2025,10,3,13,4,2,0,1,0,0.03717472118959108,0.03717472118959108
258,269,11,2025,10,3,14,4,2,0,1,0,0.040892193308550186,0.040892193308550186
254,269,15,2025,10,3,14,4,2,0,1,0,0.055762081784386616,0.055762081784386616
255,269,14,2025,10,3,15,4,2,0,1,0,0.05204460966542751,0.05204460966542751
253,269,16,2025,10,3,15,4,2,0,1,0,0.05947955390334572,0.05947955390334572
255,269,14,2025,10,3,16,4,2,0,1,0,0.05204460966542751,0.05204460966542751
252,269,17,2025,10,3,16,4,2,0,1,0,0.06319702602230483,0.06319702602230483
252,269,17,2025,10,3,17,4,2,0,1,0,0.06319702602230483,0.06319702602230483
253,269,16,2025,10,3,17,4,2,0,1,0,0.05947955390334572,0.05947955390334572
255,269,14,2025,10,3,18,4,2,0,1,0,0.05204460966542751,0.05204460966542751
257,269,12,2025,10,3,18,4,2,0,1,0,0.04460966542750929,0.04460966542750929
258,269,11,2025,10,3,19,4,2,0,1,0,0.040892193308550186,0.040892193308550186
258,269,11,2025,10,3,19,4,2,0,1,0,0.040892193308550186,0.040892193308550186
257,269,12,2025,10,3,20,4,2,0,1,0,0.04460966542750929,0.04460966542750929
256,269,13,2025,10,3,20,4,2,0,1,0,0.048327137546468404,0.048327137546468404
257,269,12,2025,10,3,21,4,2,0,1,0,0.04460966542750929,0.04460966542750929
259,269,10,2025,10,3,22,4,2,0,1,0,0.03717472118959108,0.03717472118959108
261,269,8,2025,10,3,22,4,2,0,1,0,0.02973977695167286,0.02973977695167286
265,269,4,2025,10,3,23,4,2,0,1,0,0.01486988847583643,0.01486988847583643
266,269,3,2025,10,3,23,4,2,0,1,0,0.011152416356877323,0.011152416356877323
268,269,1,2025,10,4,6,5,2,0,1,0,0.0037174721189591076,0.0037174721189591076
268,269,1,2025,10,4,6,5,2,0,1,0,0.0037174721189591076,0.0037174721189591076
268,269,1,2025,10,4,7,5,2,0,1,0,0.0037174721189591076,0.0037174721189591076
268,269,1,2025,10,4,7,5,2,0,1,0,0.0037174721189591076,0.0037174721189591076
268,269,1,2025,10,4,8,5,2,0,1,0,0.0037174721189591076,0.0037174721189591076
268,269,1,2025,10,4,8,5,2,0,1,0,0.0037174721189591076,0.0037174721189591076
267,269,2,2025,10,4,9,5,2,0,1,0,0.007434944237918215,0.007434944237918215
267,269,2,2025,10,4,10,5,2,0,1,0,0.007434944237918215,0.007434944237918215
266,269,3,2025,10,4,10,5,2,0,1,0,0.011152416356877323,0.011152416356877323
265,269,4,2025,10,4,11,5,2,0,1,0,0.01486988847583643,0.01486988847583643
266,269,3,2025,10,4,12,5,2,0,1,0,0.011152416356877323,0.011152416356877323
266,269,3,2025,10,4,12,5,2,0,1,0,0.011152416356877323,0.011152416356877323
266,269,3,2025,10,4,13,5,2,0,1,0,0.011152416356877323,0.011152416356877323
267,269,2,2025,10,4,13,5,2,0,1,0,0.007434944237918215,0.007434944237918215
265,269,4,2025,10,4,14,5,2,0,1,0,0.01486988847583643,0.01486988847583643
266,269,3,2025,10,4,14,5,2,0,1,0,0.011152416356877323,0.011152416356877323
266,269,3,2025,10,4,15,5,2,0,1,0,0.011152416356877323,0.011152416356877323
266,269,3,2025,10,4,15,5,2,0,1,0,0.011152416356877323,0.011152416356877323
265,269,4,2025,10,4,16,5,2,0,1,0,0.01486988847583643,0.01486988847583643
264,269,5,2025,10,4,16,5,2,0,1,0,0.01858736059479554,0.01858736059479554
264,269,5,2025,10,4,17,5,2,0,1,0,0.01858736059479554,0.01858736059479554
262,269,7,2025,10,4,17,5,2,0,1,0,0.026022304832713755,0.026022304832713755
260,269,9,2025,10,4,18,5,2,0,1,0,0.03345724907063197,0.03345724907063197
259,269,10,2025,10,4,18,5,2,0,1,0,0.03717472118959108,0.03717472118959108
259,269,10,2025,10,4,19,5,2,0,1,0,0.03717472118959108,0.03717472118959108
259,269,10,2025,10,4,19,5,2,0,1,0,0.03717472118959108,0.03717472118959108
261,269,8,2025,10,4,20,5,2,0,1,0,0.02973977695167286,0.02973977695167286
262,269,7,2025,10,4,20,5,2,0,1,0,0.026022304832713755,0.026022304832713755
265,269,4,2025,10,4,21,5,2,0,1,0,0.01486988847583643,0.01486988847583643
265,269,4,2025,10,4,22,5,2,0,1,0,0.01486988847583643,0.01486988847583643
265,269,4,2025,10,4,22,5,2,0,1,0,0.01486988847583643,0.01486988847583643
266,269,3,2025,10,4,23,5,2,0,1,0,0.011152416356877323,0.011152416356877323
267,269,2,2025,10,4,23,5,2,0,1,0,0.007434944237918215,0.007434944237918215
269,269,0,2025,10,5,6,6,2,0,1,0,0.0,0.0
269,269,0,2025,10,5,6,6,2,0,1,0,0.0,0.0
269,269,0,2025,10,5,7,6,2,0,1,0,0.0,0.0
269,269,0,2025,10,5,7,6,2,0,1,0,0.0,0.0
269,269,0,2025,10,5,8,6,2,0,1,0,0.0,0.0
269,269,0,2025,10,5,8,6,2,0,1,0,0.0,0.0
268,269,1,2025,10,5,10,6,2,0,1,0,0.0037174721189591076,0.0037174721189591076
268,269,1,2025,10,5,11,6,2,0,1,0,0.0037174721189591076,0.0037174721189591076
268,269,1,2025,10,5,11,6,2,0,1,0,0.0037174721189591076,0.0037174721189591076
268,269,1,2025,10,5,11,6,2,0,1,0,0.0037174721189591076,0.0037174721189591076
268,269,1,2025,10,5,12,6,2,0,1,0,0.0037174721189591076,0.0037174721189591076
268,269,1,2025,10,5,13,6,2,0,1,0,0.0037174721189591076,0.0037174721189591076
267,269,2,2025,10,5,13,6,2,0,1,0,0.007434944237918215,0.007434944237918215
267,269,2,2025,10,5,14,6,2,0,1,0,0.007434944237918215,0.007434944237918215
265,269,4,2025,10,5,14,6,2,0,1,0,0.01486988847583643,0.01486988847583643
265,269,4,2025,10,5,15,6,2,0,1,0,0.01486988847583643,0.01486988847583643
265,269,4,2025,10,5,15,6,2,0,1,0,0.01486988847583643,0.01486988847583643
265,269,4,2025,10,5,16,6,2,0,1,0,0.01486988847583643,0.01486988847583643
263,269,6,2025,10,5,16,6,2,0,1,0,0.022304832713754646,0.022304832713754646
263,269,6,2025,10,5,17,6,2,0,1,0,0.022304832713754646,0.022304832713754646
265,269,4,2025,10,5,17,6,2,0,1,0,0.01486988847583643,0.01486988847583643
265,269,4,2025,10,5,18,6,2,0,1,0,0.01486988847583643,0.01486988847583643
265,269,4,2025,10,5,18,6,2,0,1,0,0.01486988847583643,0.01486988847583643
266,269,3,2025,10,5,19,6,2,0,1,0,0.011152416356877323,0.011152416356877323
267,269,2,2025,10,5,19,6,2,0,1,0,0.007434944237918215,0.007434944237918215
269,269,0,2025,10,5,20,6,2,0,1,0,0.0,0.0
269,269,0,2025,10,5,20,6,2,0,1,0,0.0,0.0
269,269,0,2025,10,5,21,6,2,0,1,0,0.0,0.0
269,269,0,2025,10,5,22,6,2,0,1,0,0.0,0.0
269,269,0,2025,10,5,22,6,2,0,1,0,0.0,0.0
269,269,0,2025,10,5,23,6,2,0,1,0,0.0,0.0
269,269,0,2025,10,5,23,6,2,0,1,0,0.0,0.0
269,269,0,2025,10,6,6,0,2,0,1,0,0.0,0.0
269,269,0,2025,10,6,6,0,2,0,1,0,0.0,0.0
269,269,0,2025,10,6,7,0,2,0,1,0,0.0,0.0
269,269,0,2025,10,6,7,0,2,0,1,0,0.0,0.0
269,269,0,2025,10,6,8,0,2,0,1,0,0.0,0.0
269,269,0,2025,10,6,8,0,2,0,1,0,0.0,0.0
269,269,0,2025,10,6,10,0,2,0,1,0,0.0,0.0
268,269,1,2025,10,6,11,0,2,0,1,0,0.0037174721189591076,0.0037174721189591076
268,269,1,2025,10,6,12,0,2,0,1,0,0.0037174721189591076,0.0037174721189591076
268,269,1,2025,10,6,13,0,2,0,1,0,0.0037174721189591076,0.0037174721189591076
268,269,1,2025,10,6,13,0,2,0,1,0,0.0037174721189591076,0.0037174721189591076
268,269,1,2025,10,6,14,0,2,0,1,0,0.0037174721189591076,0.0037174721189591076
268,269,1,2025,10,6,14,0,2,0,1,0,0.0037174721189591076,0.0037174721189591076
267,269,2,2025,10,6,15,0,2,0,1,0,0.007434944237918215,0.007434944237918215
267,269,2,2025,10,6,15,0,2,0,1,0,0.007434944237918215,0.007434944237918215
267,269,2,2025,10,6,16,0,2,0,1,0,0.007434944237918215,0.007434944237918215
267,269,2,2025,10,6,16,0,2,0,1,0,0.007434944237918215,0.007434944237918215
267,269,2,2025,10,6,17,0,2,0,1,0,0.007434944237918215,0.007434944237918215
267,269,2,2025,10,6,17,0,2,0,1,0,0.007434944237918215,0.007434944237918215
265,269,4,2025,10,6,18,0,2,0,1,0,0.01486988847583643,0.01486988847583643
265,269,4,2025,10,6,18,0,2,0,1,0,0.01486988847583643,0.01486988847583643
264,269,5,2025,10,6,19,0,2,0,1,0,0.01858736059479554,0.01858736059479554
265,269,4,2025,10,6,19,0,2,0,1,0,0.01486988847583643,0.01486988847583643
265,269,4,2025,10,6,20,0,2,0,1,0,0.01486988847583643,0.01486988847583643
265,269,4,2025,10,6,20,0,2,0,1,0,0.01486988847583643,0.01486988847583643
269,269,0,2025,10,6,21,0,2,0,1,0,0.0,0.0
269,269,0,2025,10,6,22,0,2,0,1,0,0.0,0.0
269,269,0,2025,10,6,22,0,2,0,1,0,0.0,0.0
269,269,0,2025,10,6,23,0,2,0,1,0,0.0,0.0
269,269,0,2025,10,6,23,0,2,0,1,0,0.0,0.0
269,269,0,2025,10,7,6,1,2,0,1,0,0.0,0.0
269,269,0,2025,10,7,6,1,2,0,1,0,0.0,0.0
268,269,1,2025,10,7,7,1,2,0,1,0,0.0037174721189591076,0.0037174721189591076
268,269,1,2025,10,7,7,1,2,0,1,0,0.0037174721189591076,0.0037174721189591076
267,269,2,2025,10,7,8,1,2,0,1,0,0.007434944237918215,0.007434944237918215
267,269,2,2025,10,7,8,1,2,0,1,0,0.007434944237918215,0.007434944237918215
267,269,2,2025,10,7,10,1,2,0,1,0,0.007434944237918215,0.007434944237918215
265,269,4,2025,10,7,11,1,2,0,1,0,0.01486988847583643,0.01486988847583643
265,269,4,2025,10,7,11,1,2,0,1,0,0.01486988847583643,0.01486988847583643
264,269,5,2025,10,7,12,1,2,0,1,0,0.01858736059479554,0.01858736059479554
264,269,5,2025,10,7,12,1,2,0,1,0,0.01858736059479554,0.01858736059479554
264,269,5,2025,10,7,13,1,2,0,1,0,0.01858736059479554,0.01858736059479554
264,269,5,2025,10,7,13,1,2,0,1,0,0.01858736059479554,0.01858736059479554
264,269,5,2025,10,7,14,1,2,0,1,0,0.01858736059479554,0.01858736059479554
264,269,5,2025,10,7,14,1,2,0,1,0,0.01858736059479554,0.01858736059479554
261,269,8,2025,10,7,15,1,2,0,1,0,0.02973977695167286,0.02973977695167286
260,269,9,2025,10,7,15,1,2,0,1,0,0.03345724907063197,0.03345724907063197
258,269,11,2025,10,7,16,1,2,0,1,0,0.040892193308550186,0.040892193308550186
255,269,14,2025,10,7,16,1,2,0,1,0,0.05204460966542751,0.05204460966542751
253,269,16,2025,10,7,17,1,2,0,1,0,0.05947955390334572,0.05947955390334572
254,269,15,2025,10,7,17,1,2,0,1,0,0.055762081784386616,0.055762081784386616
257,269,12,2025,10,7,18,1,2,0,1,0,0.04460966542750929,0.04460966542750929
258,269,11,2025,10,7,18,1,2,0,1,0,0.040892193308550186,0.040892193308550186
256,269,13,2025,10,7,19,1,2,0,1,0,0.048327137546468404,0.048327137546468404
258,269,11,2025,10,7,19,1,2,0,1,0,0.040892193308550186,0.040892193308550186
259,269,10,2025,10,7,20,1,2,0,1,0,0.03717472118959108,0.03717472118959108
259,269,10,2025,10,7,20,1,2,0,1,0,0.03717472118959108,0.03717472118959108
262,269,7,2025,10,7,21,1,2,0,1,0,0.026022304832713755,0.026022304832713755
265,269,4,2025,10,7,22,1,2,0,1,0,0.01486988847583643,0.01486988847583643
265,269,4,2025,10,7,22,1,2,0,1,0,0.01486988847583643,0.01486988847583643
266,269,3,2025,10,7,23,1,2,0,1,0,0.011152416356877323,0.011152416356877323
267,269,2,2025,10,7,23,1,2,0,1,0,0.007434944237918215,0.007434944237918215
269,269,0,2025,10,8,6,2,2,0,1,0,0.0,0.0
269,269,0,2025,10,8,6,2,2,0,1,0,0.0,0.0
269,269,0,2025,10,8,7,2,2,0,1,0,0.0,0.0
268,269,1,2025,10,8,7,2,2,0,1,0,0.0037174721189591076,0.0037174721189591076
268,269,1,2025,10,8,8,2,2,0,1,0,0.0037174721189591076,0.0037174721189591076
267,269,2,2025,10,8,8,2,2,0,1,0,0.007434944237918215,0.007434944237918215
267,269,2,2025,10,8,9,2,2,0,1,0,0.007434944237918215,0.007434944237918215
264,269,5,2025,10,8,10,2,2,0,1,0,0.01858736059479554,0.01858736059479554
265,269,4,2025,10,8,11,2,2,0,1,0,0.01486988847583643,0.01486988847583643
263,269,6,2025,10,8,11,2,2,0,1,0,0.022304832713754646,0.022304832713754646
261,269,8,2025,10,8,12,2,2,0,1,0,0.02973977695167286,0.02973977695167286
260,269,9,2025,10,8,12,2,2,0,1,0,0.03345724907063197,0.03345724907063197
257,269,12,2025,10,8,13,2,2,0,1,0,0.04460966542750929,0.04460966542750929
256,269,13,2025,10,8,13,2,2,0,1,0,0.048327137546468404,0.048327137546468404
255,269,14,2025,10,8,14,2,2,0,1,0,0.05204460966542751,0.05204460966542751
252,269,17,2025,10,8,14,2,2,0,1,0,0.06319702602230483,0.06319702602230483
253,269,16,2025,10,8,15,2,2,0,1,0,0.05947955390334572,0.05947955390334572
251,269,18,2025,10,8,15,2,2,0,1,0,0.06691449814126393,0.06691449814126393
249,269,20,2025,10,8,16,2,2,0,1,0,0.07434944237918216,0.07434944237918216
248,269,21,2025,10,8,16,2,2,0,1,0,0.07806691449814127,0.07806691449814127
247,269,22,2025,10,8,17,2,2,0,1,0,0.08178438661710037,0.08178438661710037
248,269,21,2025,10,8,17,2,2,0,1,0,0.07806691449814127,0.07806691449814127
245,269,24,2025,10,8,18,2,2,0,1,0,0.08921933085501858,0.08921933085501858
244,269,25,2025,10,8,18,2,2,0,1,0,0.09293680297397769,0.09293680297397769
244,269,25,2025,10,8,19,2,2,0,1,0,0.09293680297397769,0.09293680297397769
242,269,27,2025,10,8,19,2,2,0,1,0,0.10037174721189591,0.10037174721189591
245,269,24,2025,10,8,20,2,2,0,1,0,0.08921933085501858,0.08921933085501858
248,269,21,2025,10,8,20,2,2,0,1,0,0.07806691449814127,0.07806691449814127
253,269,16,2025,10,8,21,2,2,0,1,0,0.05947955390334572,0.05947955390334572
256,269,13,2025,10,8,22,2,2,0,1,0,0.048327137546468404,0.048327137546468404
259,269,10,2025,10,8,22,2,2,0,1,0,0.03717472118959108,0.03717472118959108
261,269,8,2025,10,8,23,2,2,0,1,0,0.02973977695167286,0.02973977695167286
263,269,6,2025,10,8,23,2,2,0,1,0,0.022304832713754646,0.022304832713754646
269,269,0,2025,10,9,6,3,2,0,1,0,0.0,0.0
269,269,0,2025,10,9,6,3,2,0,1,0,0.0,0.0
269,269,0,2025,10,9,7,3,2,0,1,0,0.0,0.0
268,269,1,2025,10,9,7,3,2,0,1,0,0.0037174721189591076,0.0037174721189591076
267,269,2,2025,10,9,8,3,2,0,1,0,0.007434944237918215,0.007434944237918215
267,269,2,2025,10,9,8,3,2,0,1,0,0.007434944237918215,0.007434944237918215
267,269,2,2025,10,9,9,3,2,0,1,0,0.007434944237918215,0.007434944237918215
266,269,3,2025,10,9,9,3,2,0,1,0,0.011152416356877323,0.011152416356877323
264,269,5,2025,10,9,10,3,2,0,1,0,0.01858736059479554,0.01858736059479554
263,269,6,2025,10,9,11,3,2,0,1,0,0.022304832713754646,0.022304832713754646
258,269,11,2025,10,9,12,3,2,0,1,0,0.040892193308550186,0.040892193308550186
250,269,19,2025,10,9,13,3,2,0,1,0,0.07063197026022305,0.07063197026022305
245,269,24,2025,10,9,13,3,2,0,1,0,0.08921933085501858,0.08921933085501858
241,269,28,2025,10,9,14,3,2,0,1,0,0.10408921933085502,0.10408921933085502
236,269,33,2025,10,9,14,3,2,0,1,0,0.12267657992565056,0.12267657992565056
235,269,34,2025,10,9,15,3,2,0,1,0,0.12639405204460966,0.12639405204460966
228,269,41,2025,10,9,15,3,2,0,1,0,0.1524163568773234,0.1524163568773234
217,269,52,2025,10,9,16,3,2,0,1,0,0.19330855018587362,0.19330855018587362
215,269,54,2025,10,9,16,3,2,0,1,0,0.20074349442379183,0.20074349442379183
206,269,63,2025,10,9,17,3,2,0,1,0,0.2342007434944238,0.2342007434944238
206,269,63,2025,10,9,17,3,2,0,1,0,0.2342007434944238,0.2342007434944238
205,269,64,2025,10,9,18,3,2,0,1,0,0.2379182156133829,0.2379182156133829
204,269,65,2025,10,9,18,3,2,0,1,0,0.241635687732342,0.241635687732342
206,269,63,2025,10,9,19,3,2,0,1,0,0.2342007434944238,0.2342007434944238
209,269,60,2025,10,9,19,3,2,0,1,0,0.22304832713754646,0.22304832713754646
204,269,65,2025,10,9,20,3,2,0,1,0,0.241635687732342,0.241635687732342
205,269,64,2025,10,9,20,3,2,0,1,0,0.2379182156133829,0.2379182156133829
224,269,45,2025,10,9,21,3,2,0,1,0,0.16728624535315986,0.16728624535315986
238,269,31,2025,10,9,22,3,2,0,1,0,0.11524163568773234,0.11524163568773234
251,269,18,2025,10,9,23,3,2,0,1,0,0.06691449814126393,0.06691449814126393
269,269,0,2025,10,10,0,4,2,0,1,0,0.0,0.0
269,269,0,2025,10,10,6,4,2,0,1,0,0.0,0.0
269,269,0,2025,10,10,6,4,2,0,1,0,0.0,0.0
269,269,0,2025,10,10,7,4,2,0,1,0,0.0,0.0
269,269,0,2025,10,10,7,4,2,0,1,0,0.0,0.0
267,269,2,2025,10,10,8,4,2,0,1,0,0.007434944237918215,0.007434944237918215
265,269,4,2025,10,10,8,4,2,0,1,0,0.01486988847583643,0.01486988847583643
262,269,7,2025,10,10,9,4,2,0,1,0,0.026022304832713755,0.026022304832713755
263,269,6,2025,10,10,9,4,2,0,1,0,0.022304832713754646,0.022304832713754646
261,269,8,2025,10,10,10,4,2,0,1,0,0.02973977695167286,0.02973977695167286
254,269,15,2025,10,10,11,4,2,0,1,0,0.055762081784386616,0.055762081784386616
242,269,27,2025,10,10,12,4,2,0,1,0,0.10037174721189591,0.10037174721189591
230,269,39,2025,10,10,13,4,2,0,1,0,0.1449814126394052,0.1449814126394052
225,269,44,2025,10,10,13,4,2,0,1,0,0.16356877323420074,0.16356877323420074
207,269,62,2025,10,10,14,4,2,0,1,0,0.23048327137546468,0.23048327137546468
196,269,73,2025,10,10,14,4,2,0,1,0,0.27137546468401486,0.27137546468401486
186,269,83,2025,10,10,15,4,2,0,1,0,0.30855018587360594,0.30855018587360594
186,269,83,2025,10,10,15,4,2,0,1,0,0.30855018587360594,0.30855018587360594
180,269,89,2025,10,10,16,4,2,0,1,0,0.3308550185873606,0.3308550185873606
172,269,97,2025,10,10,16,4,2,0,1,0,0.36059479553903345,0.36059479553903345
178,269,91,2025,10,10,17,4,2,0,1,0,0.3382899628252788,0.3382899628252788
181,269,88,2025,10,10,17,4,2,0,1,0,0.3271375464684015,0.3271375464684015
190,269,79,2025,10,10,18,4,2,0,1,0,0.2936802973977695,0.2936802973977695
189,269,80,2025,10,10,18,4,2,0,1,0,0.29739776951672864,0.29739776951672864
198,269,71,2025,10,10,19,4,2,0,1,0,0.26394052044609667,0.26394052044609667
204,269,65,2025,10,10,19,4,2,0,1,0,0.241635687732342,0.241635687732342
204,269,65,2025,10,10,20,4,2,0,1,0,0.241635687732342,0.241635687732342
209,269,60,2025,10,10,20,4,2,0,1,0,0.22304832713754646,0.22304832713754646
225,269,44,2025,10,10,21,4,2,0,1,0,0.16356877323420074,0.16356877323420074
230,269,39,2025,10,10,22,4,2,0,1,0,0.1449814126394052,0.1449814126394052
233,269,36,2025,10,10,22,4,2,0,1,0,0.13382899628252787,0.13382899628252787
240,269,29,2025,10,10,23,4,2,0,1,0,0.10780669144981413,0.10780669144981413
250,269,19,2025,10,10,23,4,2,0,1,0,0.07063197026022305,0.07063197026022305
269,269,0,2025,10,11,6,5,2,0,1,0,0.0,0.0
269,269,0,2025,10,11,6,5,2,0,1,0,0.0,0.0
268,269,1,2025,10,11,7,5,2,0,1,0,0.0037174721189591076,0.0037174721189591076
267,269,2,2025,10,11,7,5,2,0,1,0,0.007434944237918215,0.007434944237918215
267,269,2,2025,10,11,8,5,2,0,1,0,0.007434944237918215,0.007434944237918215
265,269,4,2025,10,11,8,5,2,0,1,0,0.01486988847583643,0.01486988847583643
266,269,3,2025,10,11,9,5,2,0,1,0,0.011152416356877323,0.011152416356877323
265,269,4,2025,10,11,10,5,2,0,1,0,0.01486988847583643,0.01486988847583643
258,269,11,2025,10,11,11,5,2,0,1,0,0.040892193308550186,0.040892193308550186
251,269,18,2025,10,11,12,5,2,0,1,0,0.06691449814126393,0.06691449814126393
249,269,20,2025,10,11,12,5,2,0,1,0,0.07434944237918216,0.07434944237918216
239,269,30,2025,10,11,13,5,2,0,1,0,0.11152416356877323,0.11152416356877323
237,269,32,2025,10,11,13,5,2,0,1,0,0.11895910780669144,0.11895910780669144
228,269,41,2025,10,11,14,5,2,0,1,0,0.1524163568773234,0.1524163568773234
224,269,45,2025,10,11,14,5,2,0,1,0,0.16728624535315986,0.16728624535315986
205,269,64,2025,10,11,15,5,2,0,1,0,0.2379182156133829,0.2379182156133829
199,269,70,2025,10,11,15,5,2,0,1,0,0.26022304832713755,0.26022304832713755
184,269,85,2025,10,11,16,5,2,0,1,0,0.3159851301115242,0.3159851301115242
171,269,98,2025,10,11,16,5,2,0,1,0,0.3643122676579926,0.3643122676579926
146,269,123,2025,10,11,17,5,2,0,1,0,0.45724907063197023,0.45724907063197023
150,269,119,2025,10,11,17,5,2,0,1,0,0.4423791821561338,0.4423791821561338
141,269,128,2025,10,11,18,5,2,0,1,0,0.4758364312267658,0.4758364312267658
136,269,133,2025,10,11,18,5,2,0,1,0,0.4944237918215613,0.4944237918215613
146,269,123,2025,10,11,19,5,2,0,1,0,0.45724907063197023,0.45724907063197023
148,269,121,2025,10,11,19,5,2,0,1,0,0.44981412639405205,0.44981412639405205
164,269,105,2025,10,11,20,5,2,0,1,0,0.3903345724907063,0.3903345724907063
169,269,100,2025,10,11,20,5,2,0,1,0,0.37174721189591076,0.37174721189591076
193,269,76,2025,10,11,21,5,2,0,1,0,0.2825278810408922,0.2825278810408922
200,269,69,2025,10,11,22,5,2,0,1,0,0.25650557620817843,0.25650557620817843
206,269,63,2025,10,11,22,5,2,0,1,0,0.2342007434944238,0.2342007434944238
214,269,55,2025,10,11,23,5,2,0,1,0,0.20446096654275092,0.20446096654275092
216,269,53,2025,10,11,23,5,2,0,1,0,0.1970260223048327,0.1970260223048327
269,269,0,2025,10,12,6,6,2,0,1,0,0.0,0.0
269,269,0,2025,10,12,6,6,2,0,1,0,0.0,0.0
269,269,0,2025,10,12,7,6,2,0,1,0,0.0,0.0
268,269,1,2025,10,12,7,6,2,0,1,0,0.0037174721189591076,0.0037174721189591076
267,269,2,2025,10,12,8,6,2,0,1,0,0.007434944237918215,0.007434944237918215
266,269,3,2025,10,12,8,6,2,0,1,0,0.011152416356877323,0.011152416356877323
262,269,7,2025,10,12,10,6,2,0,1,0,0.026022304832713755,0.026022304832713755
259,269,10,2025,10,12,10,6,2,0,1,0,0.03717472118959108,0.03717472118959108
253,269,16,2025,10,12,11,6,2,0,1,0,0.05947955390334572,0.05947955390334572
241,269,28,2025,10,12,12,6,2,0,1,0,0.10408921933085502,0.10408921933085502
231,269,38,2025,10,12,13,6,2,0,1,0,0.1412639405204461,0.1412639405204461
224,269,45,2025,10,12,13,6,2,0,1,0,0.16728624535315986,0.16728624535315986
200,269,69,2025,10,12,14,6,2,0,1,0,0.25650557620817843,0.25650557620817843
184,269,85,2025,10,12,14,6,2,0,1,0,0.3159851301115242,0.3159851301115242
154,269,115,2025,10,12,15,6,2,0,1,0,0.4275092936802974,0.4275092936802974
143,269,126,2025,10,12,15,6,2,0,1,0,0.4684014869888476,0.4684014869888476
128,269,141,2025,10,12,16,6,2,0,1,0,0.5241635687732342,0.5241635687732342
124,269,145,2025,10,12,16,6,2,0,1,0,0.5390334572490706,0.5390334572490706
119,269,150,2025,10,12,17,6,2,0,1,0,0.5576208178438662,0.5576208178438662
117,269,152,2025,10,12,17,6,2,0,1,0,0.5650557620817844,0.5650557620817844
122,269,147,2025,10,12,18,6,2,0,1,0,0.5464684014869888,0.5464684014869888
125,269,144,2025,10,12,18,6,2,0,1,0,0.5353159851301115,0.5353159851301115
135,269,134,2025,10,12,19,6,2,0,1,0,0.49814126394052044,0.49814126394052044
137,269,132,2025,10,12,19,6,2,0,1,0,0.49070631970260226,0.49070631970260226
131,269,138,2025,10,12,20,6,2,0,1,0,0.5130111524163569,0.5130111524163569
142,269,127,2025,10,12,20,6,2,0,1,0,0.4721189591078067,0.4721189591078067
155,269,114,2025,10,12,21,6,2,0,1,0,0.42379182156133827,0.42379182156133827
175,269,94,2025,10,12,22,6,2,0,1,0,0.34944237918215615,0.34944237918215615
185,269,84,2025,10,12,22,6,2,0,1,0,0.31226765799256506,0.31226765799256506
202,269,67,2025,10,12,23,6,2,0,1,0,0.24907063197026022,0.24907063197026022
218,269,51,2025,10,12,23,6,2,0,1,0,0.1895910780669145,0.1895910780669145
269,269,0,2025,10,13,6,0,2,0,0,1,0.0,0.0
269,269,0,2025,10,13,6,0,2,0,0,1,0.0,0.0
268,269,1,2025,10,13,7,0,2,0,0,1,0.0037174721189591076,0.0037174721189591076
267,269,2,2025,10,13,7,0,2,0,0,1,0.007434944237918215,0.007434944237918215
265,269,4,2025,10,13,8,0,2,0,0,1,0.01486988847583643,0.01486988847583643
259,269,10,2025,10,13,8,0,2,0,0,1,0.03717472118959108,0.03717472118959108
230,269,39,2025,10,13,10,0,2,0,0,1,0.1449814126394052,0.1449814126394052
214,269,55,2025,10,13,11,0,2,0,0,1,0.20446096654275092,0.20446096654275092
190,269,79,2025,10,13,12,0,2,0,0,1,0.2936802973977695,0.2936802973977695
185,269,84,2025,10,13,13,0,2,0,0,1,0.31226765799256506,0.31226765799256506
169,269,100,2025,10,13,13,0,2,0,0,1,0.37174721189591076,0.37174721189591076
156,269,113,2025,10,13,14,0,2,0,0,1,0.4200743494423792,0.4200743494423792
162,269,107,2025,10,13,14,0,2,0,0,1,0.39776951672862454,0.39776951672862454
131,269,138,2025,10,13,15,0,2,0,0,1,0.5130111524163569,0.5130111524163569
141,269,128,2025,10,13,15,0,2,0,0,1,0.4758364312267658,0.4758364312267658
134,269,135,2025,10,13,16,0,2,0,0,1,0.5018587360594795,0.5018587360594795
92,269,177,2025,10,13,16,0,2,0,0,1,0.6579925650557621,0.6579925650557621
76,269,193,2025,10,13,17,0,2,0,0,1,0.7174721189591078,0.7174721189591078
75,269,194,2025,10,13,17,0,2,0,0,1,0.7211895910780669,0.7211895910780669
74,269,195,2025,10,13,18,0,2,0,0,1,0.724907063197026,0.724907063197026
65,269,204,2025,10,13,18,0,2,0,0,1,0.758364312267658,0.758364312267658
48,269,221,2025,10,13,19,0,2,0,0,1,0.8215613382899628,0.8215613382899628
61,269,208,2025,10,13,19,0,2,0,0,1,0.7732342007434945,0.7732342007434945
60,269,209,2025,10,13,20,0,2,0,0,1,0.7769516728624535,0.7769516728624535
48,269,221,2025,10,13,20,0,2,0,0,1,0.8215613382899628,0.8215613382899628
32,269,237,2025,10,13,21,0,2,0,0,1,0.8810408921933085,0.8810408921933085
35,269,234,2025,10,13,21,0,2,0,0,1,0.8698884758364313,0.8698884758364313
86,269,183,2025,10,13,22,0,2,0,0,1,0.6802973977695167,0.6802973977695167
102,269,167,2025,10,13,22,0,2,0,0,1,0.620817843866171,0.620817843866171
142,269,127,2025,10,13,23,0,2,0,0,1,0.4721189591078067,0.4721189591078067
174,269,95,2025,10,13,23,0,2,0,0,1,0.35315985130111527,0.35315985130111527
269,269,0,2025,10,14,6,1,2,0,0,1,0.0,0.0
269,269,0,2025,10,14,6,1,2,0,0,1,0.0,0.0
269,269,0,2025,10,14,7,1,2,0,0,1,0.0,0.0
266,269,3,2025,10,14,7,1,2,0,0,1,0.011152416356877323,0.011152416356877323
262,269,7,2025,10,14,8,1,2,0,0,1,0.026022304832713755,0.026022304832713755
259,269,10,2025,10,14,8,1,2,0,0,1,0.03717472118959108,0.03717472118959108
251,269,18,2025,10,14,9,1,2,0,0,1,0.06691449814126393,0.06691449814126393
248,269,21,2025,10,14,9,1,2,0,0,1,0.07806691449814127,0.07806691449814127
245,269,24,2025,10,14,10,1,2,0,0,1,0.08921933085501858,0.08921933085501858
237,269,32,2025,10,14,10,1,2,0,0,1,0.11895910780669144,0.11895910780669144
222,269,47,2025,10,14,11,1,2,0,0,1,0.17472118959107807,0.17472118959107807
207,269,62,2025,10,14,11,1,2,0,0,1,0.23048327137546468,0.23048327137546468
185,269,84,2025,10,14,12,1,2,0,0,1,0.31226765799256506,0.31226765799256506
172,269,97,2025,10,14,13,1,2,0,0,1,0.36059479553903345,0.36059479553903345
162,269,107,2025,10,14,13,1,2,0,0,1,0.39776951672862454,0.39776951672862454
155,269,114,2025,10,14,14,1,2,0,0,1,0.42379182156133827,0.42379182156133827
149,269,120,2025,10,14,14,1,2,0,0,1,0.44609665427509293,0.44609665427509293
119,269,150,2025,10,14,15,1,2,0,0,1,0.5576208178438662,0.5576208178438662
113,269,156,2025,10,14,15,1,2,0,0,1,0.5799256505576208,0.5799256505576208
98,269,171,2025,10,14,16,1,2,0,0,1,0.6356877323420075,0.6356877323420075
85,269,184,2025,10,14,16,1,2,0,0,1,0.6840148698884758,0.6840148698884758
68,269,201,2025,10,14,17,1,2,0,0,1,0.7472118959107806,0.7472118959107806
49,269,220,2025,10,14,17,1,2,0,0,1,0.8178438661710037,0.8178438661710037
46,269,223,2025,10,14,18,1,2,0,0,1,0.828996282527881,0.828996282527881
45,269,224,2025,10,14,18,1,2,0,0,1,0.8327137546468402,0.8327137546468402
36,269,233,2025,10,14,19,1,2,0,0,1,0.8661710037174721,0.8661710037174721
35,269,234,2025,10,14,19,1,2,0,0,1,0.8698884758364313,0.8698884758364313
13,269,256,2025,10,14,20,1,2,0,0,1,0.9516728624535316,0.9516728624535316
1,269,268,2025,10,14,20,1,2,0,0,1,0.9962825278810409,0.9962825278810409
27,269,242,2025,10,14,21,1,2,0,0,1,0.8996282527881041,0.8996282527881041
71,269,198,2025,10,14,22,1,2,0,0,1,0.7360594795539034,0.7360594795539034
90,269,179,2025,10,14,22,1,2,0,0,1,0.6654275092936803,0.6654275092936803
119,269,150,2025,10,14,23,1,2,0,0,1,0.5576208178438662,0.5576208178438662
159,269,110,2025,10,14,23,1,2,0,0,1,0.40892193308550184,0.40892193308550184
269,269,0,2025,10,15,6,2,2,0,0,1,0.0,0.0
269,269,0,2025,10,15,6,2,2,0,0,1,0.0,0.0
269,269,0,2025,10,15,7,2,2,0,0,1,0.0,0.0
268,269,1,2025,10,15,7,2,2,0,0,1,0.0037174721189591076,0.0037174721189591076
264,269,5,2025,10,15,8,2,2,0,0,1,0.01858736059479554,0.01858736059479554
257,269,12,2025,10,15,8,2,2,0,0,1,0.04460966542750929,0.04460966542750929
235,269,34,2025,10,15,10,2,2,0,0,1,0.12639405204460966,0.12639405204460966
209,269,60,2025,10,15,11,2,2,0,0,1,0.22304832713754646,0.22304832713754646
164,269,105,2025,10,15,12,2,2,0,0,1,0.3903345724907063,0.3903345724907063
140,269,129,2025,10,15,13,2,2,0,0,1,0.4795539033457249,0.4795539033457249
124,269,145,2025,10,15,13,2,2,0,0,1,0.5390334572490706,0.5390334572490706
112,269,157,2025,10,15,14,2,2,0,0,1,0.5836431226765799,0.5836431226765799
114,269,155,2025,10,15,14,2,2,0,0,1,0.5762081784386617,0.5762081784386617
94,269,175,2025,10,15,15,2,2,0,0,1,0.6505576208178439,0.6505576208178439
76,269,193,2025,10,15,15,2,2,0,0,1,0.7174721189591078,0.7174721189591078
69,269,200,2025,10,15,16,2,2,0,0,1,0.7434944237918215,0.7434944237918215
56,269,213,2025,10,15,16,2,2,0,0,1,0.79182156133829,0.79182156133829
43,269,226,2025,10,15,17,2,2,0,0,1,0.8401486988847584,0.8401486988847584
45,269,224,2025,10,15,17,2,2,0,0,1,0.8327137546468402,0.8327137546468402
33,269,236,2025,10,15,18,2,2,0,0,1,0.8773234200743495,0.8773234200743495
16,269,253,2025,10,15,18,2,2,0,0,1,0.9405204460966543,0.9405204460966543
4,269,265,2025,10,15,19,2,2,0,0,1,0.9851301115241635,0.9851301115241635
12,269,257,2025,10,15,19,2,2,0,0,1,0.9553903345724907,0.9553903345724907
13,269,256,2025,10,15,20,2,2,0,0,1,0.9516728624535316,0.9516728624535316
5,269,264,2025,10,15,20,2,2,0,0,1,0.9814126394052045,0.9814126394052045
12,269,257,2025,10,15,21,2,2,0,0,1,0.9553903345724907,0.9553903345724907
62,269,207,2025,10,15,22,2,2,0,0,1,0.7695167286245354,0.7695167286245354
113,269,156,2025,10,15,23,2,2,0,0,1,0.5799256505576208,0.5799256505576208
142,269,127,2025,10,15,23,2,2,0,0,1,0.4721189591078067,0.4721189591078067
269,269,0,2025,10,16,6,3,2,0,0,1,0.0,0.0
269,269,0,2025,10,16,6,3,2,0,0,1,0.0,0.0
269,269,0,2025,10,16,7,3,2,0,0,1,0.0,0.0
269,269,0,2025,10,16,7,3,2,0,0,1,0.0,0.0
266,269,3,2025,10,16,8,3,2,0,0,1,0.011152416356877323,0.011152416356877323
261,269,8,2025,10,16,8,3,2,0,0,1,0.02973977695167286,0.02973977695167286
244,269,25,2025,10,16,10,3,2,0,0,1,0.09293680297397769,0.09293680297397769
235,269,34,2025,10,16,10,3,2,0,0,1,0.12639405204460966,0.12639405204460966
198,269,71,2025,10,16,11,3,2,0,0,1,0.26394052044609667,0.26394052044609667
157,269,112,2025,10,16,12,3,2,0,0,1,0.4163568773234201,0.4163568773234201
143,269,126,2025,10,16,13,3,2,0,0,1,0.4684014869888476,0.4684014869888476
120,269,149,2025,10,16,13,3,2,0,0,1,0.5539033457249071,0.5539033457249071
114,269,155,2025,10,16,14,3,2,0,0,1,0.5762081784386617,0.5762081784386617
106,269,163,2025,10,16,14,3,2,0,0,1,0.6059479553903345,0.6059479553903345
85,269,184,2025,10,16,15,3,2,0,0,1,0.6840148698884758,0.6840148698884758
80,269,189,2025,10,16,15,3,2,0,0,1,0.7026022304832714,0.7026022304832714
77,269,192,2025,10,16,16,3,2,0,0,1,0.7137546468401487,0.7137546468401487
111,269,158,2025,10,16,17,3,2,0,0,1,0.587360594795539,0.587360594795539
199,269,70,2025,10,16,19,3,2,0,0,1,0.26022304832713755,0.26022304832713755
213,269,56,2025,10,16,19,3,2,0,0,1,0.20817843866171004,0.20817843866171004
237,269,32,2025,10,16,20,3,2,0,0,1,0.11895910780669144,0.11895910780669144
237,269,32,2025,10,16,20,3,2,0,0,1,0.11895910780669144,0.11895910780669144
245,269,24,2025,10,16,21,3,2,0,0,1,0.08921933085501858,0.08921933085501858
251,269,18,2025,10,16,22,3,2,0,0,1,0.06691449814126393,0.06691449814126393
254,269,15,2025,10,16,22,3,2,0,0,1,0.055762081784386616,0.055762081784386616
259,269,10,2025,10,16,23,3,2,0,0,1,0.03717472118959108,0.03717472118959108
261,269,8,2025,10,16,23,3,2,0,0,1,0.02973977695167286,0.02973977695167286
269,269,0,2025,10,17,6,4,2,0,0,0,0.0,0.0
269,269,0,2025,10,17,6,4,2,0,0,0,0.0,0.0
269,269,0,2025,10,17,7,4,2,0,0,0,0.0,0.0
269,269,0,2025,10,17,7,4,2,0,0,0,0.0,0.0
269,269,0,2025,10,17,8,4,2,0,0,0,0.0,0.0
269,269,0,2025,10,17,8,4,2,0,0,0,0.0,0.0
248,269,21,2025,10,17,10,4,2,0,0,0,0.07806691449814127,0.07806691449814127
233,269,36,2025,10,17,11,4,2,0,0,0,0.13382899628252787,0.13382899628252787
208,269,61,2025,10,17,12,4,2,0,0,0,0.22676579925650558,0.22676579925650558
192,269,77,2025,10,17,13,4,2,0,0,0,0.2862453531598513,0.2862453531598513
174,269,95,2025,10,17,13,4,2,0,0,0,0.35315985130111527,0.35315985130111527
155,269,114,2025,10,17,14,4,2,0,0,0,0.42379182156133827,0.42379182156133827
143,269,126,2025,10,17,14,4,2,0,0,0,0.4684014869888476,0.4684014869888476
122,269,147,2025,10,17,15,4,2,0,0,0,0.5464684014869888,0.5464684014869888
114,269,155,2025,10,17,15,4,2,0,0,0,0.5762081784386617,0.5762081784386617
98,269,171,2025,10,17,16,4,2,0,0,0,0.6356877323420075,0.6356877323420075
89,269,180,2025,10,17,16,4,2,0,0,0,0.6691449814126395,0.6691449814126395
80,269,189,2025,10,17,17,4,2,0,0,0,0.7026022304832714,0.7026022304832714
79,269,190,2025,10,17,17,4,2,0,0,0,0.7063197026022305,0.7063197026022305
80,269,189,2025,10,17,18,4,2,0,0,0,0.7026022304832714,0.7026022304832714
66,269,203,2025,10,17,18,4,2,0,0,0,0.7546468401486989,0.7546468401486989
70,269,199,2025,10,17,19,4,2,0,0,0,0.7397769516728625,0.7397769516728625
76,269,193,2025,10,17,19,4,2,0,0,0,0.7174721189591078,0.7174721189591078
84,269,185,2025,10,17,20,4,2,0,0,0,0.6877323420074349,0.6877323420074349
81,269,188,2025,10,17,20,4,2,0,0,0,0.6988847583643123,0.6988847583643123
61,269,208,2025,10,17,21,4,2,0,0,0,0.7732342007434945,0.7732342007434945
89,269,180,2025,10,17,22,4,2,0,0,0,0.6691449814126395,0.6691449814126395
99,269,170,2025,10,17,22,4,2,0,0,0,0.6319702602230484,0.6319702602230484
124,269,145,2025,10,17,23,4,2,0,0,0,0.5390334572490706,0.5390334572490706
140,269,129,2025,10,17,23,4,2,0,0,0,0.4795539033457249,0.4795539033457249
269,269,0,2025,10,18,6,5,2,0,0,0,0.0,0.0
269,269,0,2025,10,18,6,5,2,0,0,0,0.0,0.0
269,269,0,2025,10,18,7,5,2,0,0,0,0.0,0.0
268,269,1,2025,10,18,7,5,2,0,0,0,0.0037174721189591076,0.0037174721189591076
268,269,1,2025,10,18,8,5,2,0,0,0,0.0037174721189591076,0.0037174721189591076
266,269,3,2025,10,18,8,5,2,0,0,0,0.011152416356877323,0.011152416356877323
249,269,20,2025,10,18,10,5,2,0,0,0,0.07434944237918216,0.07434944237918216
232,269,37,2025,10,18,11,5,2,0,0,0,0.137546468401487,0.137546468401487
214,269,55,2025,10,18,12,5,2,0,0,0,0.20446096654275092,0.20446096654275092
206,269,63,2025,10,18,12,5,2,0,0,0,0.2342007434944238,0.2342007434944238
181,269,88,2025,10,18,13,5,2,0,0,0,0.3271375464684015,0.3271375464684015
165,269,104,2025,10,18,13,5,2,0,0,0,0.38661710037174724,0.38661710037174724
141,269,128,2025,10,18,14,5,2,0,0,0,0.4758364312267658,0.4758364312267658
122,269,147,2025,10,18,14,5,2,0,0,0,0.5464684014869888,0.5464684014869888
94,269,175,2025,10,18,15,5,2,0,0,0,0.6505576208178439,0.6505576208178439
75,269,194,2025,10,18,15,5,2,0,0,0,0.7211895910780669,0.7211895910780669
57,269,212,2025,10,18,16,5,2,0,0,0,0.7881040892193308,0.7881040892193308
44,269,225,2025,10,18,16,5,2,0,0,0,0.8364312267657993,0.8364312267657993
23,269,246,2025,10,18,17,5,2,0,0,0,0.9144981412639405,0.9144981412639405
16,269,253,2025,10,18,17,5,2,0,0,0,0.9405204460966543,0.9405204460966543
12,269,257,2025,10,18,18,5,2,0,0,0,0.9553903345724907,0.9553903345724907
19,269,250,2025,10,18,18,5,2,0,0,0,0.929368029739777,0.929368029739777
23,269,246,2025,10,18,19,5,2,0,0,0,0.9144981412639405,0.9144981412639405
26,269,243,2025,10,18,19,5,2,0,0,0,0.9033457249070632,0.9033457249070632
38,269,231,2025,10,18,20,5,2,0,0,0,0.8587360594795539,0.8587360594795539
34,269,235,2025,10,18,20,5,2,0,0,0,0.8736059479553904,0.8736059479553904
51,269,218,2025,10,18,21,5,2,0,0,0,0.8104089219330854,0.8104089219330854
76,269,193,2025,10,18,22,5,2,0,0,0,0.7174721189591078,0.7174721189591078
86,269,183,2025,10,18,22,5,2,0,0,0,0.6802973977695167,0.6802973977695167
120,269,149,2025,10,18,23,5,2,0,0,0,0.5539033457249071,0.5539033457249071
150,269,119,2025,10,18,23,5,2,0,0,0,0.4423791821561338,0.4423791821561338
269,269,0,2025,10,19,6,6,2,0,0,0,0.0,0.0
269,269,0,2025,10,19,6,6,2,0,0,0,0.0,0.0
269,269,0,2025,10,19,7,6,2,0,0,0,0.0,0.0
267,269,2,2025,10,19,7,6,2,0,0,0,0.007434944237918215,0.007434944237918215
266,269,3,2025,10,19,8,6,2,0,0,0,0.011152416356877323,0.011152416356877323
265,269,4,2025,10,19,8,6,2,0,0,0,0.01486988847583643,0.01486988847583643
249,269,20,2025,10,19,10,6,2,0,0,0,0.07434944237918216,0.07434944237918216
202,269,67,2025,10,19,12,6,2,0,0,0,0.24907063197026022,0.24907063197026022
170,269,99,2025,10,19,12,6,2,0,0,0,0.3680297397769517,0.3680297397769517
112,269,157,2025,10,19,13,6,2,0,0,0,0.5836431226765799,0.5836431226765799
80,269,189,2025,10,19,14,6,2,0,0,0,0.7026022304832714,0.7026022304832714
43,269,226,2025,10,19,14,6,2,0,0,0,0.8401486988847584,0.8401486988847584
0,269,269,2025,10,19,15,6,2,0,0,0,1.0,1.0
4,269,265,2025,10,19,15,6,2,0,0,0,0.9851301115241635,0.9851301115241635
2,269,267,2025,10,19,16,6,2,0,0,0,0.9925650557620818,0.9925650557620818
2,269,267,2025,10,19,16,6,2,0,0,0,0.9925650557620818,0.9925650557620818
0,269,269,2025,10,19,17,6,2,0,0,0,1.0,1.0
0,269,269,2025,10,19,17,6,2,0,0,0,1.0,1.0
12,269,257,2025,10,19,18,6,2,0,0,0,0.9553903345724907,0.9553903345724907
5,269,264,2025,10,19,18,6,2,0,0,0,0.9814126394052045,0.9814126394052045
3,269,266,2025,10,19,19,6,2,0,0,0,0.9888475836431226,0.9888475836431226
1,269,268,2025,10,19,19,6,2,0,0,0,0.9962825278810409,0.9962825278810409
4,269,265,2025,10,19,20,6,2,0,0,0,0.9851301115241635,0.9851301115241635
14,269,255,2025,10,19,20,6,2,0,0,0,0.9479553903345725,0.9479553903345725
32,269,237,2025,10,19,21,6,2,0,0,0,0.8810408921933085,0.8810408921933085
59,269,210,2025,10,19,22,6,2,0,0,0,0.7806691449814126,0.7806691449814126
77,269,192,2025,10,19,22,6,2,0,0,0,0.7137546468401487,0.7137546468401487
102,269,167,2025,10,19,23,6,2,0,0,0,0.620817843866171,0.620817843866171
120,269,149,2025,10,19,23,6,2,0,0,0,0.5539033457249071,0.5539033457249071
267,269,2,2025,10,20,6,0,2,0,0,0,0.007434944237918215,0.007434944237918215
267,269,2,2025,10,20,6,0,2,0,0,0,0.007434944237918215,0.007434944237918215
261,269,8,2025,10,20,7,0,2,0,0,0,0.02973977695167286,0.02973977695167286
252,269,17,2025,10,20,7,0,2,0,0,0,0.06319702602230483,0.06319702602230483
236,269,33,2025,10,20,8,0,2,0,0,0,0.12267657992565056,0.12267657992565056
230,269,39,2025,10,20,8,0,2,0,0,0,0.1449814126394052,0.1449814126394052
158,269,111,2025,10,20,10,0,2,0,0,0,0.41263940520446096,0.41263940520446096
70,269,199,2025,10,20,12,0,2,0,0,0,0.7397769516728625,0.7397769516728625
0,269,269,2025,10,20,12,0,2,0,0,0,1.0,1.0
2,269,267,2025,10,20,13,0,2,0,0,0,0.9925650557620818,0.9925650557620818
1,269,268,2025,10,20,14,0,2,0,0,0,0.9962825278810409,0.9962825278810409
0,269,269,2025,10,20,14,0,2,0,0,0,1.0,1.0
12,269,257,2025,10,20,15,0,2,0,0,0,0.9553903345724907,0.9553903345724907
20,269,249,2025,10,20,15,0,2,0,0,0,0.9256505576208178,0.9256505576208178
14,269,255,2025,10,20,16,0,2,0,0,0,0.9479553903345725,0.9479553903345725
11,269,258,2025,10,20,16,0,2,0,0,0,0.9591078066914498,0.9591078066914498
14,269,255,2025,10,20,17,0,2,0,0,0,0.9479553903345725,0.9479553903345725
41,269,228,2025,10,20,17,0,2,0,0,0,0.8475836431226765,0.8475836431226765
45,269,224,2025,10,20,18,0,2,0,0,0,0.8327137546468402,0.8327137546468402
47,269,222,2025,10,20,18,0,2,0,0,0,0.8252788104089219,0.8252788104089219
77,269,192,2025,10,20,19,0,2,0,0,0,0.7137546468401487,0.7137546468401487
79,269,190,2025,10,20,19,0,2,0,0,0,0.7063197026022305,0.7063197026022305
67,269,202,2025,10,20,20,0,2,0,0,0,0.7509293680297398,0.7509293680297398
50,269,219,2025,10,20,20,0,2,0,0,0,0.8141263940520446,0.8141263940520446
10,269,259,2025,10,20,21,0,2,0,0,0,0.9628252788104089,0.9628252788104089
44,269,225,2025,10,20,22,0,2,0,0,0,0.8364312267657993,0.8364312267657993
60,269,209,2025,10,20,22,0,2,0,0,0,0.7769516728624535,0.7769516728624535
89,269,180,2025,10,20,23,0,2,0,0,0,0.6691449814126395,0.6691449814126395
119,269,150,2025,10,20,23,0,2,0,0,0,0.5576208178438662,0.5576208178438662
264,269,5,2025,10,21,6,1,2,0,0,0,0.01858736059479554,0.01858736059479554
263,269,6,2025,10,21,6,1,2,0,0,0,0.022304832713754646,0.022304832713754646
252,269,17,2025,10,21,7,1,2,0,0,0,0.06319702602230483,0.06319702602230483
245,269,24,2025,10,21,7,1,2,0,0,0,0.08921933085501858,0.08921933085501858
236,269,33,2025,10,21,8,1,2,0,0,0,0.12267657992565056,0.12267657992565056
225,269,44,2025,10,21,8,1,2,0,0,0,0.16356877323420074,0.16356877323420074
157,269,112,2025,10,21,10,1,2,0,0,0,0.4163568773234201,0.4163568773234201
96,269,173,2025,10,21,11,1,2,0,0,0,0.6431226765799256,0.6431226765799256
75,269,194,2025,10,21,12,1,2,0,0,0,0.7211895910780669,0.7211895910780669
40,269,229,2025,10,21,13,1,2,0,0,0,0.8513011152416357,0.8513011152416357
30,269,239,2025,10,21,13,1,2,0,0,0,0.8884758364312267,0.8884758364312267
5,269,264,2025,10,21,14,1,2,0,0,0,0.9814126394052045,0.9814126394052045
6,269,263,2025,10,21,14,1,2,0,0,0,0.9776951672862454,0.9776951672862454
4,269,265,2025,10,21,15,1,2,0,0,0,0.9851301115241635,0.9851301115241635
8,269,261,2025,10,21,15,1,2,0,0,0,0.9702602230483272,0.9702602230483272
1,269,268,2025,10,21,16,1,2,0,0,0,0.9962825278810409,0.9962825278810409
2,269,267,2025,10,21,16,1,2,0,0,0,0.9925650557620818,0.9925650557620818
29,269,240,2025,10,21,17,1,2,0,0,0,0.8921933085501859,0.8921933085501859
54,269,215,2025,10,21,17,1,2,0,0,0,0.7992565055762082,0.7992565055762082
63,269,206,2025,10,21,18,1,2,0,0,0,0.7657992565055762,0.7657992565055762
76,269,193,2025,10,21,18,1,2,0,0,0,0.7174721189591078,0.7174721189591078
93,269,176,2025,10,21,19,1,2,0,0,0,0.654275092936803,0.654275092936803
102,269,167,2025,10,21,19,1,2,0,0,0,0.620817843866171,0.620817843866171
102,269,167,2025,10,21,20,1,2,0,0,0,0.620817843866171,0.620817843866171
102,269,167,2025,10,21,20,1,2,0,0,0,0.620817843866171,0.620817843866171
75,269,194,2025,10,21,21,1,2,0,0,0,0.7211895910780669,0.7211895910780669
98,269,171,2025,10,21,22,1,2,0,0,0,0.6356877323420075,0.6356877323420075
137,269,132,2025,10,21,23,1,2,0,0,0,0.49070631970260226,0.49070631970260226
157,269,112,2025,10,21,23,1,2,0,0,0,0.4163568773234201,0.4163568773234201
267,269,2,2025,10,22,6,2,2,0,0,0,0.007434944237918215,0.007434944237918215
266,269,3,2025,10,22,6,2,2,0,0,0,0.011152416356877323,0.011152416356877323
262,269,7,2025,10,22,7,2,2,0,0,0,0.026022304832713755,0.026022304832713755
258,269,11,2025,10,22,7,2,2,0,0,0,0.040892193308550186,0.040892193308550186
242,269,27,2025,10,22,8,2,2,0,0,0,0.10037174721189591,0.10037174721189591
231,269,38,2025,10,22,8,2,2,0,0,0,0.1412639405204461,0.1412639405204461
194,269,75,2025,10,22,10,2,2,0,0,0,0.2788104089219331,0.2788104089219331
176,269,93,2025,10,22,11,2,2,0,0,0,0.34572490706319703,0.34572490706319703
149,269,120,2025,10,22,12,2,2,0,0,0,0.44609665427509293,0.44609665427509293
143,269,126,2025,10,22,13,2,2,0,0,0,0.4684014869888476,0.4684014869888476
129,269,140,2025,10,22,13,2,2,0,0,0,0.5204460966542751,0.5204460966542751
120,269,149,2025,10,22,14,2,2,0,0,0,0.5539033457249071,0.5539033457249071
137,269,132,2025,10,22,14,2,2,0,0,0,0.49070631970260226,0.49070631970260226
153,269,116,2025,10,22,15,2,2,0,0,0,0.4312267657992565,0.4312267657992565
159,269,110,2025,10,22,15,2,2,0,0,0,0.40892193308550184,0.40892193308550184
157,269,112,2025,10,22,16,2,2,0,0,0,0.4163568773234201,0.4163568773234201
166,269,103,2025,10,22,16,2,2,0,0,0,0.3828996282527881,0.3828996282527881
172,269,97,2025,10,22,17,2,2,0,0,0,0.36059479553903345,0.36059479553903345
181,269,88,2025,10,22,17,2,2,0,0,0,0.3271375464684015,0.3271375464684015
179,269,90,2025,10,22,18,2,2,0,0,0,0.3345724907063197,0.3345724907063197
170,269,99,2025,10,22,18,2,2,0,0,0,0.3680297397769517,0.3680297397769517
173,269,96,2025,10,22,19,2,2,0,0,0,0.35687732342007433,0.35687732342007433
176,269,93,2025,10,22,19,2,2,0,0,0,0.34572490706319703,0.34572490706319703
170,269,99,2025,10,22,20,2,2,0,0,0,0.3680297397769517,0.3680297397769517
160,269,109,2025,10,22,20,2,2,0,0,0,0.4052044609665427,0.4052044609665427
147,269,122,2025,10,22,21,2,2,0,0,0,0.45353159851301117,0.45353159851301117
156,269,113,2025,10,22,22,2,2,0,0,0,0.4200743494423792,0.4200743494423792
165,269,104,2025,10,22,23,2,2,0,0,0,0.38661710037174724,0.38661710037174724
189,269,80,2025,10,22,23,2,2,0,0,0,0.29739776951672864,0.29739776951672864
268,269,1,2025,10,23,6,3,2,0,0,0,0.0037174721189591076,0.0037174721189591076
267,269,2,2025,10,23,6,3,2,0,0,0,0.007434944237918215,0.007434944237918215
262,269,7,2025,10,23,7,3,2,0,0,0,0.026022304832713755,0.026022304832713755
257,269,12,2025,10,23,7,3,2,0,0,0,0.04460966542750929,0.04460966542750929
248,269,21,2025,10,23,8,3,2,0,0,0,0.07806691449814127,0.07806691449814127
243,269,26,2025,10,23,8,3,2,0,0,0,0.09665427509293681,0.09665427509293681
221,269,48,2025,10,23,10,3,2,0,0,0,0.17843866171003717,0.17843866171003717
213,269,56,2025,10,23,11,3,2,0,0,0,0.20817843866171004,0.20817843866171004
201,269,68,2025,10,23,12,3,2,0,0,0,0.2527881040892193,0.2527881040892193
198,269,71,2025,10,23,13,3,2,0,0,0,0.26394052044609667,0.26394052044609667
201,269,68,2025,10,23,13,3,2,0,0,0,0.2527881040892193,0.2527881040892193
201,269,68,2025,10,23,14,3,2,0,0,0,0.2527881040892193,0.2527881040892193
197,269,72,2025,10,23,14,3,2,0,0,0,0.26765799256505574,0.26765799256505574
200,269,69,2025,10,23,15,3,2,0,0,0,0.25650557620817843,0.25650557620817843
203,269,66,2025,10,23,15,3,2,0,0,0,0.24535315985130113,0.24535315985130113
208,269,61,2025,10,23,16,3,2,0,0,0,0.22676579925650558,0.22676579925650558
209,269,60,2025,10,23,16,3,2,0,0,0,0.22304832713754646,0.22304832713754646
214,269,55,2025,10,23,17,3,2,0,0,0,0.20446096654275092,0.20446096654275092
217,269,52,2025,10,23,17,3,2,0,0,0,0.19330855018587362,0.19330855018587362
221,269,48,2025,10,23,18,3,2,0,0,0,0.17843866171003717,0.17843866171003717
227,269,42,2025,10,23,18,3,2,0,0,0,0.15613382899628253,0.15613382899628253
234,269,35,2025,10,23,19,3,2,0,0,0,0.13011152416356878,0.13011152416356878
238,269,31,2025,10,23,19,3,2,0,0,0,0.11524163568773234,0.11524163568773234
234,269,35,2025,10,23,20,3,2,0,0,0,0.13011152416356878,0.13011152416356878
233,269,36,2025,10,23,20,3,2,0,0,0,0.13382899628252787,0.13382899628252787
232,269,37,2025,10,23,21,3,2,0,0,0,0.137546468401487,0.137546468401487
232,269,37,2025,10,23,22,3,2,0,0,0,0.137546468401487,0.137546468401487
244,269,25,2025,10,23,23,3,2,0,0,0,0.09293680297397769,0.09293680297397769
248,269,21,2025,10,23,23,3,2,0,0,0,0.07806691449814127,0.07806691449814127
269,269,0,2025,10,24,6,4,2,0,0,0,0.0,0.0
269,269,0,2025,10,24,6,4,2,0,0,0,0.0,0.0
268,269,1,2025,10,24,7,4,2,0,0,0,0.0037174721189591076,0.0037174721189591076
267,269,2,2025,10,24,7,4,2,0,0,0,0.007434944237918215,0.007434944237918215
261,269,8,2025,10,24,8,4,2,0,0,0,0.02973977695167286,0.02973977695167286
259,269,10,2025,10,24,8,4,2,0,0,0,0.03717472118959108,0.03717472118959108
251,269,18,2025,10,24,10,4,2,0,0,0,0.06691449814126393,0.06691449814126393
254,269,15,2025,10,24,11,4,2,0,0,0,0.055762081784386616,0.055762081784386616
246,269,23,2025,10,24,12,4,2,0,0,0,0.08550185873605948,0.08550185873605948
237,269,32,2025,10,24,13,4,2,0,0,0,0.11895910780669144,0.11895910780669144
236,269,33,2025,10,24,13,4,2,0,0,0,0.12267657992565056,0.12267657992565056
237,269,32,2025,10,24,14,4,2,0,0,0,0.11895910780669144,0.11895910780669144
234,269,35,2025,10,24,14,4,2,0,0,0,0.13011152416356878,0.13011152416356878
240,269,29,2025,10,24,15,4,2,0,0,0,0.10780669144981413,0.10780669144981413
242,269,27,2025,10,24,15,4,2,0,0,0,0.10037174721189591,0.10037174721189591
245,269,24,2025,10,24,16,4,2,0,0,0,0.08921933085501858,0.08921933085501858
245,269,24,2025,10,24,16,4,2,0,0,0,0.08921933085501858,0.08921933085501858
242,269,27,2025,10,24,17,4,2,0,0,0,0.10037174721189591,0.10037174721189591
244,269,25,2025,10,24,17,4,2,0,0,0,0.09293680297397769,0.09293680297397769
246,269,23,2025,10,24,18,4,2,0,0,0,0.08550185873605948,0.08550185873605948
246,269,23,2025,10,24,18,4,2,0,0,0,0.08550185873605948,0.08550185873605948
246,269,23,2025,10,24,19,4,2,0,0,0,0.08550185873605948,0.08550185873605948
247,269,22,2025,10,24,19,4,2,0,0,0,0.08178438661710037,0.08178438661710037
248,269,21,2025,10,24,20,4,2,0,0,0,0.07806691449814127,0.07806691449814127
250,269,19,2025,10,24,20,4,2,0,0,0,0.07063197026022305,0.07063197026022305
248,269,21,2025,10,24,21,4,2,0,0,0,0.07806691449814127,0.07806691449814127
250,269,19,2025,10,24,22,4,2,0,0,0,0.07063197026022305,0.07063197026022305
252,269,17,2025,10,24,22,4,2,0,0,0,0.06319702602230483,0.06319702602230483
258,269,11,2025,10,24,23,4,2,0,0,0,0.040892193308550186,0.040892193308550186
261,269,8,2025,10,24,23,4,2,0,0,0,0.02973977695167286,0.02973977695167286
269,269,0,2025,10,25,6,5,2,0,0,0,0.0,0.0
269,269,0,2025,10,25,6,5,2,0,0,0,0.0,0.0
269,269,0,2025,10,25,7,5,2,0,0,0,0.0,0.0
268,269,1,2025,10,25,7,5,2,0,0,0,0.0037174721189591076,0.0037174721189591076
268,269,1,2025,10,25,8,5,2,0,0,0,0.0037174721189591076,0.0037174721189591076
267,269,2,2025,10,25,8,5,2,0,0,0,0.007434944237918215,0.007434944237918215
268,269,1,2025,10,25,10,5,2,0,0,0,0.0037174721189591076,0.0037174721189591076
267,269,2,2025,10,25,11,5,2,0,0,0,0.007434944237918215,0.007434944237918215
264,269,5,2025,10,25,12,5,2,0,0,0,0.01858736059479554,0.01858736059479554
262,269,7,2025,10,25,13,5,2,0,0,0,0.026022304832713755,0.026022304832713755
260,269,9,2025,10,25,13,5,2,0,0,0,0.03345724907063197,0.03345724907063197
257,269,12,2025,10,25,14,5,2,0,0,0,0.04460966542750929,0.04460966542750929
254,269,15,2025,10,25,14,5,2,0,0,0,0.055762081784386616,0.055762081784386616
251,269,18,2025,10,25,15,5,2,0,0,0,0.06691449814126393,0.06691449814126393
251,269,18,2025,10,25,15,5,2,0,0,0,0.06691449814126393,0.06691449814126393
251,269,18,2025,10,25,16,5,2,0,0,0,0.06691449814126393,0.06691449814126393
249,269,20,2025,10,25,16,5,2,0,0,0,0.07434944237918216,0.07434944237918216
242,269,27,2025,10,25,17,5,2,0,0,0,0.10037174721189591,0.10037174721189591
238,269,31,2025,10,25,17,5,2,0,0,0,0.11524163568773234,0.11524163568773234
240,269,29,2025,10,25,18,5,2,0,0,0,0.10780669144981413,0.10780669144981413
238,269,31,2025,10,25,18,5,2,0,0,0,0.11524163568773234,0.11524163568773234
238,269,31,2025,10,25,19,5,2,0,0,0,0.11524163568773234,0.11524163568773234
242,269,27,2025,10,25,19,5,2,0,0,0,0.10037174721189591,0.10037174721189591
249,269,20,2025,10,25,20,5,2,0,0,0,0.07434944237918216,0.07434944237918216
252,269,17,2025,10,25,20,5,2,0,0,0,0.06319702602230483,0.06319702602230483
250,269,19,2025,10,25,21,5,2,0,0,0,0.07063197026022305,0.07063197026022305
253,269,16,2025,10,25,22,5,2,0,0,0,0.05947955390334572,0.05947955390334572
253,269,16,2025,10,25,22,5,2,0,0,0,0.05947955390334572,0.05947955390334572
256,269,13,2025,10,25,23,5,2,0,0,0,0.048327137546468404,0.048327137546468404
258,269,11,2025,10,25,23,5,2,0,0,0,0.040892193308550186,0.040892193308550186
269,269,0,2025,10,26,6,6,2,0,0,0,0.0,0.0
269,269,0,2025,10,26,6,6,2,0,0,0,0.0,0.0
269,269,0,2025,10,26,7,6,2,0,0,0,0.0,0.0
269,269,0,2025,10,26,7,6,2,0,0,0,0.0,0.0
269,269,0,2025,10,26,8,6,2,0,0,0,0.0,0.0
269,269,0,2025,10,26,8,6,2,0,0,0,0.0,0.0
267,269,2,2025,10,26,10,6,2,0,0,0,0.007434944237918215,0.007434944237918215
264,269,5,2025,10,26,11,6,2,0,0,0,0.01858736059479554,0.01858736059479554
265,269,4,2025,10,26,12,6,2,0,0,0,0.01486988847583643,0.01486988847583643
263,269,6,2025,10,26,13,6,2,0,0,0,0.022304832713754646,0.022304832713754646
261,269,8,2025,10,26,13,6,2,0,0,0,0.02973977695167286,0.02973977695167286
260,269,9,2025,10,26,14,6,2,0,0,0,0.03345724907063197,0.03345724907063197
253,269,16,2025,10,26,14,6,2,0,0,0,0.05947955390334572,0.05947955390334572
250,269,19,2025,10,26,15,6,2,0,0,0,0.07063197026022305,0.07063197026022305
248,269,21,2025,10,26,15,6,2,0,0,0,0.07806691449814127,0.07806691449814127
245,269,24,2025,10,26,16,6,2,0,0,0,0.08921933085501858,0.08921933085501858
243,269,26,2025,10,26,16,6,2,0,0,0,0.09665427509293681,0.09665427509293681
240,269,29,2025,10,26,17,6,2,0,0,0,0.10780669144981413,0.10780669144981413
236,269,33,2025,10,26,17,6,2,0,0,0,0.12267657992565056,0.12267657992565056
233,269,36,2025,10,26,18,6,2,0,0,0,0.13382899628252787,0.13382899628252787
233,269,36,2025,10,26,18,6,2,0,0,0,0.13382899628252787,0.13382899628252787
234,269,35,2025,10,26,19,6,2,0,0,0,0.13011152416356878,0.13011152416356878
235,269,34,2025,10,26,19,6,2,0,0,0,0.12639405204460966,0.12639405204460966
238,269,31,2025,10,26,20,6,2,0,0,0,0.11524163568773234,0.11524163568773234
242,269,27,2025,10,26,20,6,2,0,0,0,0.10037174721189591,0.10037174721189591
239,269,30,2025,10,26,21,6,2,0,0,0,0.11152416356877323,0.11152416356877323
238,269,31,2025,10,26,22,6,2,0,0,0,0.11524163568773234,0.11524163568773234
243,269,26,2025,10,26,22,6,2,0,0,0,0.09665427509293681,0.09665427509293681
247,269,22,2025,10,26,23,6,2,0,0,0,0.08178438661710037,0.08178438661710037
253,269,16,2025,10,26,23,6,2,0,0,0,0.05947955390334572,0.05947955390334572
269,269,0,2025,10,27,6,0,2,0,0,0,0.0,0.0
269,269,0,2025,10,27,6,0,2,0,0,0,0.0,0.0
268,269,1,2025,10,27,7,0,2,0,0,0,0.0037174721189591076,0.0037174721189591076
267,269,2,2025,10,27,7,0,2,0,0,0,0.007434944237918215,0.007434944237918215
263,269,6,2025,10,27,8,0,2,0,0,0,0.022304832713754646,0.022304832713754646
262,269,7,2025,10,27,8,0,2,0,0,0,0.026022304832713755,0.026022304832713755
251,269,18,2025,10,27,10,0,2,0,0,0,0.06691449814126393,0.06691449814126393
232,269,37,2025,10,27,12,0,2,0,0,0,0.137546468401487,0.137546468401487
224,269,45,2025,10,27,13,0,2,0,0,0,0.16728624535315986,0.16728624535315986
215,269,54,2025,10,27,13,0,2,0,0,0,0.20074349442379183,0.20074349442379183
214,269,55,2025,10,27,14,0,2,0,0,0,0.20446096654275092,0.20446096654275092
219,269,50,2025,10,27,14,0,2,0,0,0,0.18587360594795538,0.18587360594795538
220,269,49,2025,10,27,15,0,2,0,0,0,0.1821561338289963,0.1821561338289963
212,269,57,2025,10,27,16,0,2,0,0,0,0.21189591078066913,0.21189591078066913
206,269,63,2025,10,27,16,0,2,0,0,0,0.2342007434944238,0.2342007434944238
201,269,68,2025,10,27,17,0,2,0,0,0,0.2527881040892193,0.2527881040892193
207,269,62,2025,10,27,17,0,2,0,0,0,0.23048327137546468,0.23048327137546468
211,269,58,2025,10,27,18,0,2,0,0,0,0.21561338289962825,0.21561338289962825
213,269,56,2025,10,27,18,0,2,0,0,0,0.20817843866171004,0.20817843866171004
214,269,55,2025,10,27,19,0,2,0,0,0,0.20446096654275092,0.20446096654275092
217,269,52,2025,10,27,19,0,2,0,0,0,0.19330855018587362,0.19330855018587362
218,269,51,2025,10,27,20,0,2,0,0,0,0.1895910780669145,0.1895910780669145
217,269,52,2025,10,27,20,0,2,0,0,0,0.19330855018587362,0.19330855018587362
216,269,53,2025,10,27,21,0,2,0,0,0,0.1970260223048327,0.1970260223048327
229,269,40,2025,10,27,22,0,2,0,0,0,0.14869888475836432,0.14869888475836432
238,269,31,2025,10,27,23,0,2,0,0,0,0.11524163568773234,0.11524163568773234
240,269,29,2025,10,27,23,0,2,0,0,0,0.10780669144981413,0.10780669144981413
269,269,0,2025,10,28,6,1,2,0,0,0,0.0,0.0
269,269,0,2025,10,28,6,1,2,0,0,0,0.0,0.0
269,269,0,2025,10,28,7,1,2,0,0,0,0.0,0.0
269,269,0,2025,10,28,7,1,2,0,0,0,0.0,0.0
268,269,1,2025,10,28,8,1,2,0,0,0,0.0037174721189591076,0.0037174721189591076
263,269,6,2025,10,28,8,1,2,0,0,0,0.022304832713754646,0.022304832713754646
259,269,10,2025,10,28,10,1,2,0,0,0,0.03717472118959108,0.03717472118959108
244,269,25,2025,10,28,11,1,2,0,0,0,0.09293680297397769,0.09293680297397769
236,269,33,2025,10,28,12,1,2,0,0,0,0.12267657992565056,0.12267657992565056
232,269,37,2025,10,28,13,1,2,0,0,0,0.137546468401487,0.137546468401487
230,269,39,2025,10,28,13,1,2,0,0,0,0.1449814126394052,0.1449814126394052
226,269,43,2025,10,28,14,1,2,0,0,0,0.15985130111524162,0.15985130111524162
229,269,40,2025,10,28,14,1,2,0,0,0,0.14869888475836432,0.14869888475836432
225,269,44,2025,10,28,15,1,2,0,0,0,0.16356877323420074,0.16356877323420074
224,269,45,2025,10,28,15,1,2,0,0,0,0.16728624535315986,0.16728624535315986
227,269,42,2025,10,28,16,1,2,0,0,0,0.15613382899628253,0.15613382899628253
226,269,43,2025,10,28,16,1,2,0,0,0,0.15985130111524162,0.15985130111524162
225,269,44,2025,10,28,17,1,2,0,0,0,0.16356877323420074,0.16356877323420074
226,269,43,2025,10,28,17,1,2,0,0,0,0.15985130111524162,0.15985130111524162
233,269,36,2025,10,28,18,1,2,0,0,0,0.13382899628252787,0.13382899628252787
227,269,42,2025,10,28,18,1,2,0,0,0,0.15613382899628253,0.15613382899628253
229,269,40,2025,10,28,19,1,2,0,0,0,0.14869888475836432,0.14869888475836432
228,269,41,2025,10,28,19,1,2,0,0,0,0.1524163568773234,0.1524163568773234
229,269,40,2025,10,28,20,1,2,0,0,0,0.14869888475836432,0.14869888475836432
226,269,43,2025,10,28,20,1,2,0,0,0,0.15985130111524162,0.15985130111524162
228,269,41,2025,10,28,21,1,2,0,0,0,0.1524163568773234,0.1524163568773234
224,269,45,2025,10,28,22,1,2,0,0,0,0.16728624535315986,0.16728624535315986
226,269,43,2025,10,28,22,1,2,0,0,0,0.15985130111524162,0.15985130111524162
231,269,38,2025,10,28,23,1,2,0,0,0,0.1412639405204461,0.1412639405204461
239,269,30,2025,10,28,23,1,2,0,0,0,0.11152416356877323,0.11152416356877323
269,269,0,2025,10,29,6,2,2,0,0,0,0.0,0.0
269,269,0,2025,10,29,6,2,2,0,0,0,0.0,0.0
268,269,1,2025,10,29,7,2,2,0,0,0,0.0037174721189591076,0.0037174721189591076
268,269,1,2025,10,29,7,2,2,0,0,0,0.0037174721189591076,0.0037174721189591076
263,269,6,2025,10,29,8,2,2,0,0,0,0.022304832713754646,0.022304832713754646
259,269,10,2025,10,29,8,2,2,0,0,0,0.03717472118959108,0.03717472118959108
259,269,10,2025,10,29,9,2,2,0,0,0,0.03717472118959108,0.03717472118959108
256,269,13,2025,10,29,10,2,2,0,0,0,0.048327137546468404,0.048327137546468404
254,269,15,2025,10,29,10,2,2,0,0,0,0.055762081784386616,0.055762081784386616
236,269,33,2025,10,29,12,2,2,0,0,0,0.12267657992565056,0.12267657992565056
232,269,37,2025,10,29,12,2,2,0,0,0,0.137546468401487,0.137546468401487
231,269,38,2025,10,29,13,2,2,0,0,0,0.1412639405204461,0.1412639405204461
231,269,38,2025,10,29,14,2,2,0,0,0,0.1412639405204461,0.1412639405204461
228,269,41,2025,10,29,14,2,2,0,0,0,0.1524163568773234,0.1524163568773234
226,269,43,2025,10,29,15,2,2,0,0,0,0.15985130111524162,0.15985130111524162
225,269,44,2025,10,29,15,2,2,0,0,0,0.16356877323420074,0.16356877323420074
227,269,42,2025,10,29,16,2,2,0,0,0,0.15613382899628253,0.15613382899628253
228,269,41,2025,10,29,16,2,2,0,0,0,0.1524163568773234,0.1524163568773234
227,269,42,2025,10,29,17,2,2,0,0,0,0.15613382899628253,0.15613382899628253
227,269,42,2025,10,29,17,2,2,0,0,0,0.15613382899628253,0.15613382899628253
232,269,37,2025,10,29,18,2,2,0,0,0,0.137546468401487,0.137546468401487
235,269,34,2025,10,29,18,2,2,0,0,0,0.12639405204460966,0.12639405204460966
237,269,32,2025,10,29,19,2,2,0,0,0,0.11895910780669144,0.11895910780669144
238,269,31,2025,10,29,19,2,2,0,0,0,0.11524163568773234,0.11524163568773234
235,269,34,2025,10,29,20,2,2,0,0,0,0.12639405204460966,0.12639405204460966
235,269,34,2025,10,29,20,2,2,0,0,0,0.12639405204460966,0.12639405204460966
233,269,36,2025,10,29,21,2,2,0,0,0,0.13382899628252787,0.13382899628252787
239,269,30,2025,10,29,22,2,2,0,0,0,0.11152416356877323,0.11152416356877323
247,269,22,2025,10,29,23,2,2,0,0,0,0.08178438661710037,0.08178438661710037
252,269,17,2025,10,29,23,2,2,0,0,0,0.06319702602230483,0.06319702602230483
269,269,0,2025,10,30,0,3,2,0,0,0,0.0,0.0
269,269,0,2025,10,30,0,3,2,0,0,0,0.0,0.0
269,269,0,2025,10,30,6,3,2,0,0,0,0.0,0.0
269,269,0,2025,10,30,6,3,2,0,0,0,0.0,0.0
268,269,1,2025,10,30,7,3,2,0,0,0,0.0037174721189591076,0.0037174721189591076
267,269,2,2025,10,30,7,3,2,0,0,0,0.007434944237918215,0.007434944237918215
265,269,4,2025,10,30,8,3,2,0,0,0,0.01486988847583643,0.01486988847583643
263,269,6,2025,10,30,8,3,2,0,0,0,0.022304832713754646,0.022304832713754646
261,269,8,2025,10,30,9,3,2,0,0,0,0.02973977695167286,0.02973977695167286
257,269,12,2025,10,30,10,3,2,0,0,0,0.04460966542750929,0.04460966542750929
257,269,12,2025,10,30,10,3,2,0,0,0,0.04460966542750929,0.04460966542750929
255,269,14,2025,10,30,11,3,2,0,0,0,0.05204460966542751,0.05204460966542751
253,269,16,2025,10,30,11,3,2,0,0,0,0.05947955390334572,0.05947955390334572
248,269,21,2025,10,30,12,3,2,0,0,0,0.07806691449814127,0.07806691449814127
246,269,23,2025,10,30,13,3,2,0,0,0,0.08550185873605948,0.08550185873605948
246,269,23,2025,10,30,13,3,2,0,0,0,0.08550185873605948,0.08550185873605948
248,269,21,2025,10,30,14,3,2,0,0,0,0.07806691449814127,0.07806691449814127
247,269,22,2025,10,30,14,3,2,0,0,0,0.08178438661710037,0.08178438661710037
243,269,26,2025,10,30,15,3,2,0,0,0,0.09665427509293681,0.09665427509293681
244,269,25,2025,10,30,15,3,2,0,0,0,0.09293680297397769,0.09293680297397769
245,269,24,2025,10,30,16,3,2,0,0,0,0.08921933085501858,0.08921933085501858
243,269,26,2025,10,30,16,3,2,0,0,0,0.09665427509293681,0.09665427509293681
243,269,26,2025,10,30,17,3,2,0,0,0,0.09665427509293681,0.09665427509293681
245,269,24,2025,10,30,17,3,2,0,0,0,0.08921933085501858,0.08921933085501858
250,269,19,2025,10,30,18,3,2,0,0,0,0.07063197026022305,0.07063197026022305
251,269,18,2025,10,30,18,3,2,0,0,0,0.06691449814126393,0.06691449814126393
252,269,17,2025,10,30,19,3,2,0,0,0,0.06319702602230483,0.06319702602230483
252,269,17,2025,10,30,19,3,2,0,0,0,0.06319702602230483,0.06319702602230483
252,269,17,2025,10,30,20,3,2,0,0,0,0.06319702602230483,0.06319702602230483
254,269,15,2025,10,30,20,3,2,0,0,0,0.055762081784386616,0.055762081784386616
258,269,11,2025,10,30,21,3,2,0,0,0,0.040892193308550186,0.040892193308550186
259,269,10,2025,10,30,22,3,2,0,0,0,0.03717472118959108,0.03717472118959108
260,269,9,2025,10,30,22,3,2,0,0,0,0.03345724907063197,0.03345724907063197
262,269,7,2025,10,30,23,3,2,0,0,0,0.026022304832713755,0.026022304832713755
263,269,6,2025,10,30,23,3,2,0,0,0,0.022304832713754646,0.022304832713754646
269,269,0,2025,10,31,0,4,2,0,0,0,0.0,0.0
269,269,0,2025,10,31,0,4,2,0,0,0,0.0,0.0
269,269,0,2025,10,31,6,4,2,0,0,0,0.0,0.0
269,269,0,2025,10,31,6,4,2,0,0,0,0.0,0.0
269,269,0,2025,10,31,7,4,2,0,0,0,0.0,0.0
269,269,0,2025,10,31,7,4,2,0,0,0,0.0,0.0
266,269,3,2025,10,31,8,4,2,0,0,0,0.011152416356877323,0.011152416356877323
266,269,3,2025,10,31,8,4,2,0,0,0,0.011152416356877323,0.011152416356877323
264,269,5,2025,10,31,10,4,2,0,0,0,0.01858736059479554,0.01858736059479554
255,269,14,2025,10,31,11,4,2,0,0,0,0.05204460966542751,0.05204460966542751
253,269,16,2025,10,31,12,4,2,0,0,0,0.05947955390334572,0.05947955390334572
250,269,19,2025,10,31,13,4,2,0,0,0,0.07063197026022305,0.07063197026022305
250,269,19,2025,10,31,13,4,2,0,0,0,0.07063197026022305,0.07063197026022305
250,269,19,2025,10,31,14,4,2,0,0,0,0.07063197026022305,0.07063197026022305
249,269,20,2025,10,31,14,4,2,0,0,0,0.07434944237918216,0.07434944237918216
246,269,23,2025,10,31,15,4,2,0,0,0,0.08550185873605948,0.08550185873605948
244,269,25,2025,10,31,15,4,2,0,0,0,0.09293680297397769,0.09293680297397769
246,269,23,2025,10,31,16,4,2,0,0,0,0.08550185873605948,0.08550185873605948
246,269,23,2025,10,31,16,4,2,0,0,0,0.08550185873605948,0.08550185873605948
249,269,20,2025,10,31,17,4,2,0,0,0,0.07434944237918216,0.07434944237918216
254,269,15,2025,10,31,17,4,2,0,0,0,0.055762081784386616,0.055762081784386616
256,269,13,2025,10,31,18,4,2,0,0,0,0.048327137546468404,0.048327137546468404
257,269,12,2025,10,31,18,4,2,0,0,0,0.04460966542750929,0.04460966542750929
258,269,11,2025,10,31,19,4,2,0,0,0,0.040892193308550186,0.040892193308550186
258,269,11,2025,10,31,19,4,2,0,0,0,0.040892193308550186,0.040892193308550186
259,269,10,2025,10,31,20,4,2,0,0,0,0.03717472118959108,0.03717472118959108
259,269,10,2025,10,31,20,4,2,0,0,0,0.03717472118959108,0.03717472118959108
260,269,9,2025,10,31,21,4,2,0,0,0,0.03345724907063197,0.03345724907063197
263,269,6,2025,10,31,22,4,2,0,0,0,0.022304832713754646,0.022304832713754646
264,269,5,2025,10,31,22,4,2,0,0,0,0.01858736059479554,0.01858736059479554
264,269,5,2025,10,31,23,4,2,0,0,0,0.01858736059479554,0.01858736059479554
266,269,3,2025,10,31,23,4,2,0,0,0,0.011152416356877323,0.011152416356877323
269,269,0,2025,11,1,0,5,2,0,0,0,0.0,0.0
269,269,0,2025,11,1,0,5,2,0,0,0,0.0,0.0
269,269,0,2025,11,1,6,5,2,0,0,0,0.0,0.0
269,269,0,2025,11,1,6,5,2,0,0,0,0.0,0.0
269,269,0,2025,11,1,7,5,2,0,0,0,0.0,0.0
269,269,0,2025,11,1,7,5,2,0,0,0,0.0,0.0
269,269,0,2025,11,1,8,5,2,0,0,0,0.0,0.0
269,269,0,2025,11,1,8,5,2,0,0,0,0.0,0.0
269,269,0,2025,11,1,9,5,2,0,0,0,0.0,0.0
269,269,0,2025,11,1,10,5,2,0,0,0,0.0,0.0
267,269,2,2025,11,1,11,5,2,0,0,0,0.007434944237918215,0.007434944237918215
266,269,3,2025,11,1,12,5,2,0,0,0,0.011152416356877323,0.011152416356877323
266,269,3,2025,11,1,13,5,2,0,0,0,0.011152416356877323,0.011152416356877323
266,269,3,2025,11,1,13,5,2,0,0,0,0.011152416356877323,0.011152416356877323
264,269,5,2025,11,1,14,5,2,0,0,0,0.01858736059479554,0.01858736059479554
264,269,5,2025,11,1,14,5,2,0,0,0,0.01858736059479554,0.01858736059479554
263,269,6,2025,11,1,15,5,2,0,0,0,0.022304832713754646,0.022304832713754646
263,269,6,2025,11,1,15,5,2,0,0,0,0.022304832713754646,0.022304832713754646
261,269,8,2025,11,1,16,5,2,0,0,0,0.02973977695167286,0.02973977695167286
260,269,9,2025,11,1,16,5,2,0,0,0,0.03345724907063197,0.03345724907063197
260,269,9,2025,11,1,17,5,2,0,0,0,0.03345724907063197,0.03345724907063197
261,269,8,2025,11,1,17,5,2,0,0,0,0.02973977695167286,0.02973977695167286
262,269,7,2025,11,1,18,5,2,0,0,0,0.026022304832713755,0.026022304832713755
261,269,8,2025,11,1,18,5,2,0,0,0,0.02973977695167286,0.02973977695167286
261,269,8,2025,11,1,19,5,2,0,0,0,0.02973977695167286,0.02973977695167286
263,269,6,2025,11,1,19,5,2,0,0,0,0.022304832713754646,0.022304832713754646
263,269,6,2025,11,1,20,5,2,0,0,0,0.022304832713754646,0.022304832713754646
263,269,6,2025,11,1,20,5,2,0,0,0,0.022304832713754646,0.022304832713754646
263,269,6,2025,11,1,21,5,2,0,0,0,0.022304832713754646,0.022304832713754646
263,269,6,2025,11,1,21,5,2,0,0,0,0.022304832713754646,0.022304832713754646
264,269,5,2025,11,1,22,5,2,0,0,0,0.01858736059479554,0.01858736059479554
264,269,5,2025,11,1,22,5,2,0,0,0,0.01858736059479554,0.01858736059479554
265,269,4,2025,11,1,23,5,2,0,0,0,0.01486988847583643,0.01486988847583643
267,269,2,2025,11,1,23,5,2,0,0,0,0.007434944237918215,0.007434944237918215
269,269,0,2025,11,2,0,6,2,0,0,0,0.0,0.0
269,269,0,2025,11,2,0,6,2,0,0,0,0.0,0.0
269,269,0,2025,11,2,6,6,2,0,0,0,0.0,0.0
268,269,1,2025,11,2,6,6,2,0,0,0,0.0037174721189591076,0.0037174721189591076
266,269,3,2025,11,2,7,6,2,0,0,0,0.011152416356877323,0.011152416356877323
266,269,3,2025,11,2,7,6,2,0,0,0,0.011152416356877323,0.011152416356877323
266,269,3,2025,11,2,8,6,2,0,0,0,0.011152416356877323,0.011152416356877323
265,269,4,2025,11,2,8,6,2,0,0,0,0.01486988847583643,0.01486988847583643
265,269,4,2025,11,2,9,6,2,0,0,0,0.01486988847583643,0.01486988847583643
265,269,4,2025,11,2,10,6,2,0,0,0,0.01486988847583643,0.01486988847583643
265,269,4,2025,11,2,10,6,2,0,0,0,0.01486988847583643,0.01486988847583643
265,269,4,2025,11,2,11,6,2,0,0,0,0.01486988847583643,0.01486988847583643
266,269,3,2025,11,2,11,6,2,0,0,0,0.011152416356877323,0.011152416356877323
265,269,4,2025,11,2,12,6,2,0,0,0,0.01486988847583643,0.01486988847583643
264,269,5,2025,11,2,13,6,2,0,0,0,0.01858736059479554,0.01858736059479554
264,269,5,2025,11,2,13,6,2,0,0,0,0.01858736059479554,0.01858736059479554
263,269,6,2025,11,2,14,6,2,0,0,0,0.022304832713754646,0.022304832713754646
264,269,5,2025,11,2,14,6,2,0,0,0,0.01858736059479554,0.01858736059479554
265,269,4,2025,11,2,15,6,2,0,0,0,0.01486988847583643,0.01486988847583643
264,269,5,2025,11,2,15,6,2,0,0,0,0.01858736059479554,0.01858736059479554
263,269,6,2025,11,2,16,6,2,0,0,0,0.022304832713754646,0.022304832713754646
263,269,6,2025,11,2,16,6,2,0,0,0,0.022304832713754646,0.022304832713754646
261,269,8,2025,11,2,17,6,2,0,0,0,0.02973977695167286,0.02973977695167286
261,269,8,2025,11,2,17,6,2,0,0,0,0.02973977695167286,0.02973977695167286
259,269,10,2025,11,2,18,6,2,0,0,0,0.03717472118959108,0.03717472118959108
260,269,9,2025,11,2,18,6,2,0,0,0,0.03345724907063197,0.03345724907063197
261,269,8,2025,11,2,19,6,2,0,0,0,0.02973977695167286,0.02973977695167286
262,269,7,2025,11,2,19,6,2,0,0,0,0.026022304832713755,0.026022304832713755
262,269,7,2025,11,2,20,6,2,0,0,0,0.026022304832713755,0.026022304832713755
262,269,7,2025,11,2,20,6,2,0,0,0,0.026022304832713755,0.026022304832713755
262,269,7,2025,11,2,21,6,2,0,0,0,0.026022304832713755,0.026022304832713755
265,269,4,2025,11,2,22,6,2,0,0,0,0.01486988847583643,0.01486988847583643
265,269,4,2025,11,2,22,6,2,0,0,0,0.01486988847583643,0.01486988847583643
267,269,2,2025,11,2,23,6,2,0,0,0,0.007434944237918215,0.007434944237918215
267,269,2,2025,11,2,23,6,2,0,0,0,0.007434944237918215,0.007434944237918215
269,269,0,2025,11,3,0,0,2,0,0,0,0.0,0.0
269,269,0,2025,11,3,0,0,2,0,0,0,0.0,0.0
269,269,0,2025,11,3,6,0,2,0,0,0,0.0,0.0
269,269,0,2025,11,3,6,0,2,0,0,0,0.0,0.0
268,269,1,2025,11,3,7,0,2,0,0,0,0.0037174721189591076,0.0037174721189591076
267,269,2,2025,11,3,7,0,2,0,0,0,0.007434944237918215,0.007434944237918215
266,269,3,2025,11,3,8,0,2,0,0,0,0.011152416356877323,0.011152416356877323
263,269,6,2025,11,3,8,0,2,0,0,0,0.022304832713754646,0.022304832713754646
256,269,13,2025,11,3,10,0,2,0,0,0,0.048327137546468404,0.048327137546468404
247,269,22,2025,11,3,12,0,2,0,0,0,0.08178438661710037,0.08178438661710037
242,269,27,2025,11,3,13,0,2,0,0,0,0.10037174721189591,0.10037174721189591
236,269,33,2025,11,3,13,0,2,0,0,0,0.12267657992565056,0.12267657992565056
235,269,34,2025,11,3,14,0,2,0,0,0,0.12639405204460966,0.12639405204460966
238,269,31,2025,11,3,14,0,2,0,0,0,0.11524163568773234,0.11524163568773234
233,269,36,2025,11,3,15,0,2,0,0,0,0.13382899628252787,0.13382899628252787
234,269,35,2025,11,3,15,0,2,0,0,0,0.13011152416356878,0.13011152416356878
235,269,34,2025,11,3,16,0,2,0,0,0,0.12639405204460966,0.12639405204460966
235,269,34,2025,11,3,16,0,2,0,0,0,0.12639405204460966,0.12639405204460966
239,269,30,2025,11,3,17,0,2,0,0,0,0.11152416356877323,0.11152416356877323
236,269,33,2025,11,3,17,0,2,0,0,0,0.12267657992565056,0.12267657992565056
236,269,33,2025,11,3,18,0,2,0,0,0,0.12267657992565056,0.12267657992565056
242,269,27,2025,11,3,18,0,2,0,0,0,0.10037174721189591,0.10037174721189591
245,269,24,2025,11,3,19,0,2,0,0,0,0.08921933085501858,0.08921933085501858
245,269,24,2025,11,3,19,0,2,0,0,0,0.08921933085501858,0.08921933085501858
246,269,23,2025,11,3,20,0,2,0,0,0,0.08550185873605948,0.08550185873605948
247,269,22,2025,11,3,20,0,2,0,0,0,0.08178438661710037,0.08178438661710037
245,269,24,2025,11,3,21,0,2,0,0,0,0.08921933085501858,0.08921933085501858
251,269,18,2025,11,3,22,0,2,0,0,0,0.06691449814126393,0.06691449814126393
255,269,14,2025,11,3,22,0,2,0,0,0,0.05204460966542751,0.05204460966542751
255,269,14,2025,11,3,23,0,2,0,0,0,0.05204460966542751,0.05204460966542751
255,269,14,2025,11,3,23,0,2,0,0,0,0.05204460966542751,0.05204460966542751
269,269,0,2025,11,4,0,1,2,0,0,0,0.0,0.0
269,269,0,2025,11,4,0,1,2,0,0,0,0.0,0.0
269,269,0,2025,11,4,6,1,2,0,0,0,0.0,0.0
269,269,0,2025,11,4,6,1,2,0,0,0,0.0,0.0
269,269,0,2025,11,4,7,1,2,0,0,0,0.0,0.0
268,269,1,2025,11,4,7,1,2,0,0,0,0.0037174721189591076,0.0037174721189591076
266,269,3,2025,11,4,8,1,2,0,0,0,0.011152416356877323,0.011152416356877323
266,269,3,2025,11,4,8,1,2,0,0,0,0.011152416356877323,0.011152416356877323
263,269,6,2025,11,4,9,1,2,0,0,0,0.022304832713754646,0.022304832713754646
261,269,8,2025,11,4,10,1,2,0,0,0,0.02973977695167286,0.02973977695167286
249,269,20,2025,11,4,11,1,2,0,0,0,0.07434944237918216,0.07434944237918216
249,269,20,2025,11,4,11,1,2,0,0,0,0.07434944237918216,0.07434944237918216
244,269,25,2025,11,4,12,1,2,0,0,0,0.09293680297397769,0.09293680297397769
246,269,23,2025,11,4,13,1,2,0,0,0,0.08550185873605948,0.08550185873605948
244,269,25,2025,11,4,13,1,2,0,0,0,0.09293680297397769,0.09293680297397769
240,269,29,2025,11,4,14,1,2,0,0,0,0.10780669144981413,0.10780669144981413
242,269,27,2025,11,4,14,1,2,0,0,0,0.10037174721189591,0.10037174721189591
242,269,27,2025,11,4,15,1,2,0,0,0,0.10037174721189591,0.10037174721189591
241,269,28,2025,11,4,15,1,2,0,0,0,0.10408921933085502,0.10408921933085502
246,269,23,2025,11,4,16,1,2,0,0,0,0.08550185873605948,0.08550185873605948
248,269,21,2025,11,4,16,1,2,0,0,0,0.07806691449814127,0.07806691449814127
249,269,20,2025,11,4,17,1,2,0,0,0,0.07434944237918216,0.07434944237918216
251,269,18,2025,11,4,17,1,2,0,0,0,0.06691449814126393,0.06691449814126393
246,269,23,2025,11,4,18,1,2,0,0,0,0.08550185873605948,0.08550185873605948
246,269,23,2025,11,4,18,1,2,0,0,0,0.08550185873605948,0.08550185873605948
242,269,27,2025,11,4,19,1,2,0,0,0,0.10037174721189591,0.10037174721189591
245,269,24,2025,11,4,19,1,2,0,0,0,0.08921933085501858,0.08921933085501858
244,269,25,2025,11,4,20,1,2,0,0,0,0.09293680297397769,0.09293680297397769
246,269,23,2025,11,4,20,1,2,0,0,0,0.08550185873605948,0.08550185873605948
245,269,24,2025,11,4,21,1,2,0,0,0,0.08921933085501858,0.08921933085501858
245,269,24,2025,11,4,21,1,2,0,0,0,0.08921933085501858,0.08921933085501858
248,269,21,2025,11,4,22,1,2,0,0,0,0.07806691449814127,0.07806691449814127
252,269,17,2025,11,4,23,1,2,0,0,0,0.06319702602230483,0.06319702602230483
252,269,17,2025,11,4,23,1,2,0,0,0,0.06319702602230483,0.06319702602230483
269,269,0,2025,11,5,0,2,2,0,0,0,0.0,0.0
269,269,0,2025,11,5,0,2,2,0,0,0,0.0,0.0
269,269,0,2025,11,5,6,2,2,0,0,0,0.0,0.0
269,269,0,2025,11,5,6,2,2,0,0,0,0.0,0.0
269,269,0,2025,11,5,7,2,2,0,0,0,0.0,0.0
268,269,1,2025,11,5,7,2,2,0,0,0,0.0037174721189591076,0.0037174721189591076
263,269,6,2025,11,5,8,2,2,0,0,0,0.022304832713754646,0.022304832713754646
260,269,9,2025,11,5,8,2,2,0,0,0,0.03345724907063197,0.03345724907063197
260,269,9,2025,11,5,9,2,2,0,0,0,0.03345724907063197,0.03345724907063197
258,269,11,2025,11,5,10,2,2,0,0,0,0.040892193308550186,0.040892193308550186
251,269,18,2025,11,5,11,2,2,0,0,0,0.06691449814126393,0.06691449814126393
245,269,24,2025,11,5,12,2,2,0,0,0,0.08921933085501858,0.08921933085501858
252,269,17,2025,11,5,13,2,2,0,0,0,0.06319702602230483,0.06319702602230483
251,269,18,2025,11,5,13,2,2,0,0,0,0.06691449814126393,0.06691449814126393
249,269,20,2025,11,5,14,2,2,0,0,0,0.07434944237918216,0.07434944237918216
246,269,23,2025,11,5,14,2,2,0,0,0,0.08550185873605948,0.08550185873605948
240,269,29,2025,11,5,15,2,2,0,0,0,0.10780669144981413,0.10780669144981413
241,269,28,2025,11,5,15,2,2,0,0,0,0.10408921933085502,0.10408921933085502
241,269,28,2025,11,5,16,2,2,0,0,0,0.10408921933085502,0.10408921933085502
241,269,28,2025,11,5,16,2,2,0,0,0,0.10408921933085502,0.10408921933085502
238,269,31,2025,11,5,17,2,2,0,0,0,0.11524163568773234,0.11524163568773234
240,269,29,2025,11,5,17,2,2,0,0,0,0.10780669144981413,0.10780669144981413
243,269,26,2025,11,5,18,2,2,0,0,0,0.09665427509293681,0.09665427509293681
242,269,27,2025,11,5,18,2,2,0,0,0,0.10037174721189591,0.10037174721189591
242,269,27,2025,11,5,19,2,2,0,0,0,0.10037174721189591,0.10037174721189591
242,269,27,2025,11,5,19,2,2,0,0,0,0.10037174721189591,0.10037174721189591
241,269,28,2025,11,5,20,2,2,0,0,0,0.10408921933085502,0.10408921933085502
239,269,30,2025,11,5,20,2,2,0,0,0,0.11152416356877323,0.11152416356877323
246,269,23,2025,11,5,21,2,2,0,0,0,0.08550185873605948,0.08550185873605948
249,269,20,2025,11,5,22,2,2,0,0,0,0.07434944237918216,0.07434944237918216
254,269,15,2025,11,5,23,2,2,0,0,0,0.055762081784386616,0.055762081784386616
257,269,12,2025,11,5,23,2,2,0,0,0,0.04460966542750929,0.04460966542750929
269,269,0,2025,11,6,0,3,2,0,0,0,0.0,0.0
269,269,0,2025,11,6,0,3,2,0,0,0,0.0,0.0
269,269,0,2025,11,6,6,3,2,0,0,0,0.0,0.0
269,269,0,2025,11,6,6,3,2,0,0,0,0.0,0.0
267,269,2,2025,11,6,7,3,2,0,0,0,0.007434944237918215,0.007434944237918215
267,269,2,2025,11,6,7,3,2,0,0,0,0.007434944237918215,0.007434944237918215
265,269,4,2025,11,6,8,3,2,0,0,0,0.01486988847583643,0.01486988847583643
264,269,5,2025,11,6,8,3,2,0,0,0,0.01858736059479554,0.01858736059479554
263,269,6,2025,11,6,9,3,2,0,0,0,0.022304832713754646,0.022304832713754646
263,269,6,2025,11,6,9,3,2,0,0,0,0.022304832713754646,0.022304832713754646
262,269,7,2025,11,6,10,3,2,0,0,0,0.026022304832713755,0.026022304832713755
262,269,7,2025,11,6,10,3,2,0,0,0,0.026022304832713755,0.026022304832713755
259,269,10,2025,11,6,10,3,2,0,0,0,0.03717472118959108,0.03717472118959108
253,269,16,2025,11,6,11,3,2,0,0,0,0.05947955390334572,0.05947955390334572
251,269,18,2025,11,6,12,3,2,0,0,0,0.06691449814126393,0.06691449814126393
250,269,19,2025,11,6,13,3,2,0,0,0,0.07063197026022305,0.07063197026022305
248,269,21,2025,11,6,13,3,2,0,0,0,0.07806691449814127,0.07806691449814127
248,269,21,2025,11,6,14,3,2,0,0,0,0.07806691449814127,0.07806691449814127
246,269,23,2025,11,6,14,3,2,0,0,0,0.08550185873605948,0.08550185873605948
241,269,28,2025,11,6,15,3,2,0,0,0,0.10408921933085502,0.10408921933085502
241,269,28,2025,11,6,15,3,2,0,0,0,0.10408921933085502,0.10408921933085502
244,269,25,2025,11,6,16,3,2,0,0,0,0.09293680297397769,0.09293680297397769
244,269,25,2025,11,6,16,3,2,0,0,0,0.09293680297397769,0.09293680297397769
241,269,28,2025,11,6,17,3,2,0,0,0,0.10408921933085502,0.10408921933085502
244,269,25,2025,11,6,17,3,2,0,0,0,0.09293680297397769,0.09293680297397769
247,269,22,2025,11,6,18,3,2,0,0,0,0.08178438661710037,0.08178438661710037
247,269,22,2025,11,6,18,3,2,0,0,0,0.08178438661710037,0.08178438661710037
248,269,21,2025,11,6,19,3,2,0,0,0,0.07806691449814127,0.07806691449814127
248,269,21,2025,11,6,19,3,2,0,0,0,0.07806691449814127,0.07806691449814127
250,269,19,2025,11,6,20,3,2,0,0,0,0.07063197026022305,0.07063197026022305
251,269,18,2025,11,6,20,3,2,0,0,0,0.06691449814126393,0.06691449814126393
252,269,17,2025,11,6,21,3,2,0,0,0,0.06319702602230483,0.06319702602230483
257,269,12,2025,11,6,22,3,2,0,0,0,0.04460966542750929,0.04460966542750929
260,269,9,2025,11,6,22,3,2,0,0,0,0.03345724907063197,0.03345724907063197
264,269,5,2025,11,6,23,3,2,0,0,0,0.01858736059479554,0.01858736059479554
264,269,5,2025,11,6,23,3,2,0,0,0,0.01858736059479554,0.01858736059479554
269,269,0,2025,11,7,0,4,2,0,0,0,0.0,0.0
269,269,0,2025,11,7,0,4,2,0,0,0,0.0,0.0
269,269,0,2025,11,7,6,4,2,0,0,0,0.0,0.0
269,269,0,2025,11,7,6,4,2,0,0,0,0.0,0.0
267,269,2,2025,11,7,7,4,2,0,0,0,0.007434944237918215,0.007434944237918215
267,269,2,2025,11,7,7,4,2,0,0,0,0.007434944237918215,0.007434944237918215
263,269,6,2025,11,7,8,4,2,0,0,0,0.022304832713754646,0.022304832713754646
261,269,8,2025,11,7,8,4,2,0,0,0,0.02973977695167286,0.02973977695167286
257,269,12,2025,11,7,10,4,2,0,0,0,0.04460966542750929,0.04460966542750929
253,269,16,2025,11,7,11,4,2,0,0,0,0.05947955390334572,0.05947955390334572
251,269,18,2025,11,7,12,4,2,0,0,0,0.06691449814126393,0.06691449814126393
250,269,19,2025,11,7,13,4,2,0,0,0,0.07063197026022305,0.07063197026022305
249,269,20,2025,11,7,13,4,2,0,0,0,0.07434944237918216,0.07434944237918216
249,269,20,2025,11,7,14,4,2,0,0,0,0.07434944237918216,0.07434944237918216
247,269,22,2025,11,7,14,4,2,0,0,0,0.08178438661710037,0.08178438661710037
249,269,20,2025,11,7,15,4,2,0,0,0,0.07434944237918216,0.07434944237918216
249,269,20,2025,11,7,15,4,2,0,0,0,0.07434944237918216,0.07434944237918216
249,269,20,2025,11,7,16,4,2,0,0,0,0.07434944237918216,0.07434944237918216
251,269,18,2025,11,7,16,4,2,0,0,0,0.06691449814126393,0.06691449814126393
254,269,15,2025,11,7,17,4,2,0,0,0,0.055762081784386616,0.055762081784386616
253,269,16,2025,11,7,17,4,2,0,0,0,0.05947955390334572,0.05947955390334572
253,269,16,2025,11,7,18,4,2,0,0,0,0.05947955390334572,0.05947955390334572
253,269,16,2025,11,7,18,4,2,0,0,0,0.05947955390334572,0.05947955390334572
254,269,15,2025,11,7,19,4,2,0,0,0,0.055762081784386616,0.055762081784386616
252,269,17,2025,11,7,19,4,2,0,0,0,0.06319702602230483,0.06319702602230483
252,269,17,2025,11,7,20,4,2,0,0,0,0.06319702602230483,0.06319702602230483
251,269,18,2025,11,7,20,4,2,0,0,0,0.06691449814126393,0.06691449814126393
254,269,15,2025,11,7,22,4,2,0,0,0,0.055762081784386616,0.055762081784386616
254,269,15,2025,11,7,22,4,2,0,0,0,0.055762081784386616,0.055762081784386616
256,269,13,2025,11,7,23,4,2,0,0,0,0.048327137546468404,0.048327137546468404
257,269,12,2025,11,7,23,4,2,0,0,0,0.04460966542750929,0.04460966542750929
269,269,0,2025,11,8,0,5,2,0,0,0,0.0,0.0
269,269,0,2025,11,8,0,5,2,0,0,0,0.0,0.0
269,269,0,2025,11,8,6,5,2,0,0,0,0.0,0.0
269,269,0,2025,11,8,6,5,2,0,0,0,0.0,0.0
269,269,0,2025,11,8,7,5,2,0,0,0,0.0,0.0
269,269,0,2025,11,8,7,5,2,0,0,0,0.0,0.0
267,269,2,2025,11,8,8,5,2,0,0,0,0.007434944237918215,0.007434944237918215
268,269,1,2025,11,8,8,5,2,0,0,0,0.0037174721189591076,0.0037174721189591076
266,269,3,2025,11,8,9,5,2,0,0,0,0.011152416356877323,0.011152416356877323
265,269,4,2025,11,8,10,5,2,0,0,0,0.01486988847583643,0.01486988847583643
266,269,3,2025,11,8,11,5,2,0,0,0,0.011152416356877323,0.011152416356877323
264,269,5,2025,11,8,12,5,2,0,0,0,0.01858736059479554,0.01858736059479554
261,269,8,2025,11,8,13,5,2,0,0,0,0.02973977695167286,0.02973977695167286
260,269,9,2025,11,8,13,5,2,0,0,0,0.03345724907063197,0.03345724907063197
260,269,9,2025,11,8,14,5,2,0,0,0,0.03345724907063197,0.03345724907063197
259,269,10,2025,11,8,14,5,2,0,0,0,0.03717472118959108,0.03717472118959108
255,269,14,2025,11,8,15,5,2,0,0,0,0.05204460966542751,0.05204460966542751
254,269,15,2025,11,8,15,5,2,0,0,0,0.055762081784386616,0.055762081784386616
253,269,16,2025,11,8,16,5,2,0,0,0,0.05947955390334572,0.05947955390334572
252,269,17,2025,11,8,16,5,2,0,0,0,0.06319702602230483,0.06319702602230483
249,269,20,2025,11,8,17,5,2,0,0,0,0.07434944237918216,0.07434944237918216
250,269,19,2025,11,8,17,5,2,0,0,0,0.07063197026022305,0.07063197026022305
245,269,24,2025,11,8,18,5,2,0,0,0,0.08921933085501858,0.08921933085501858
246,269,23,2025,11,8,18,5,2,0,0,0,0.08550185873605948,0.08550185873605948
249,269,20,2025,11,8,19,5,2,0,0,0,0.07434944237918216,0.07434944237918216
250,269,19,2025,11,8,19,5,2,0,0,0,0.07063197026022305,0.07063197026022305
250,269,19,2025,11,8,20,5,2,0,0,0,0.07063197026022305,0.07063197026022305
247,269,22,2025,11,8,20,5,2,0,0,0,0.08178438661710037,0.08178438661710037
251,269,18,2025,11,8,21,5,2,0,0,0,0.06691449814126393,0.06691449814126393
254,269,15,2025,11,8,22,5,2,0,0,0,0.055762081784386616,0.055762081784386616
257,269,12,2025,11,8,22,5,2,0,0,0,0.04460966542750929,0.04460966542750929
258,269,11,2025,11,8,23,5,2,0,0,0,0.040892193308550186,0.040892193308550186
260,269,9,2025,11,8,23,5,2,0,0,0,0.03345724907063197,0.03345724907063197
269,269,0,2025,11,9,0,6,2,0,0,0,0.0,0.0
269,269,0,2025,11,9,0,6,2,0,0,0,0.0,0.0
269,269,0,2025,11,9,6,6,2,0,0,0,0.0,0.0
269,269,0,2025,11,9,6,6,2,0,0,0,0.0,0.0
269,269,0,2025,11,9,7,6,2,0,0,0,0.0,0.0
269,269,0,2025,11,9,7,6,2,0,0,0,0.0,0.0
268,269,1,2025,11,9,8,6,2,0,0,0,0.0037174721189591076,0.0037174721189591076
267,269,2,2025,11,9,8,6,2,0,0,0,0.007434944237918215,0.007434944237918215
264,269,5,2025,11,9,10,6,2,0,0,0,0.01858736059479554,0.01858736059479554
261,269,8,2025,11,9,11,6,2,0,0,0,0.02973977695167286,0.02973977695167286
262,269,7,2025,11,9,12,6,2,0,0,0,0.026022304832713755,0.026022304832713755
260,269,9,2025,11,9,13,6,2,0,0,0,0.03345724907063197,0.03345724907063197
259,269,10,2025,11,9,13,6,2,0,0,0,0.03717472118959108,0.03717472118959108
258,269,11,2025,11,9,14,6,2,0,0,0,0.040892193308550186,0.040892193308550186
257,269,12,2025,11,9,14,6,2,0,0,0,0.04460966542750929,0.04460966542750929
254,269,15,2025,11,9,15,6,2,0,0,0,0.055762081784386616,0.055762081784386616
254,269,15,2025,11,9,15,6,2,0,0,0,0.055762081784386616,0.055762081784386616
254,269,15,2025,11,9,16,6,2,0,0,0,0.055762081784386616,0.055762081784386616
253,269,16,2025,11,9,16,6,2,0,0,0,0.05947955390334572,0.05947955390334572
251,269,18,2025,11,9,17,6,2,0,0,0,0.06691449814126393,0.06691449814126393
252,269,17,2025,11,9,17,6,2,0,0,0,0.06319702602230483,0.06319702602230483
252,269,17,2025,11,9,18,6,2,0,0,0,0.06319702602230483,0.06319702602230483
253,269,16,2025,11,9,18,6,2,0,0,0,0.05947955390334572,0.05947955390334572
253,269,16,2025,11,9,19,6,2,0,0,0,0.05947955390334572,0.05947955390334572
253,269,16,2025,11,9,19,6,2,0,0,0,0.05947955390334572,0.05947955390334572
255,269,14,2025,11,9,20,6,2,0,0,0,0.05204460966542751,0.05204460966542751
255,269,14,2025,11,9,20,6,2,0,0,0,0.05204460966542751,0.05204460966542751
256,269,13,2025,11,9,21,6,2,0,0,0,0.048327137546468404,0.048327137546468404
256,269,13,2025,11,9,22,6,2,0,0,0,0.048327137546468404,0.048327137546468404
256,269,13,2025,11,9,22,6,2,0,0,0,0.048327137546468404,0.048327137546468404
258,269,11,2025,11,9,23,6,2,0,0,0,0.040892193308550186,0.040892193308550186
261,269,8,2025,11,9,23,6,2,0,0,0,0.02973977695167286,0.02973977695167286
269,269,0,2025,11,10,0,0,2,0,0,0,0.0,0.0
269,269,0,2025,11,10,0,0,2,0,0,0,0.0,0.0
269,269,0,2025,11,10,6,0,2,0,0,0,0.0,0.0
269,269,0,2025,11,10,6,0,2,0,0,0,0.0,0.0
268,269,1,2025,11,10,7,0,2,0,0,0,0.0037174721189591076,0.0037174721189591076
267,269,2,2025,11,10,7,0,2,0,0,0,0.007434944237918215,0.007434944237918215
267,269,2,2025,11,10,8,0,2,0,0,0,0.007434944237918215,0.007434944237918215
263,269,6,2025,11,10,8,0,2,0,0,0,0.022304832713754646,0.022304832713754646
260,269,9,2025,11,10,10,0,2,0,0,0,0.03345724907063197,0.03345724907063197
259,269,10,2025,11,10,10,0,2,0,0,0,0.03717472118959108,0.03717472118959108
249,269,20,2025,11,10,12,0,2,0,0,0,0.07434944237918216,0.07434944237918216
243,269,26,2025,11,10,13,0,2,0,0,0,0.09665427509293681,0.09665427509293681
242,269,27,2025,11,10,13,0,2,0,0,0,0.10037174721189591,0.10037174721189591
241,269,28,2025,11,10,14,0,2,0,0,0,0.10408921933085502,0.10408921933085502
243,269,26,2025,11,10,14,0,2,0,0,0,0.09665427509293681,0.09665427509293681
239,269,30,2025,11,10,15,0,2,0,0,0,0.11152416356877323,0.11152416356877323
239,269,30,2025,11,10,15,0,2,0,0,0,0.11152416356877323,0.11152416356877323
236,269,33,2025,11,10,16,0,2,0,0,0,0.12267657992565056,0.12267657992565056
236,269,33,2025,11,10,16,0,2,0,0,0,0.12267657992565056,0.12267657992565056
238,269,31,2025,11,10,17,0,2,0,0,0,0.11524163568773234,0.11524163568773234
238,269,31,2025,11,10,17,0,2,0,0,0,0.11524163568773234,0.11524163568773234
238,269,31,2025,11,10,18,0,2,0,0,0,0.11524163568773234,0.11524163568773234
237,269,32,2025,11,10,18,0,2,0,0,0,0.11895910780669144,0.11895910780669144
242,269,27,2025,11,10,19,0,2,0,0,0,0.10037174721189591,0.10037174721189591
244,269,25,2025,11,10,19,0,2,0,0,0,0.09293680297397769,0.09293680297397769
241,269,28,2025,11,10,20,0,2,0,0,0,0.10408921933085502,0.10408921933085502
239,269,30,2025,11,10,20,0,2,0,0,0,0.11152416356877323,0.11152416356877323
241,269,28,2025,11,10,21,0,2,0,0,0,0.10408921933085502,0.10408921933085502
245,269,24,2025,11,10,22,0,2,0,0,0,0.08921933085501858,0.08921933085501858
246,269,23,2025,11,10,22,0,2,0,0,0,0.08550185873605948,0.08550185873605948
250,269,19,2025,11,10,23,0,2,0,0,0,0.07063197026022305,0.07063197026022305
254,269,15,2025,11,10,23,0,2,0,0,0,0.055762081784386616,0.055762081784386616
269,269,0,2025,11,11,0,1,2,0,0,0,0.0,0.0
269,269,0,2025,11,11,0,1,2,0,0,0,0.0,0.0
269,269,0,2025,11,11,6,1,2,0,0,0,0.0,0.0
269,269,0,2025,11,11,6,1,2,0,0,0,0.0,0.0
267,269,2,2025,11,11,7,1,2,0,0,0,0.007434944237918215,0.007434944237918215
266,269,3,2025,11,11,7,1,2,0,0,0,0.011152416356877323,0.011152416356877323
265,269,4,2025,11,11,8,1,2,0,0,0,0.01486988847583643,0.01486988847583643
265,269,4,2025,11,11,8,1,2,0,0,0,0.01486988847583643,0.01486988847583643
263,269,6,2025,11,11,9,1,2,0,0,0,0.022304832713754646,0.022304832713754646
256,269,13,2025,11,11,10,1,2,0,0,0,0.048327137546468404,0.048327137546468404
244,269,25,2025,11,11,11,1,2,0,0,0,0.09293680297397769,0.09293680297397769
241,269,28,2025,11,11,12,1,2,0,0,0,0.10408921933085502,0.10408921933085502
234,269,35,2025,11,11,13,1,2,0,0,0,0.13011152416356878,0.13011152416356878
231,269,38,2025,11,11,13,1,2,0,0,0,0.1412639405204461,0.1412639405204461
223,269,46,2025,11,11,14,1,2,0,0,0,0.17100371747211895,0.17100371747211895
222,269,47,2025,11,11,14,1,2,0,0,0,0.17472118959107807,0.17472118959107807
222,269,47,2025,11,11,15,1,2,0,0,0,0.17472118959107807,0.17472118959107807
221,269,48,2025,11,11,15,1,2,0,0,0,0.17843866171003717,0.17843866171003717
222,269,47,2025,11,11,16,1,2,0,0,0,0.17472118959107807,0.17472118959107807
223,269,46,2025,11,11,16,1,2,0,0,0,0.17100371747211895,0.17100371747211895
226,269,43,2025,11,11,17,1,2,0,0,0,0.15985130111524162,0.15985130111524162
229,269,40,2025,11,11,17,1,2,0,0,0,0.14869888475836432,0.14869888475836432
234,269,35,2025,11,11,18,1,2,0,0,0,0.13011152416356878,0.13011152416356878
234,269,35,2025,11,11,18,1,2,0,0,0,0.13011152416356878,0.13011152416356878
235,269,34,2025,11,11,19,1,2,0,0,0,0.12639405204460966,0.12639405204460966
236,269,33,2025,11,11,19,1,2,0,0,0,0.12267657992565056,0.12267657992565056
235,269,34,2025,11,11,20,1,2,0,0,0,0.12639405204460966,0.12639405204460966
231,269,38,2025,11,11,20,1,2,0,0,0,0.1412639405204461,0.1412639405204461
231,269,38,2025,11,11,21,1,2,0,0,0,0.1412639405204461,0.1412639405204461
241,269,28,2025,11,11,22,1,2,0,0,0,0.10408921933085502,0.10408921933085502
244,269,25,2025,11,11,22,1,2,0,0,0,0.09293680297397769,0.09293680297397769
246,269,23,2025,11,11,23,1,2,0,0,0,0.08550185873605948,0.08550185873605948
248,269,21,2025,11,11,23,1,2,0,0,0,0.07806691449814127,0.07806691449814127
269,269,0,2025,11,12,0,2,2,0,0,0,0.0,0.0
269,269,0,2025,11,12,0,2,2,0,0,0,0.0,0.0
269,269,0,2025,11,12,6,2,2,0,0,0,0.0,0.0
269,269,0,2025,11,12,6,2,2,0,0,0,0.0,0.0
268,269,1,2025,11,12,7,2,2,0,0,0,0.0037174721189591076,0.0037174721189591076
268,269,1,2025,11,12,7,2,2,0,0,0,0.0037174721189591076,0.0037174721189591076
264,269,5,2025,11,12,8,2,2,0,0,0,0.01858736059479554,0.01858736059479554
262,269,7,2025,11,12,8,2,2,0,0,0,0.026022304832713755,0.026022304832713755
260,269,9,2025,11,12,9,2,2,0,0,0,0.03345724907063197,0.03345724907063197
259,269,10,2025,11,12,10,2,2,0,0,0,0.03717472118959108,0.03717472118959108
257,269,12,2025,11,12,10,2,2,0,0,0,0.04460966542750929,0.04460966542750929
248,269,21,2025,11,12,11,2,2,0,0,0,0.07806691449814127,0.07806691449814127
246,269,23,2025,11,12,12,2,2,0,0,0,0.08550185873605948,0.08550185873605948
242,269,27,2025,11,12,13,2,2,0,0,0,0.10037174721189591,0.10037174721189591
239,269,30,2025,11,12,13,2,2,0,0,0,0.11152416356877323,0.11152416356877323
235,269,34,2025,11,12,14,2,2,0,0,0,0.12639405204460966,0.12639405204460966
237,269,32,2025,11,12,14,2,2,0,0,0,0.11895910780669144,0.11895910780669144
234,269,35,2025,11,12,15,2,2,0,0,0,0.13011152416356878,0.13011152416356878
232,269,37,2025,11,12,15,2,2,0,0,0,0.137546468401487,0.137546468401487
229,269,40,2025,11,12,16,2,2,0,0,0,0.14869888475836432,0.14869888475836432
230,269,39,2025,11,12,16,2,2,0,0,0,0.1449814126394052,0.1449814126394052
230,269,39,2025,11,12,17,2,2,0,0,0,0.1449814126394052,0.1449814126394052
233,269,36,2025,11,12,17,2,2,0,0,0,0.13382899628252787,0.13382899628252787
233,269,36,2025,11,12,18,2,2,0,0,0,0.13382899628252787,0.13382899628252787
234,269,35,2025,11,12,18,2,2,0,0,0,0.13011152416356878,0.13011152416356878
237,269,32,2025,11,12,19,2,2,0,0,0,0.11895910780669144,0.11895910780669144
237,269,32,2025,11,12,19,2,2,0,0,0,0.11895910780669144,0.11895910780669144
241,269,28,2025,11,12,20,2,2,0,0,0,0.10408921933085502,0.10408921933085502
241,269,28,2025,11,12,20,2,2,0,0,0,0.10408921933085502,0.10408921933085502
244,269,25,2025,11,12,21,2,2,0,0,0,0.09293680297397769,0.09293680297397769
250,269,19,2025,11,12,22,2,2,0,0,0,0.07063197026022305,0.07063197026022305
253,269,16,2025,11,12,23,2,2,0,0,0,0.05947955390334572,0.05947955390334572
258,269,11,2025,11,12,23,2,2,0,0,0,0.040892193308550186,0.040892193308550186
269,269,0,2025,11,13,0,3,2,0,0,0,0.0,0.0
269,269,0,2025,11,13,0,3,2,0,0,0,0.0,0.0
269,269,0,2025,11,13,6,3,2,0,0,0,0.0,0.0
269,269,0,2025,11,13,6,3,2,0,0,0,0.0,0.0
269,269,0,2025,11,13,7,3,2,0,0,0,0.0,0.0
269,269,0,2025,11,13,7,3,2,0,0,0,0.0,0.0
268,269,1,2025,11,13,8,3,2,0,0,0,0.0037174721189591076,0.0037174721189591076
266,269,3,2025,11,13,8,3,2,0,0,0,0.011152416356877323,0.011152416356877323
258,269,11,2025,11,13,10,3,2,0,0,0,0.040892193308550186,0.040892193308550186
258,269,11,2025,11,13,10,3,2,0,0,0,0.040892193308550186,0.040892193308550186
257,269,12,2025,11,13,11,3,2,0,0,0,0.04460966542750929,0.04460966542750929
256,269,13,2025,11,13,12,3,2,0,0,0,0.048327137546468404,0.048327137546468404
254,269,15,2025,11,13,13,3,2,0,0,0,0.055762081784386616,0.055762081784386616
253,269,16,2025,11,13,13,3,2,0,0,0,0.05947955390334572,0.05947955390334572
249,269,20,2025,11,13,14,3,2,0,0,0,0.07434944237918216,0.07434944237918216
246,269,23,2025,11,13,14,3,2,0,0,0,0.08550185873605948,0.08550185873605948
234,269,35,2025,11,13,15,3,2,0,0,0,0.13011152416356878,0.13011152416356878
233,269,36,2025,11,13,15,3,2,0,0,0,0.13382899628252787,0.13382899628252787
233,269,36,2025,11,13,16,3,2,0,0,0,0.13382899628252787,0.13382899628252787
232,269,37,2025,11,13,16,3,2,0,0,0,0.137546468401487,0.137546468401487
232,269,37,2025,11,13,17,3,2,0,0,0,0.137546468401487,0.137546468401487
232,269,37,2025,11,13,17,3,2,0,0,0,0.137546468401487,0.137546468401487
231,269,38,2025,11,13,18,3,2,0,0,0,0.1412639405204461,0.1412639405204461
236,269,33,2025,11,13,18,3,2,0,0,0,0.12267657992565056,0.12267657992565056
236,269,33,2025,11,13,19,3,2,0,0,0,0.12267657992565056,0.12267657992565056
237,269,32,2025,11,13,19,3,2,0,0,0,0.11895910780669144,0.11895910780669144
237,269,32,2025,11,13,20,3,2,0,0,0,0.11895910780669144,0.11895910780669144
239,269,30,2025,11,13,20,3,2,0,0,0,0.11152416356877323,0.11152416356877323
249,269,20,2025,11,13,21,3,2,0,0,0,0.07434944237918216,0.07434944237918216
248,269,21,2025,11,13,22,3,2,0,0,0,0.07806691449814127,0.07806691449814127
255,269,14,2025,11,13,23,3,2,0,0,0,0.05204460966542751,0.05204460966542751
255,269,14,2025,11,13,23,3,2,0,0,0,0.05204460966542751,0.05204460966542751
269,269,0,2025,11,14,0,4,2,0,0,0,0.0,0.0
269,269,0,2025,11,14,0,4,2,0,0,0,0.0,0.0
269,269,0,2025,11,14,6,4,2,0,0,0,0.0,0.0
269,269,0,2025,11,14,6,4,2,0,0,0,0.0,0.0
269,269,0,2025,11,14,7,4,2,0,0,0,0.0,0.0
269,269,0,2025,11,14,7,4,2,0,0,0,0.0,0.0
268,269,1,2025,11,14,8,4,2,0,0,0,0.0037174721189591076,0.0037174721189591076
267,269,2,2025,11,14,8,4,2,0,0,0,0.007434944237918215,0.007434944237918215
265,269,4,2025,11,14,10,4,2,0,0,0,0.01486988847583643,0.01486988847583643
262,269,7,2025,11,14,11,4,2,0,0,0,0.026022304832713755,0.026022304832713755
260,269,9,2025,11,14,12,4,2,0,0,0,0.03345724907063197,0.03345724907063197
258,269,11,2025,11,14,13,4,2,0,0,0,0.040892193308550186,0.040892193308550186
255,269,14,2025,11,14,13,4,2,0,0,0,0.05204460966542751,0.05204460966542751
254,269,15,2025,11,14,14,4,2,0,0,0,0.055762081784386616,0.055762081784386616
253,269,16,2025,11,14,14,4,2,0,0,0,0.05947955390334572,0.05947955390334572
250,269,19,2025,11,14,15,4,2,0,0,0,0.07063197026022305,0.07063197026022305
249,269,20,2025,11,14,15,4,2,0,0,0,0.07434944237918216,0.07434944237918216
247,269,22,2025,11,14,16,4,2,0,0,0,0.08178438661710037,0.08178438661710037
244,269,25,2025,11,14,16,4,2,0,0,0,0.09293680297397769,0.09293680297397769
247,269,22,2025,11,14,17,4,2,0,0,0,0.08178438661710037,0.08178438661710037
246,269,23,2025,11,14,17,4,2,0,0,0,0.08550185873605948,0.08550185873605948
247,269,22,2025,11,14,18,4,2,0,0,0,0.08178438661710037,0.08178438661710037
247,269,22,2025,11,14,18,4,2,0,0,0,0.08178438661710037,0.08178438661710037
249,269,20,2025,11,14,19,4,2,0,0,0,0.07434944237918216,0.07434944237918216
249,269,20,2025,11,14,19,4,2,0,0,0,0.07434944237918216,0.07434944237918216
248,269,21,2025,11,14,20,4,2,0,0,0,0.07806691449814127,0.07806691449814127
249,269,20,2025,11,14,20,4,2,0,0,0,0.07434944237918216,0.07434944237918216
253,269,16,2025,11,14,21,4,2,0,0,0,0.05947955390334572,0.05947955390334572
257,269,12,2025,11,14,22,4,2,0,0,0,0.04460966542750929,0.04460966542750929
259,269,10,2025,11,14,22,4,2,0,0,0,0.03717472118959108,0.03717472118959108
262,269,7,2025,11,14,23,4,2,0,0,0,0.026022304832713755,0.026022304832713755
263,269,6,2025,11,14,23,4,2,0,0,0,0.022304832713754646,0.022304832713754646
269,269,0,2025,11,15,0,5,2,0,0,0,0.0,0.0
269,269,0,2025,11,15,0,5,2,0,0,0,0.0,0.0
269,269,0,2025,11,15,6,5,2,0,0,0,0.0,0.0
269,269,0,2025,11,15,6,5,2,0,0,0,0.0,0.0
269,269,0,2025,11,15,7,5,2,0,0,0,0.0,0.0
269,269,0,2025,11,15,7,5,2,0,0,0,0.0,0.0
269,269,0,2025,11,15,8,5,2,0,0,0,0.0,0.0
269,269,0,2025,11,15,8,5,2,0,0,0,0.0,0.0
268,269,1,2025,11,15,9,5,2,0,0,0,0.0037174721189591076,0.0037174721189591076
268,269,1,2025,11,15,9,5,2,0,0,0,0.0037174721189591076,0.0037174721189591076
268,269,1,2025,11,15,10,5,2,0,0,0,0.0037174721189591076,0.0037174721189591076
262,269,7,2025,11,15,11,5,2,0,0,0,0.026022304832713755,0.026022304832713755
260,269,9,2025,11,15,12,5,2,0,0,0,0.03345724907063197,0.03345724907063197
256,269,13,2025,11,15,13,5,2,0,0,0,0.048327137546468404,0.048327137546468404
254,269,15,2025,11,15,13,5,2,0,0,0,0.055762081784386616,0.055762081784386616
253,269,16,2025,11,15,14,5,2,0,0,0,0.05947955390334572,0.05947955390334572
252,269,17,2025,11,15,14,5,2,0,0,0,0.06319702602230483,0.06319702602230483
251,269,18,2025,11,15,15,5,2,0,0,0,0.06691449814126393,0.06691449814126393
250,269,19,2025,11,15,15,5,2,0,0,0,0.07063197026022305,0.07063197026022305
249,269,20,2025,11,15,16,5,2,0,0,0,0.07434944237918216,0.07434944237918216
250,269,19,2025,11,15,16,5,2,0,0,0,0.07063197026022305,0.07063197026022305
250,269,19,2025,11,15,17,5,2,0,0,0,0.07063197026022305,0.07063197026022305
249,269,20,2025,11,15,17,5,2,0,0,0,0.07434944237918216,0.07434944237918216
249,269,20,2025,11,15,18,5,2,0,0,0,0.07434944237918216,0.07434944237918216
247,269,22,2025,11,15,18,5,2,0,0,0,0.08178438661710037,0.08178438661710037
250,269,19,2025,11,15,19,5,2,0,0,0,0.07063197026022305,0.07063197026022305
250,269,19,2025,11,15,19,5,2,0,0,0,0.07063197026022305,0.07063197026022305
250,269,19,2025,11,15,20,5,2,0,0,0,0.07063197026022305,0.07063197026022305
250,269,19,2025,11,15,20,5,2,0,0,0,0.07063197026022305,0.07063197026022305
249,269,20,2025,11,15,21,5,2,0,0,0,0.07434944237918216,0.07434944237918216
255,269,14,2025,11,15,22,5,2,0,0,0,0.05204460966542751,0.05204460966542751
255,269,14,2025,11,15,22,5,2,0,0,0,0.05204460966542751,0.05204460966542751
256,269,13,2025,11,15,23,5,2,0,0,0,0.048327137546468404,0.048327137546468404
258,269,11,2025,11,15,23,5,2,0,0,0,0.040892193308550186,0.040892193308550186
269,269,0,2025,11,16,0,6,2,0,0,0,0.0,0.0
269,269,0,2025,11,16,0,6,2,0,0,0,0.0,0.0
269,269,0,2025,11,16,6,6,2,0,0,0,0.0,0.0
269,269,0,2025,11,16,6,6,2,0,0,0,0.0,0.0
269,269,0,2025,11,16,7,6,2,0,0,0,0.0,0.0
269,269,0,2025,11,16,7,6,2,0,0,0,0.0,0.0
269,269,0,2025,11,16,8,6,2,0,0,0,0.0,0.0
269,269,0,2025,11,16,8,6,2,0,0,0,0.0,0.0
266,269,3,2025,11,16,10,6,2,0,0,0,0.011152416356877323,0.011152416356877323
264,269,5,2025,11,16,12,6,2,0,0,0,0.01858736059479554,0.01858736059479554
262,269,7,2025,11,16,12,6,2,0,0,0,0.026022304832713755,0.026022304832713755
260,269,9,2025,11,16,13,6,2,0,0,0,0.03345724907063197,0.03345724907063197
254,269,15,2025,11,16,14,6,2,0,0,0,0.055762081784386616,0.055762081784386616
254,269,15,2025,11,16,14,6,2,0,0,0,0.055762081784386616,0.055762081784386616
249,269,20,2025,11,16,15,6,2,0,0,0,0.07434944237918216,0.07434944237918216
248,269,21,2025,11,16,15,6,2,0,0,0,0.07806691449814127,0.07806691449814127
245,269,24,2025,11,16,16,6,2,0,0,0,0.08921933085501858,0.08921933085501858
243,269,26,2025,11,16,16,6,2,0,0,0,0.09665427509293681,0.09665427509293681
239,269,30,2025,11,16,17,6,2,0,0,0,0.11152416356877323,0.11152416356877323
240,269,29,2025,11,16,17,6,2,0,0,0,0.10780669144981413,0.10780669144981413
238,269,31,2025,11,16,18,6,2,0,0,0,0.11524163568773234,0.11524163568773234
241,269,28,2025,11,16,18,6,2,0,0,0,0.10408921933085502,0.10408921933085502
244,269,25,2025,11,16,19,6,2,0,0,0,0.09293680297397769,0.09293680297397769
247,269,22,2025,11,16,19,6,2,0,0,0,0.08178438661710037,0.08178438661710037
247,269,22,2025,11,16,20,6,2,0,0,0,0.08178438661710037,0.08178438661710037
248,269,21,2025,11,16,20,6,2,0,0,0,0.07806691449814127,0.07806691449814127
253,269,16,2025,11,16,21,6,2,0,0,0,0.05947955390334572,0.05947955390334572
255,269,14,2025,11,16,22,6,2,0,0,0,0.05204460966542751,0.05204460966542751
256,269,13,2025,11,16,22,6,2,0,0,0,0.048327137546468404,0.048327137546468404
257,269,12,2025,11,16,23,6,2,0,0,0,0.04460966542750929,0.04460966542750929
258,269,11,2025,11,16,23,6,2,0,0,0,0.040892193308550186,0.040892193308550186
269,269,0,2025,11,17,0,0,2,0,0,0,0.0,0.0
269,269,0,2025,11,17,0,0,2,0,0,0,0.0,0.0
269,269,0,2025,11,17,6,0,2,1,0,0,0.0,0.0
269,269,0,2025,11,17,6,0,2,1,0,0,0.0,0.0
268,269,1,2025,11,17,7,0,2,1,0,0,0.0037174721189591076,0.0037174721189591076
267,269,2,2025,11,17,7,0,2,1,0,0,0.007434944237918215,0.007434944237918215
265,269,4,2025,11,17,8,0,2,1,0,0,0.01486988847583643,0.01486988847583643
260,269,9,2025,11,17,8,0,2,1,0,0,0.03345724907063197,0.03345724907063197
257,269,12,2025,11,17,10,0,2,1,0,0,0.04460966542750929,0.04460966542750929
248,269,21,2025,11,17,11,0,2,1,0,0,0.07806691449814127,0.07806691449814127
242,269,27,2025,11,17,12,0,2,1,0,0,0.10037174721189591,0.10037174721189591
245,269,24,2025,11,17,13,0,2,1,0,0,0.08921933085501858,0.08921933085501858
242,269,27,2025,11,17,13,0,2,1,0,0,0.10037174721189591,0.10037174721189591
239,269,30,2025,11,17,14,0,2,1,0,0,0.11152416356877323,0.11152416356877323
237,269,32,2025,11,17,14,0,2,1,0,0,0.11895910780669144,0.11895910780669144
228,269,41,2025,11,17,15,0,2,1,0,0,0.1524163568773234,0.1524163568773234
224,269,45,2025,11,17,15,0,2,1,0,0,0.16728624535315986,0.16728624535315986
221,269,48,2025,11,17,16,0,2,1,0,0,0.17843866171003717,0.17843866171003717
216,269,53,2025,11,17,16,0,2,1,0,0,0.1970260223048327,0.1970260223048327
215,269,54,2025,11,17,17,0,2,1,0,0,0.20074349442379183,0.20074349442379183
211,269,58,2025,11,17,17,0,2,1,0,0,0.21561338289962825,0.21561338289962825
214,269,55,2025,11,17,18,0,2,1,0,0,0.20446096654275092,0.20446096654275092
214,269,55,2025,11,17,18,0,2,1,0,0,0.20446096654275092,0.20446096654275092
208,269,61,2025,11,17,19,0,2,1,0,0,0.22676579925650558,0.22676579925650558
207,269,62,2025,11,17,19,0,2,1,0,0,0.23048327137546468,0.23048327137546468
205,269,64,2025,11,17,20,0,2,1,0,0,0.2379182156133829,0.2379182156133829
203,269,66,2025,11,17,20,0,2,1,0,0,0.24535315985130113,0.24535315985130113
209,269,60,2025,11,17,21,0,2,1,0,0,0.22304832713754646,0.22304832713754646
218,269,51,2025,11,17,22,0,2,1,0,0,0.1895910780669145,0.1895910780669145
224,269,45,2025,11,17,23,0,2,1,0,0,0.16728624535315986,0.16728624535315986
230,269,39,2025,11,17,23,0,2,1,0,0,0.1449814126394052,0.1449814126394052
269,269,0,2025,11,18,0,1,2,1,0,0,0.0,0.0
269,269,0,2025,11,18,0,1,2,1,0,0,0.0,0.0
269,269,0,2025,11,18,6,1,2,1,0,0,0.0,0.0
269,269,0,2025,11,18,6,1,2,1,0,0,0.0,0.0
268,269,1,2025,11,18,7,1,2,1,0,0,0.0037174721189591076,0.0037174721189591076
267,269,2,2025,11,18,7,1,2,1,0,0,0.007434944237918215,0.007434944237918215
264,269,5,2025,11,18,8,1,2,1,0,0,0.01858736059479554,0.01858736059479554
262,269,7,2025,11,18,8,1,2,1,0,0,0.026022304832713755,0.026022304832713755
257,269,12,2025,11,18,10,1,2,1,0,0,0.04460966542750929,0.04460966542750929
246,269,23,2025,11,18,11,1,2,1,0,0,0.08550185873605948,0.08550185873605948
247,269,22,2025,11,18,12,1,2,1,0,0,0.08178438661710037,0.08178438661710037
244,269,25,2025,11,18,13,1,2,1,0,0,0.09293680297397769,0.09293680297397769
241,269,28,2025,11,18,13,1,2,1,0,0,0.10408921933085502,0.10408921933085502
239,269,30,2025,11,18,14,1,2,1,0,0,0.11152416356877323,0.11152416356877323
242,269,27,2025,11,18,14,1,2,1,0,0,0.10037174721189591,0.10037174721189591
230,269,39,2025,11,18,15,1,2,1,0,0,0.1449814126394052,0.1449814126394052
226,269,43,2025,11,18,15,1,2,1,0,0,0.15985130111524162,0.15985130111524162
224,269,45,2025,11,18,16,1,2,1,0,0,0.16728624535315986,0.16728624535315986
220,269,49,2025,11,18,16,1,2,1,0,0,0.1821561338289963,0.1821561338289963
217,269,52,2025,11,18,17,1,2,1,0,0,0.19330855018587362,0.19330855018587362
210,269,59,2025,11,18,17,1,2,1,0,0,0.21933085501858737,0.21933085501858737
209,269,60,2025,11,18,18,1,2,1,0,0,0.22304832713754646,0.22304832713754646
205,269,64,2025,11,18,18,1,2,1,0,0,0.2379182156133829,0.2379182156133829
205,269,64,2025,11,18,19,1,2,1,0,0,0.2379182156133829,0.2379182156133829
199,269,70,2025,11,18,19,1,2,1,0,0,0.26022304832713755,0.26022304832713755
197,269,72,2025,11,18,20,1,2,1,0,0,0.26765799256505574,0.26765799256505574
197,269,72,2025,11,18,20,1,2,1,0,0,0.26765799256505574,0.26765799256505574
200,269,69,2025,11,18,21,1,2,1,0,0,0.25650557620817843,0.25650557620817843
213,269,56,2025,11,18,22,1,2,1,0,0,0.20817843866171004,0.20817843866171004
220,269,49,2025,11,18,23,1,2,1,0,0,0.1821561338289963,0.1821561338289963
225,269,44,2025,11,18,23,1,2,1,0,0,0.16356877323420074,0.16356877323420074
269,269,0,2025,11,19,0,2,2,1,0,0,0.0,0.0
269,269,0,2025,11,19,0,2,2,1,0,0,0.0,0.0
269,269,0,2025,11,19,7,2,2,1,0,0,0.0,0.0
268,269,1,2025,11,19,7,2,2,1,0,0,0.0037174721189591076,0.0037174721189591076
265,269,4,2025,11,19,8,2,2,1,0,0,0.01486988847583643,0.01486988847583643
260,269,9,2025,11,19,8,2,2,1,0,0,0.03345724907063197,0.03345724907063197
259,269,10,2025,11,19,10,2,2,1,0,0,0.03717472118959108,0.03717472118959108
245,269,24,2025,11,19,11,2,2,1,0,0,0.08921933085501858,0.08921933085501858
238,269,31,2025,11,19,12,2,2,1,0,0,0.11524163568773234,0.11524163568773234
231,269,38,2025,11,19,13,2,2,1,0,0,0.1412639405204461,0.1412639405204461
230,269,39,2025,11,19,13,2,2,1,0,0,0.1449814126394052,0.1449814126394052
222,269,47,2025,11,19,14,2,2,1,0,0,0.17472118959107807,0.17472118959107807
225,269,44,2025,11,19,14,2,2,1,0,0,0.16356877323420074,0.16356877323420074
226,269,43,2025,11,19,15,2,2,1,0,0,0.15985130111524162,0.15985130111524162
222,269,47,2025,11,19,15,2,2,1,0,0,0.17472118959107807,0.17472118959107807
221,269,48,2025,11,19,16,2,2,1,0,0,0.17843866171003717,0.17843866171003717
218,269,51,2025,11,19,16,2,2,1,0,0,0.1895910780669145,0.1895910780669145
207,269,62,2025,11,19,17,2,2,1,0,0,0.23048327137546468,0.23048327137546468
210,269,59,2025,11,19,17,2,2,1,0,0,0.21933085501858737,0.21933085501858737
208,269,61,2025,11,19,18,2,2,1,0,0,0.22676579925650558,0.22676579925650558
210,269,59,2025,11,19,18,2,2,1,0,0,0.21933085501858737,0.21933085501858737
209,269,60,2025,11,19,19,2,2,1,0,0,0.22304832713754646,0.22304832713754646
210,269,59,2025,11,19,19,2,2,1,0,0,0.21933085501858737,0.21933085501858737
206,269,63,2025,11,19,20,2,2,1,0,0,0.2342007434944238,0.2342007434944238
199,269,70,2025,11,19,20,2,2,1,0,0,0.26022304832713755,0.26022304832713755
198,269,71,2025,11,19,21,2,2,1,0,0,0.26394052044609667,0.26394052044609667
211,269,58,2025,11,19,22,2,2,1,0,0,0.21561338289962825,0.21561338289962825
227,269,42,2025,11,19,23,2,2,1,0,0,0.15613382899628253,0.15613382899628253
235,269,34,2025,11,19,23,2,2,1,0,0,0.12639405204460966,0.12639405204460966
269,269,0,2025,11,20,0,3,2,1,0,0,0.0,0.0
269,269,0,2025,11,20,0,3,2,1,0,0,0.0,0.0
269,269,0,2025,11,20,6,3,2,1,0,0,0.0,0.0
269,269,0,2025,11,20,6,3,2,1,0,0,0.0,0.0
269,269,0,2025,11,20,7,3,2,1,0,0,0.0,0.0
268,269,1,2025,11,20,7,3,2,1,0,0,0.0037174721189591076,0.0037174721189591076
269,269,0,2025,11,20,8,3,2,1,0,0,0.0,0.0
263,269,6,2025,11,20,8,3,2,1,0,0,0.022304832713754646,0.022304832713754646
259,269,10,2025,11,20,10,3,2,1,0,0,0.03717472118959108,0.03717472118959108
254,269,15,2025,11,20,11,3,2,1,0,0,0.055762081784386616,0.055762081784386616
248,269,21,2025,11,20,12,3,2,1,0,0,0.07806691449814127,0.07806691449814127
243,269,26,2025,11,20,13,3,2,1,0,0,0.09665427509293681,0.09665427509293681
237,269,32,2025,11,20,13,3,2,1,0,0,0.11895910780669144,0.11895910780669144
231,269,38,2025,11,20,14,3,2,1,0,0,0.1412639405204461,0.1412639405204461
228,269,41,2025,11,20,14,3,2,1,0,0,0.1524163568773234,0.1524163568773234
223,269,46,2025,11,20,15,3,2,1,0,0,0.17100371747211895,0.17100371747211895
220,269,49,2025,11,20,15,3,2,1,0,0,0.1821561338289963,0.1821561338289963
218,269,51,2025,11,20,16,3,2,1,0,0,0.1895910780669145,0.1895910780669145
216,269,53,2025,11,20,16,3,2,1,0,0,0.1970260223048327,0.1970260223048327
215,269,54,2025,11,20,17,3,2,1,0,0,0.20074349442379183,0.20074349442379183
216,269,53,2025,11,20,17,3,2,1,0,0,0.1970260223048327,0.1970260223048327
217,269,52,2025,11,20,18,3,2,1,0,0,0.19330855018587362,0.19330855018587362
210,269,59,2025,11,20,18,3,2,1,0,0,0.21933085501858737,0.21933085501858737
212,269,57,2025,11,20,19,3,2,1,0,0,0.21189591078066913,0.21189591078066913
211,269,58,2025,11,20,19,3,2,1,0,0,0.21561338289962825,0.21561338289962825
210,269,59,2025,11,20,20,3,2,1,0,0,0.21933085501858737,0.21933085501858737
206,269,63,2025,11,20,21,3,2,1,0,0,0.2342007434944238,0.2342007434944238
216,269,53,2025,11,20,22,3,2,1,0,0,0.1970260223048327,0.1970260223048327
216,269,53,2025,11,20,22,3,2,1,0,0,0.1970260223048327,0.1970260223048327
227,269,42,2025,11,20,23,3,2,1,0,0,0.15613382899628253,0.15613382899628253
235,269,34,2025,11,20,23,3,2,1,0,0,0.12639405204460966,0.12639405204460966
269,269,0,2025,11,21,0,4,2,1,0,0,0.0,0.0
269,269,0,2025,11,21,0,4,2,1,0,0,0.0,0.0
269,269,0,2025,11,21,6,4,2,1,0,0,0.0,0.0
269,269,0,2025,11,21,6,4,2,1,0,0,0.0,0.0
269,269,0,2025,11,21,7,4,2,1,0,0,0.0,0.0
269,269,0,2025,11,21,7,4,2,1,0,0,0.0,0.0
267,269,2,2025,11,21,8,4,2,1,0,0,0.007434944237918215,0.007434944237918215
266,269,3,2025,11,21,8,4,2,1,0,0,0.011152416356877323,0.011152416356877323
257,269,12,2025,11,21,10,4,2,1,0,0,0.04460966542750929,0.04460966542750929
252,269,17,2025,11,21,11,4,2,1,0,0,0.06319702602230483,0.06319702602230483
248,269,21,2025,11,21,12,4,2,1,0,0,0.07806691449814127,0.07806691449814127
246,269,23,2025,11,21,13,4,2,1,0,0,0.08550185873605948,0.08550185873605948
245,269,24,2025,11,21,13,4,2,1,0,0,0.08921933085501858,0.08921933085501858
244,269,25,2025,11,21,14,4,2,1,0,0,0.09293680297397769,0.09293680297397769
245,269,24,2025,11,21,14,4,2,1,0,0,0.08921933085501858,0.08921933085501858
236,269,33,2025,11,21,15,4,2,1,0,0,0.12267657992565056,0.12267657992565056
236,269,33,2025,11,21,15,4,2,1,0,0,0.12267657992565056,0.12267657992565056
232,269,37,2025,11,21,16,4,2,1,0,0,0.137546468401487,0.137546468401487
233,269,36,2025,11,21,16,4,2,1,0,0,0.13382899628252787,0.13382899628252787
232,269,37,2025,11,21,17,4,2,1,0,0,0.137546468401487,0.137546468401487
228,269,41,2025,11,21,17,4,2,1,0,0,0.1524163568773234,0.1524163568773234
230,269,39,2025,11,21,18,4,2,1,0,0,0.1449814126394052,0.1449814126394052
232,269,37,2025,11,21,18,4,2,1,0,0,0.137546468401487,0.137546468401487
229,269,40,2025,11,21,19,4,2,1,0,0,0.14869888475836432,0.14869888475836432
228,269,41,2025,11,21,19,4,2,1,0,0,0.1524163568773234,0.1524163568773234
224,269,45,2025,11,21,20,4,2,1,0,0,0.16728624535315986,0.16728624535315986
228,269,41,2025,11,21,20,4,2,1,0,0,0.1524163568773234,0.1524163568773234
231,269,38,2025,11,21,21,4,2,1,0,0,0.1412639405204461,0.1412639405204461
238,269,31,2025,11,21,22,4,2,1,0,0,0.11524163568773234,0.11524163568773234
240,269,29,2025,11,21,22,4,2,1,0,0,0.10780669144981413,0.10780669144981413
240,269,29,2025,11,21,23,4,2,1,0,0,0.10780669144981413,0.10780669144981413
244,269,25,2025,11,21,23,4,2,1,0,0,0.09293680297397769,0.09293680297397769
269,269,0,2025,11,22,0,5,2,1,0,0,0.0,0.0
269,269,0,2025,11,22,0,5,2,1,0,0,0.0,0.0
269,269,0,2025,11,22,6,5,2,1,0,0,0.0,0.0
269,269,0,2025,11,22,6,5,2,1,0,0,0.0,0.0
269,269,0,2025,11,22,7,5,2,1,0,0,0.0,0.0
269,269,0,2025,11,22,7,5,2,1,0,0,0.0,0.0
267,269,2,2025,11,22,8,5,2,1,0,0,0.007434944237918215,0.007434944237918215
268,269,1,2025,11,22,8,5,2,1,0,0,0.0037174721189591076,0.0037174721189591076
265,269,4,2025,11,22,10,5,2,1,0,0,0.01486988847583643,0.01486988847583643
262,269,7,2025,11,22,11,5,2,1,0,0,0.026022304832713755,0.026022304832713755
260,269,9,2025,11,22,12,5,2,1,0,0,0.03345724907063197,0.03345724907063197
256,269,13,2025,11,22,13,5,2,1,0,0,0.048327137546468404,0.048327137546468404
255,269,14,2025,11,22,13,5,2,1,0,0,0.05204460966542751,0.05204460966542751
253,269,16,2025,11,22,14,5,2,1,0,0,0.05947955390334572,0.05947955390334572
253,269,16,2025,11,22,14,5,2,1,0,0,0.05947955390334572,0.05947955390334572
250,269,19,2025,11,22,15,5,2,1,0,0,0.07063197026022305,0.07063197026022305
247,269,22,2025,11,22,15,5,2,1,0,0,0.08178438661710037,0.08178438661710037
247,269,22,2025,11,22,16,5,2,1,0,0,0.08178438661710037,0.08178438661710037
245,269,24,2025,11,22,16,5,2,1,0,0,0.08921933085501858,0.08921933085501858
239,269,30,2025,11,22,17,5,2,1,0,0,0.11152416356877323,0.11152416356877323
238,269,31,2025,11,22,17,5,2,1,0,0,0.11524163568773234,0.11524163568773234
237,269,32,2025,11,22,18,5,2,1,0,0,0.11895910780669144,0.11895910780669144
237,269,32,2025,11,22,18,5,2,1,0,0,0.11895910780669144,0.11895910780669144
238,269,31,2025,11,22,19,5,2,1,0,0,0.11524163568773234,0.11524163568773234
235,269,34,2025,11,22,19,5,2,1,0,0,0.12639405204460966,0.12639405204460966
238,269,31,2025,11,22,20,5,2,1,0,0,0.11524163568773234,0.11524163568773234
236,269,33,2025,11,22,20,5,2,1,0,0,0.12267657992565056,0.12267657992565056
240,269,29,2025,11,22,21,5,2,1,0,0,0.10780669144981413,0.10780669144981413
243,269,26,2025,11,22,22,5,2,1,0,0,0.09665427509293681,0.09665427509293681
244,269,25,2025,11,22,22,5,2,1,0,0,0.09293680297397769,0.09293680297397769
251,269,18,2025,11,22,23,5,2,1,0,0,0.06691449814126393,0.06691449814126393
251,269,18,2025,11,22,23,5,2,1,0,0,0.06691449814126393,0.06691449814126393
269,269,0,2025,11,23,0,6,2,1,0,0,0.0,0.0
269,269,0,2025,11,23,0,6,2,1,0,0,0.0,0.0
269,269,0,2025,11,23,6,6,2,1,0,0,0.0,0.0
269,269,0,2025,11,23,6,6,2,1,0,0,0.0,0.0
269,269,0,2025,11,23,7,6,2,1,0,0,0.0,0.0
269,269,0,2025,11,23,7,6,2,1,0,0,0.0,0.0
269,269,0,2025,11,23,8,6,2,1,0,0,0.0,0.0
269,269,0,2025,11,23,8,6,2,1,0,0,0.0,0.0
267,269,2,2025,11,23,10,6,2,1,0,0,0.007434944237918215,0.007434944237918215
263,269,6,2025,11,23,12,6,2,1,0,0,0.022304832713754646,0.022304832713754646
259,269,10,2025,11,23,13,6,2,1,0,0,0.03717472118959108,0.03717472118959108
257,269,12,2025,11,23,13,6,2,1,0,0,0.04460966542750929,0.04460966542750929
250,269,19,2025,11,23,14,6,2,1,0,0,0.07063197026022305,0.07063197026022305
247,269,22,2025,11,23,14,6,2,1,0,0,0.08178438661710037,0.08178438661710037
234,269,35,2025,11,23,15,6,2,1,0,0,0.13011152416356878,0.13011152416356878
229,269,40,2025,11,23,15,6,2,1,0,0,0.14869888475836432,0.14869888475836432
226,269,43,2025,11,23,16,6,2,1,0,0,0.15985130111524162,0.15985130111524162
226,269,43,2025,11,23,16,6,2,1,0,0,0.15985130111524162,0.15985130111524162
223,269,46,2025,11,23,17,6,2,1,0,0,0.17100371747211895,0.17100371747211895
227,269,42,2025,11,23,17,6,2,1,0,0,0.15613382899628253,0.15613382899628253
226,269,43,2025,11,23,18,6,2,1,0,0,0.15985130111524162,0.15985130111524162
226,269,43,2025,11,23,18,6,2,1,0,0,0.15985130111524162,0.15985130111524162
222,269,47,2025,11,23,19,6,2,1,0,0,0.17472118959107807,0.17472118959107807
224,269,45,2025,11,23,19,6,2,1,0,0,0.16728624535315986,0.16728624535315986
222,269,47,2025,11,23,20,6,2,1,0,0,0.17472118959107807,0.17472118959107807
223,269,46,2025,11,23,20,6,2,1,0,0,0.17100371747211895,0.17100371747211895
234,269,35,2025,11,23,21,6,2,1,0,0,0.13011152416356878,0.13011152416356878
243,269,26,2025,11,23,22,6,2,1,0,0,0.09665427509293681,0.09665427509293681
244,269,25,2025,11,23,22,6,2,1,0,0,0.09293680297397769,0.09293680297397769
245,269,24,2025,11,23,23,6,2,1,0,0,0.08921933085501858,0.08921933085501858
251,269,18,2025,11,23,23,6,2,1,0,0,0.06691449814126393,0.06691449814126393
269,269,0,2025,11,24,0,0,2,1,0,0,0.0,0.0
269,269,0,2025,11,24,0,0,2,1,0,0,0.0,0.0
269,269,0,2025,11,24,6,0,2,1,0,0,0.0,0.0
269,269,0,2025,11,24,6,0,2,1,0,0,0.0,0.0
269,269,0,2025,11,24,7,0,2,1,0,0,0.0,0.0
268,269,1,2025,11,24,7,0,2,1,0,0,0.0037174721189591076,0.0037174721189591076
264,269,5,2025,11,24,8,0,2,1,0,0,0.01858736059479554,0.01858736059479554
262,269,7,2025,11,24,8,0,2,1,0,0,0.026022304832713755,0.026022304832713755
252,269,17,2025,11,24,10,0,2,1,0,0,0.06319702602230483,0.06319702602230483
244,269,25,2025,11,24,12,0,2,1,0,0,0.09293680297397769,0.09293680297397769
240,269,29,2025,11,24,13,0,2,1,0,0,0.10780669144981413,0.10780669144981413
228,269,41,2025,11,24,13,0,2,1,0,0,0.1524163568773234,0.1524163568773234
226,269,43,2025,11,24,14,0,2,1,0,0,0.15985130111524162,0.15985130111524162
228,269,41,2025,11,24,14,0,2,1,0,0,0.1524163568773234,0.1524163568773234
214,269,55,2025,11,24,15,0,2,1,0,0,0.20446096654275092,0.20446096654275092
214,269,55,2025,11,24,15,0,2,1,0,0,0.20446096654275092,0.20446096654275092
216,269,53,2025,11,24,16,0,2,1,0,0,0.1970260223048327,0.1970260223048327
213,269,56,2025,11,24,16,0,2,1,0,0,0.20817843866171004,0.20817843866171004
197,269,72,2025,11,24,17,0,2,1,0,0,0.26765799256505574,0.26765799256505574
194,269,75,2025,11,24,17,0,2,1,0,0,0.2788104089219331,0.2788104089219331
182,269,87,2025,11,24,18,0,2,1,0,0,0.32342007434944237,0.32342007434944237
180,269,89,2025,11,24,18,0,2,1,0,0,0.3308550185873606,0.3308550185873606
171,269,98,2025,11,24,19,0,2,1,0,0,0.3643122676579926,0.3643122676579926
169,269,100,2025,11,24,19,0,2,1,0,0,0.37174721189591076,0.37174721189591076
162,269,107,2025,11,24,20,0,2,1,0,0,0.39776951672862454,0.39776951672862454
157,269,112,2025,11,24,20,0,2,1,0,0,0.4163568773234201,0.4163568773234201
158,269,111,2025,11,24,21,0,2,1,0,0,0.41263940520446096,0.41263940520446096
182,269,87,2025,11,24,22,0,2,1,0,0,0.32342007434944237,0.32342007434944237
203,269,66,2025,11,24,23,0,2,1,0,0,0.24535315985130113,0.24535315985130113
222,269,47,2025,11,24,23,0,2,1,0,0,0.17472118959107807,0.17472118959107807
269,269,0,2025,11,25,0,1,2,1,0,0,0.0,0.0
269,269,0,2025,11,25,0,1,2,1,0,0,0.0,0.0
269,269,0,2025,11,25,6,1,2,1,0,0,0.0,0.0
269,269,0,2025,11,25,6,1,2,1,0,0,0.0,0.0
269,269,0,2025,11,25,7,1,2,1,0,0,0.0,0.0
269,269,0,2025,11,25,7,1,2,1,0,0,0.0,0.0
268,269,1,2025,11,25,8,1,2,1,0,0,0.0037174721189591076,0.0037174721189591076
265,269,4,2025,11,25,8,1,2,1,0,0,0.01486988847583643,0.01486988847583643
258,269,11,2025,11,25,10,1,2,1,0,0,0.040892193308550186,0.040892193308550186
239,269,30,2025,11,25,11,1,2,1,0,0,0.11152416356877323,0.11152416356877323
229,269,40,2025,11,25,12,1,2,1,0,0,0.14869888475836432,0.14869888475836432
222,269,47,2025,11,25,13,1,2,1,0,0,0.17472118959107807,0.17472118959107807
222,269,47,2025,11,25,13,1,2,1,0,0,0.17472118959107807,0.17472118959107807
216,269,53,2025,11,25,14,1,2,1,0,0,0.1970260223048327,0.1970260223048327
213,269,56,2025,11,25,14,1,2,1,0,0,0.20817843866171004,0.20817843866171004
216,269,53,2025,11,25,15,1,2,1,0,0,0.1970260223048327,0.1970260223048327
212,269,57,2025,11,25,15,1,2,1,0,0,0.21189591078066913,0.21189591078066913
204,269,65,2025,11,25,16,1,2,1,0,0,0.241635687732342,0.241635687732342
189,269,80,2025,11,25,17,1,2,1,0,0,0.29739776951672864,0.29739776951672864
177,269,92,2025,11,25,17,1,2,1,0,0,0.3420074349442379,0.3420074349442379
168,269,101,2025,11,25,18,1,2,1,0,0,0.3754646840148699,0.3754646840148699
165,269,104,2025,11,25,18,1,2,1,0,0,0.38661710037174724,0.38661710037174724
155,269,114,2025,11,25,19,1,2,1,0,0,0.42379182156133827,0.42379182156133827
167,269,102,2025,11,25,19,1,2,1,0,0,0.379182156133829,0.379182156133829
145,269,124,2025,11,25,20,1,2,1,0,0,0.46096654275092935,0.46096654275092935
140,269,129,2025,11,25,20,1,2,1,0,0,0.4795539033457249,0.4795539033457249
140,269,129,2025,11,25,21,1,2,1,0,0,0.4795539033457249,0.4795539033457249
171,269,98,2025,11,25,22,1,2,1,0,0,0.3643122676579926,0.3643122676579926
194,269,75,2025,11,25,23,1,2,1,0,0,0.2788104089219331,0.2788104089219331
214,269,55,2025,11,25,23,1,2,1,0,0,0.20446096654275092,0.20446096654275092
269,269,0,2025,11,26,0,2,2,1,0,0,0.0,0.0
269,269,0,2025,11,26,0,2,2,1,0,0,0.0,0.0
269,269,0,2025,11,26,6,2,2,1,0,0,0.0,0.0
269,269,0,2025,11,26,6,2,2,1,0,0,0.0,0.0
268,269,1,2025,11,26,7,2,2,1,0,0,0.0037174721189591076,0.0037174721189591076
268,269,1,2025,11,26,7,2,2,1,0,0,0.0037174721189591076,0.0037174721189591076
265,269,4,2025,11,26,8,2,2,1,0,0,0.01486988847583643,0.01486988847583643
260,269,9,2025,11,26,8,2,2,1,0,0,0.03345724907063197,0.03345724907063197
255,269,14,2025,11,26,10,2,2,1,0,0,0.05204460966542751,0.05204460966542751
240,269,29,2025,11,26,11,2,2,1,0,0,0.10780669144981413,0.10780669144981413
232,269,37,2025,11,26,12,2,2,1,0,0,0.137546468401487,0.137546468401487
230,269,39,2025,11,26,13,2,2,1,0,0,0.1449814126394052,0.1449814126394052
228,269,41,2025,11,26,13,2,2,1,0,0,0.1524163568773234,0.1524163568773234
219,269,50,2025,11,26,14,2,2,1,0,0,0.18587360594795538,0.18587360594795538
218,269,51,2025,11,26,14,2,2,1,0,0,0.1895910780669145,0.1895910780669145
197,269,72,2025,11,26,15,2,2,1,0,0,0.26765799256505574,0.26765799256505574
192,269,77,2025,11,26,15,2,2,1,0,0,0.2862453531598513,0.2862453531598513
188,269,81,2025,11,26,16,2,2,1,0,0,0.30111524163568776,0.30111524163568776
180,269,89,2025,11,26,16,2,2,1,0,0,0.3308550185873606,0.3308550185873606
175,269,94,2025,11,26,17,2,2,1,0,0,0.34944237918215615,0.34944237918215615
171,269,98,2025,11,26,17,2,2,1,0,0,0.3643122676579926,0.3643122676579926
167,269,102,2025,11,26,18,2,2,1,0,0,0.379182156133829,0.379182156133829
162,269,107,2025,11,26,18,2,2,1,0,0,0.39776951672862454,0.39776951672862454
162,269,107,2025,11,26,19,2,2,1,0,0,0.39776951672862454,0.39776951672862454
152,269,117,2025,11,26,19,2,2,1,0,0,0.4349442379182156,0.4349442379182156
140,269,129,2025,11,26,20,2,2,1,0,0,0.4795539033457249,0.4795539033457249
132,269,137,2025,11,26,20,2,2,1,0,0,0.5092936802973977,0.5092936802973977
125,269,144,2025,11,26,21,2,2,1,0,0,0.5353159851301115,0.5353159851301115
151,269,118,2025,11,26,22,2,2,1,0,0,0.43866171003717475,0.43866171003717475
181,269,88,2025,11,26,23,2,2,1,0,0,0.3271375464684015,0.3271375464684015
194,269,75,2025,11,26,23,2,2,1,0,0,0.2788104089219331,0.2788104089219331
269,269,0,2025,11,27,0,3,2,1,0,0,0.0,0.0
269,269,0,2025,11,27,0,3,2,1,0,0,0.0,0.0
269,269,0,2025,11,27,6,3,2,1,0,0,0.0,0.0
269,269,0,2025,11,27,6,3,2,1,0,0,0.0,0.0
268,269,1,2025,11,27,7,3,2,1,0,0,0.0037174721189591076,0.0037174721189591076
268,269,1,2025,11,27,7,3,2,1,0,0,0.0037174721189591076,0.0037174721189591076
267,269,2,2025,11,27,8,3,2,1,0,0,0.007434944237918215,0.007434944237918215
266,269,3,2025,11,27,8,3,2,1,0,0,0.011152416356877323,0.011152416356877323
252,269,17,2025,11,27,10,3,2,1,0,0,0.06319702602230483,0.06319702602230483
249,269,20,2025,11,27,11,3,2,1,0,0,0.07434944237918216,0.07434944237918216
243,269,26,2025,11,27,12,3,2,1,0,0,0.09665427509293681,0.09665427509293681
245,269,24,2025,11,27,13,3,2,1,0,0,0.08921933085501858,0.08921933085501858
239,269,30,2025,11,27,13,3,2,1,0,0,0.11152416356877323,0.11152416356877323
235,269,34,2025,11,27,14,3,2,1,0,0,0.12639405204460966,0.12639405204460966
227,269,42,2025,11,27,14,3,2,1,0,0,0.15613382899628253,0.15613382899628253
201,269,68,2025,11,27,15,3,2,1,0,0,0.2527881040892193,0.2527881040892193
191,269,78,2025,11,27,15,3,2,1,0,0,0.2899628252788104,0.2899628252788104
195,269,74,2025,11,27,16,3,2,1,0,0,0.275092936802974,0.275092936802974
182,269,87,2025,11,27,16,3,2,1,0,0,0.32342007434944237,0.32342007434944237
171,269,98,2025,11,27,17,3,2,1,0,0,0.3643122676579926,0.3643122676579926
170,269,99,2025,11,27,17,3,2,1,0,0,0.3680297397769517,0.3680297397769517
174,269,95,2025,11,27,18,3,2,1,0,0,0.35315985130111527,0.35315985130111527
171,269,98,2025,11,27,18,3,2,1,0,0,0.3643122676579926,0.3643122676579926
167,269,102,2025,11,27,19,3,2,1,0,0,0.379182156133829,0.379182156133829
168,269,101,2025,11,27,19,3,2,1,0,0,0.3754646840148699,0.3754646840148699
163,269,106,2025,11,27,20,3,2,1,0,0,0.3940520446096654,0.3940520446096654
153,269,116,2025,11,27,20,3,2,1,0,0,0.4312267657992565,0.4312267657992565
161,269,108,2025,11,27,21,3,2,1,0,0,0.40148698884758366,0.40148698884758366
186,269,83,2025,11,27,22,3,2,1,0,0,0.30855018587360594,0.30855018587360594
198,269,71,2025,11,27,23,3,2,1,0,0,0.26394052044609667,0.26394052044609667
214,269,55,2025,11,27,23,3,2,1,0,0,0.20446096654275092,0.20446096654275092
269,269,0,2025,11,28,0,4,2,1,0,0,0.0,0.0
269,269,0,2025,11,28,0,4,2,1,0,0,0.0,0.0
269,269,0,2025,11,28,6,4,2,1,0,0,0.0,0.0
269,269,0,2025,11,28,6,4,2,1,0,0,0.0,0.0
269,269,0,2025,11,28,7,4,2,1,0,0,0.0,0.0
269,269,0,2025,11,28,7,4,2,1,0,0,0.0,0.0
269,269,0,2025,11,28,8,4,2,1,0,0,0.0,0.0
266,269,3,2025,11,28,8,4,2,1,0,0,0.011152416356877323,0.011152416356877323
263,269,6,2025,11,28,10,4,2,1,0,0,0.022304832713754646,0.022304832713754646
257,269,12,2025,11,28,11,4,2,1,0,0,0.04460966542750929,0.04460966542750929
242,269,27,2025,11,28,12,4,2,1,0,0,0.10037174721189591,0.10037174721189591
240,269,29,2025,11,28,13,4,2,1,0,0,0.10780669144981413,0.10780669144981413
236,269,33,2025,11,28,13,4,2,1,0,0,0.12267657992565056,0.12267657992565056
230,269,39,2025,11,28,14,4,2,1,0,0,0.1449814126394052,0.1449814126394052
228,269,41,2025,11,28,14,4,2,1,0,0,0.1524163568773234,0.1524163568773234
222,269,47,2025,11,28,15,4,2,1,0,0,0.17472118959107807,0.17472118959107807
223,269,46,2025,11,28,15,4,2,1,0,0,0.17100371747211895,0.17100371747211895
223,269,46,2025,11,28,16,4,2,1,0,0,0.17100371747211895,0.17100371747211895
217,269,52,2025,11,28,16,4,2,1,0,0,0.19330855018587362,0.19330855018587362
209,269,60,2025,11,28,17,4,2,1,0,0,0.22304832713754646,0.22304832713754646
207,269,62,2025,11,28,17,4,2,1,0,0,0.23048327137546468,0.23048327137546468
209,269,60,2025,11,28,18,4,2,1,0,0,0.22304832713754646,0.22304832713754646
205,269,64,2025,11,28,18,4,2,1,0,0,0.2379182156133829,0.2379182156133829
196,269,73,2025,11,28,19,4,2,1,0,0,0.27137546468401486,0.27137546468401486
196,269,73,2025,11,28,19,4,2,1,0,0,0.27137546468401486,0.27137546468401486
192,269,77,2025,11,28,20,4,2,1,0,0,0.2862453531598513,0.2862453531598513
192,269,77,2025,11,28,20,4,2,1,0,0,0.2862453531598513,0.2862453531598513
191,269,78,2025,11,28,21,4,2,1,0,0,0.2899628252788104,0.2899628252788104
209,269,60,2025,11,28,22,4,2,1,0,0,0.22304832713754646,0.22304832713754646
214,269,55,2025,11,28,22,4,2,1,0,0,0.20446096654275092,0.20446096654275092
224,269,45,2025,11,28,23,4,2,1,0,0,0.16728624535315986,0.16728624535315986
238,269,31,2025,11,28,23,4,2,1,0,0,0.11524163568773234,0.11524163568773234
269,269,0,2025,11,29,0,5,2,1,0,0,0.0,0.0
269,269,0,2025,11,29,0,5,2,1,0,0,0.0,0.0
269,269,0,2025,11,29,6,5,2,1,0,0,0.0,0.0
269,269,0,2025,11,29,6,5,2,1,0,0,0.0,0.0
269,269,0,2025,11,29,7,5,2,1,0,0,0.0,0.0
269,269,0,2025,11,29,7,5,2,1,0,0,0.0,0.0
268,269,1,2025,11,29,8,5,2,1,0,0,0.0037174721189591076,0.0037174721189591076
268,269,1,2025,11,29,8,5,2,1,0,0,0.0037174721189591076,0.0037174721189591076
262,269,7,2025,11,29,10,5,2,1,0,0,0.026022304832713755,0.026022304832713755
253,269,16,2025,11,29,11,5,2,1,0,0,0.05947955390334572,0.05947955390334572
247,269,22,2025,11,29,12,5,2,1,0,0,0.08178438661710037,0.08178438661710037
247,269,22,2025,11,29,13,5,2,1,0,0,0.08178438661710037,0.08178438661710037
239,269,30,2025,11,29,13,5,2,1,0,0,0.11152416356877323,0.11152416356877323
237,269,32,2025,11,29,14,5,2,1,0,0,0.11895910780669144,0.11895910780669144
228,269,41,2025,11,29,14,5,2,1,0,0,0.1524163568773234,0.1524163568773234
218,269,51,2025,11,29,15,5,2,1,0,0,0.1895910780669145,0.1895910780669145
211,269,58,2025,11,29,15,5,2,1,0,0,0.21561338289962825,0.21561338289962825
201,269,68,2025,11,29,16,5,2,1,0,0,0.2527881040892193,0.2527881040892193
191,269,78,2025,11,29,16,5,2,1,0,0,0.2899628252788104,0.2899628252788104
169,269,100,2025,11,29,17,5,2,1,0,0,0.37174721189591076,0.37174721189591076
167,269,102,2025,11,29,18,5,2,1,0,0,0.379182156133829,0.379182156133829
168,269,101,2025,11,29,18,5,2,1,0,0,0.3754646840148699,0.3754646840148699
172,269,97,2025,11,29,19,5,2,1,0,0,0.36059479553903345,0.36059479553903345
174,269,95,2025,11,29,19,5,2,1,0,0,0.35315985130111527,0.35315985130111527
175,269,94,2025,11,29,20,5,2,1,0,0,0.34944237918215615,0.34944237918215615
175,269,94,2025,11,29,20,5,2,1,0,0,0.34944237918215615,0.34944237918215615
197,269,72,2025,11,29,21,5,2,1,0,0,0.26765799256505574,0.26765799256505574
211,269,58,2025,11,29,22,5,2,1,0,0,0.21561338289962825,0.21561338289962825
211,269,58,2025,11,29,22,5,2,1,0,0,0.21561338289962825,0.21561338289962825
230,269,39,2025,11,29,23,5,2,1,0,0,0.1449814126394052,0.1449814126394052
235,269,34,2025,11,29,23,5,2,1,0,0,0.12639405204460966,0.12639405204460966
269,269,0,2025,11,30,0,6,2,1,0,0,0.0,0.0
269,269,0,2025,11,30,0,6,2,1,0,0,0.0,0.0
269,269,0,2025,11,30,6,6,2,1,0,0,0.0,0.0
269,269,0,2025,11,30,6,6,2,1,0,0,0.0,0.0
269,269,0,2025,11,30,7,6,2,1,0,0,0.0,0.0
269,269,0,2025,11,30,7,6,2,1,0,0,0.0,0.0
269,269,0,2025,11,30,8,6,2,1,0,0,0.0,0.0
269,269,0,2025,11,30,8,6,2,1,0,0,0.0,0.0
251,269,18,2025,11,30,12,6,2,1,0,0,0.06691449814126393,0.06691449814126393
239,269,30,2025,11,30,13,6,2,1,0,0,0.11152416356877323,0.11152416356877323
216,269,53,2025,11,30,13,6,2,1,0,0,0.1970260223048327,0.1970260223048327
211,269,58,2025,11,30,14,6,2,1,0,0,0.21561338289962825,0.21561338289962825
134,136,2,2025,9,25,6,3,3,0,0,0,0.014705882352941176,0.014705882352941176
135,136,1,2025,9,25,6,3,3,0,0,0,0.007352941176470588,0.007352941176470588
134,136,2,2025,9,25,7,3,3,0,0,0,0.014705882352941176,0.014705882352941176
135,136,1,2025,9,25,7,3,3,0,0,0,0.007352941176470588,0.007352941176470588
133,136,3,2025,9,25,8,3,3,0,0,0,0.022058823529411766,0.022058823529411766
129,136,7,2025,9,25,8,3,3,0,0,0,0.051470588235294115,0.051470588235294115
122,136,14,2025,9,25,10,3,3,0,0,0,0.10294117647058823,0.10294117647058823
111,136,25,2025,9,25,12,3,3,0,0,0,0.18382352941176472,0.18382352941176472
108,136,28,2025,9,25,12,3,3,0,0,0,0.20588235294117646,0.20588235294117646
100,136,36,2025,9,25,13,3,3,0,0,0,0.2647058823529412,0.2647058823529412
100,136,36,2025,9,25,13,3,3,0,0,0,0.2647058823529412,0.2647058823529412
92,136,44,2025,9,25,14,3,3,0,0,0,0.3235294117647059,0.3235294117647059
89,136,47,2025,9,25,14,3,3,0,0,0,0.34558823529411764,0.34558823529411764
74,136,62,2025,9,25,15,3,3,0,0,0,0.45588235294117646,0.45588235294117646
65,136,71,2025,9,25,16,3,3,0,0,0,0.5220588235294118,0.5220588235294118
60,136,76,2025,9,25,16,3,3,0,0,0,0.5588235294117647,0.5588235294117647
56,136,80,2025,9,25,17,3,3,0,0,0,0.5882352941176471,0.5882352941176471
51,136,85,2025,9,25,18,3,3,0,0,0,0.625,0.625
49,136,87,2025,9,25,18,3,3,0,0,0,0.6397058823529411,0.6397058823529411
47,136,89,2025,9,25,19,3,3,0,0,0,0.6544117647058824,0.6544117647058824
43,136,93,2025,9,25,19,3,3,0,0,0,0.6838235294117647,0.6838235294117647
38,136,98,2025,9,25,20,3,3,0,0,0,0.7205882352941176,0.7205882352941176
41,136,95,2025,9,25,20,3,3,0,0,0,0.6985294117647058,0.6985294117647058
40,136,96,2025,9,25,21,3,3,0,0,0,0.7058823529411765,0.7058823529411765
42,136,94,2025,9,25,21,3,3,0,0,0,0.6911764705882353,0.6911764705882353
42,136,94,2025,9,25,22,3,3,0,0,0,0.6911764705882353,0.6911764705882353
47,136,89,2025,9,25,22,3,3,0,0,0,0.6544117647058824,0.6544117647058824
57,136,79,2025,9,25,23,3,3,0,0,0,0.5808823529411765,0.5808823529411765
60,136,76,2025,9,25,23,3,3,0,0,0,0.5588235294117647,0.5588235294117647
57,136,79,2025,9,26,0,4,3,0,0,0,0.5808823529411765,0.5808823529411765
132,136,4,2025,9,26,6,4,3,0,0,0,0.029411764705882353,0.029411764705882353
133,136,3,2025,9,26,6,4,3,0,0,0,0.022058823529411766,0.022058823529411766
133,136,3,2025,9,26,7,4,3,0,0,0,0.022058823529411766,0.022058823529411766
134,136,2,2025,9,26,7,4,3,0,0,0,0.014705882352941176,0.014705882352941176
129,136,7,2025,9,26,8,4,3,0,0,0,0.051470588235294115,0.051470588235294115
127,136,9,2025,9,26,8,4,3,0,0,0,0.0661764705882353,0.0661764705882353
124,136,12,2025,9,26,9,4,3,0,0,0,0.08823529411764706,0.08823529411764706
125,136,11,2025,9,26,9,4,3,0,0,0,0.08088235294117647,0.08088235294117647
121,136,15,2025,9,26,10,4,3,0,0,0,0.11029411764705882,0.11029411764705882
119,136,17,2025,9,26,10,4,3,0,0,0,0.125,0.125
118,136,18,2025,9,26,11,4,3,0,0,0,0.1323529411764706,0.1323529411764706
116,136,20,2025,9,26,11,4,3,0,0,0,0.14705882352941177,0.14705882352941177
112,136,24,2025,9,26,12,4,3,0,0,0,0.17647058823529413,0.17647058823529413
112,136,24,2025,9,26,12,4,3,0,0,0,0.17647058823529413,0.17647058823529413
104,136,32,2025,9,26,13,4,3,0,0,0,0.23529411764705882,0.23529411764705882
99,136,37,2025,9,26,13,4,3,0,0,0,0.27205882352941174,0.27205882352941174
97,136,39,2025,9,26,14,4,3,0,0,0,0.2867647058823529,0.2867647058823529
95,136,41,2025,9,26,14,4,3,0,0,0,0.3014705882352941,0.3014705882352941
94,136,42,2025,9,26,15,4,3,0,0,0,0.3088235294117647,0.3088235294117647
92,136,44,2025,9,26,15,4,3,0,0,0,0.3235294117647059,0.3235294117647059
92,136,44,2025,9,26,16,4,3,0,0,0,0.3235294117647059,0.3235294117647059
91,136,45,2025,9,26,16,4,3,0,0,0,0.33088235294117646,0.33088235294117646
84,136,52,2025,9,26,17,4,3,0,0,0,0.38235294117647056,0.38235294117647056
85,136,51,2025,9,26,17,4,3,0,0,0,0.375,0.375
83,136,53,2025,9,26,18,4,3,0,0,0,0.3897058823529412,0.3897058823529412
83,136,53,2025,9,26,18,4,3,0,0,0,0.3897058823529412,0.3897058823529412
79,136,57,2025,9,26,19,4,3,0,0,0,0.41911764705882354,0.41911764705882354
75,136,61,2025,9,26,19,4,3,0,0,0,0.4485294117647059,0.4485294117647059
68,136,68,2025,9,26,20,4,3,0,0,0,0.5,0.5
68,136,68,2025,9,26,20,4,3,0,0,0,0.5,0.5
68,136,68,2025,9,26,21,4,3,0,0,0,0.5,0.5
69,136,67,2025,9,26,21,4,3,0,0,0,0.49264705882352944,0.49264705882352944
74,136,62,2025,9,26,22,4,3,0,0,0,0.45588235294117646,0.45588235294117646
74,136,62,2025,9,26,22,4,3,0,0,0,0.45588235294117646,0.45588235294117646
76,136,60,2025,9,26,22,4,3,0,0,0,0.4411764705882353,0.4411764705882353
80,136,56,2025,9,26,23,4,3,0,0,0,0.4117647058823529,0.4117647058823529
85,136,51,2025,9,26,23,4,3,0,0,0,0.375,0.375
132,136,4,2025,9,27,6,5,3,0,0,0,0.029411764705882353,0.029411764705882353
132,136,4,2025,9,27,6,5,3,0,0,0,0.029411764705882353,0.029411764705882353
134,136,2,2025,9,27,7,5,3,0,0,0,0.014705882352941176,0.014705882352941176
134,136,2,2025,9,27,7,5,3,0,0,0,0.014705882352941176,0.014705882352941176
131,136,5,2025,9,27,8,5,3,0,0,0,0.03676470588235294,0.03676470588235294
129,136,7,2025,9,27,8,5,3,0,0,0,0.051470588235294115,0.051470588235294115
114,136,22,2025,9,27,10,5,3,0,0,0,0.16176470588235295,0.16176470588235295
97,136,39,2025,9,27,11,5,3,0,0,0,0.2867647058823529,0.2867647058823529
97,136,39,2025,9,27,12,5,3,0,0,0,0.2867647058823529,0.2867647058823529
96,136,40,2025,9,27,12,5,3,0,0,0,0.29411764705882354,0.29411764705882354
94,136,42,2025,9,27,12,5,3,0,0,0,0.3088235294117647,0.3088235294117647
91,136,45,2025,9,27,13,5,3,0,0,0,0.33088235294117646,0.33088235294117646
88,136,48,2025,9,27,13,5,3,0,0,0,0.35294117647058826,0.35294117647058826
89,136,47,2025,9,27,14,5,3,0,0,0,0.34558823529411764,0.34558823529411764
89,136,47,2025,9,27,14,5,3,0,0,0,0.34558823529411764,0.34558823529411764
84,136,52,2025,9,27,15,5,3,0,0,0,0.38235294117647056,0.38235294117647056
81,136,55,2025,9,27,15,5,3,0,0,0,0.40441176470588236,0.40441176470588236
78,136,58,2025,9,27,16,5,3,0,0,0,0.4264705882352941,0.4264705882352941
73,136,63,2025,9,27,16,5,3,0,0,0,0.4632352941176471,0.4632352941176471
69,136,67,2025,9,27,17,5,3,0,0,0,0.49264705882352944,0.49264705882352944
67,136,69,2025,9,27,17,5,3,0,0,0,0.5073529411764706,0.5073529411764706
63,136,73,2025,9,27,18,5,3,0,0,0,0.5367647058823529,0.5367647058823529
62,136,74,2025,9,27,18,5,3,0,0,0,0.5441176470588235,0.5441176470588235
64,136,72,2025,9,27,19,5,3,0,0,0,0.5294117647058824,0.5294117647058824
65,136,71,2025,9,27,19,5,3,0,0,0,0.5220588235294118,0.5220588235294118
66,136,70,2025,9,27,20,5,3,0,0,0,0.5147058823529411,0.5147058823529411
67,136,69,2025,9,27,20,5,3,0,0,0,0.5073529411764706,0.5073529411764706
74,136,62,2025,9,27,21,5,3,0,0,0,0.45588235294117646,0.45588235294117646
82,136,54,2025,9,27,22,5,3,0,0,0,0.39705882352941174,0.39705882352941174
84,136,52,2025,9,27,22,5,3,0,0,0,0.38235294117647056,0.38235294117647056
89,136,47,2025,9,27,23,5,3,0,0,0,0.34558823529411764,0.34558823529411764
91,136,45,2025,9,27,23,5,3,0,0,0,0.33088235294117646,0.33088235294117646
129,136,7,2025,9,28,6,6,3,0,0,0,0.051470588235294115,0.051470588235294115
133,136,3,2025,9,28,6,6,3,0,0,0,0.022058823529411766,0.022058823529411766
134,136,2,2025,9,28,7,6,3,0,0,0,0.014705882352941176,0.014705882352941176
133,136,3,2025,9,28,7,6,3,0,0,0,0.022058823529411766,0.022058823529411766
131,136,5,2025,9,28,8,6,3,0,0,0,0.03676470588235294,0.03676470588235294
131,136,5,2025,9,28,8,6,3,0,0,0,0.03676470588235294,0.03676470588235294
129,136,7,2025,9,28,10,6,3,0,0,0,0.051470588235294115,0.051470588235294115
126,136,10,2025,9,28,11,6,3,0,0,0,0.07352941176470588,0.07352941176470588
125,136,11,2025,9,28,11,6,3,0,0,0,0.08088235294117647,0.08088235294117647
121,136,15,2025,9,28,12,6,3,0,0,0,0.11029411764705882,0.11029411764705882
109,136,27,2025,9,28,13,6,3,0,0,0,0.19852941176470587,0.19852941176470587
106,136,30,2025,9,28,13,6,3,0,0,0,0.22058823529411764,0.22058823529411764
103,136,33,2025,9,28,14,6,3,0,0,0,0.2426470588235294,0.2426470588235294
102,136,34,2025,9,28,14,6,3,0,0,0,0.25,0.25
87,136,49,2025,9,28,15,6,3,0,0,0,0.3602941176470588,0.3602941176470588
84,136,52,2025,9,28,15,6,3,0,0,0,0.38235294117647056,0.38235294117647056
73,136,63,2025,9,28,16,6,3,0,0,0,0.4632352941176471,0.4632352941176471
71,136,65,2025,9,28,16,6,3,0,0,0,0.47794117647058826,0.47794117647058826
67,136,69,2025,9,28,17,6,3,0,0,0,0.5073529411764706,0.5073529411764706
68,136,68,2025,9,28,17,6,3,0,0,0,0.5,0.5
65,136,71,2025,9,28,18,6,3,0,0,0,0.5220588235294118,0.5220588235294118
64,136,72,2025,9,28,18,6,3,0,0,0,0.5294117647058824,0.5294117647058824
62,136,74,2025,9,28,19,6,3,0,0,0,0.5441176470588235,0.5441176470588235
58,136,78,2025,9,28,19,6,3,0,0,0,0.5735294117647058,0.5735294117647058
56,136,80,2025,9,28,20,6,3,0,0,0,0.5882352941176471,0.5882352941176471
58,136,78,2025,9,28,20,6,3,0,0,0,0.5735294117647058,0.5735294117647058
52,136,84,2025,9,28,21,6,3,0,0,0,0.6176470588235294,0.6176470588235294
59,136,77,2025,9,28,22,6,3,0,0,0,0.5661764705882353,0.5661764705882353
61,136,75,2025,9,28,22,6,3,0,0,0,0.5514705882352942,0.5514705882352942
63,136,73,2025,9,28,23,6,3,0,0,0,0.5367647058823529,0.5367647058823529
64,136,72,2025,9,28,23,6,3,0,0,0,0.5294117647058824,0.5294117647058824
129,136,7,2025,9,29,6,0,3,0,0,0,0.051470588235294115,0.051470588235294115
130,136,6,2025,9,29,6,0,3,0,0,0,0.04411764705882353,0.04411764705882353
130,136,6,2025,9,29,7,0,3,0,0,0,0.04411764705882353,0.04411764705882353
127,136,9,2025,9,29,7,0,3,0,0,0,0.0661764705882353,0.0661764705882353
127,136,9,2025,9,29,8,0,3,0,0,0,0.0661764705882353,0.0661764705882353
124,136,12,2025,9,29,8,0,3,0,0,0,0.08823529411764706,0.08823529411764706
120,136,16,2025,9,29,9,0,3,0,0,0,0.11764705882352941,0.11764705882352941
111,136,25,2025,9,29,10,0,3,0,0,0,0.18382352941176472,0.18382352941176472
107,136,29,2025,9,29,11,0,3,0,0,0,0.21323529411764705,0.21323529411764705
106,136,30,2025,9,29,11,0,3,0,0,0,0.22058823529411764,0.22058823529411764
102,136,34,2025,9,29,12,0,3,0,0,0,0.25,0.25
99,136,37,2025,9,29,12,0,3,0,0,0,0.27205882352941174,0.27205882352941174
86,136,50,2025,9,29,13,0,3,0,0,0,0.36764705882352944,0.36764705882352944
80,136,56,2025,9,29,13,0,3,0,0,0,0.4117647058823529,0.4117647058823529
78,136,58,2025,9,29,14,0,3,0,0,0,0.4264705882352941,0.4264705882352941
73,136,63,2025,9,29,14,0,3,0,0,0,0.4632352941176471,0.4632352941176471
58,136,78,2025,9,29,15,0,3,0,0,0,0.5735294117647058,0.5735294117647058
58,136,78,2025,9,29,15,0,3,0,0,0,0.5735294117647058,0.5735294117647058
50,136,86,2025,9,29,16,0,3,0,0,0,0.6323529411764706,0.6323529411764706
43,136,93,2025,9,29,16,0,3,0,0,0,0.6838235294117647,0.6838235294117647
31,136,105,2025,9,29,17,0,3,0,0,0,0.7720588235294118,0.7720588235294118
31,136,105,2025,9,29,17,0,3,0,0,0,0.7720588235294118,0.7720588235294118
22,136,114,2025,9,29,18,0,3,0,0,0,0.8382352941176471,0.8382352941176471
12,136,124,2025,9,29,18,0,3,0,0,0,0.9117647058823529,0.9117647058823529
4,136,132,2025,9,29,19,0,3,0,0,0,0.9705882352941176,0.9705882352941176
11,136,125,2025,9,29,19,0,3,0,0,0,0.9191176470588235,0.9191176470588235
8,136,128,2025,9,29,20,0,3,0,0,0,0.9411764705882353,0.9411764705882353
5,136,131,2025,9,29,20,0,3,0,0,0,0.9632352941176471,0.9632352941176471
17,136,119,2025,9,29,21,0,3,0,0,0,0.875,0.875
33,136,103,2025,9,29,22,0,3,0,0,0,0.7573529411764706,0.7573529411764706
41,136,95,2025,9,29,22,0,3,0,0,0,0.6985294117647058,0.6985294117647058
48,136,88,2025,9,29,23,0,3,0,0,0,0.6470588235294118,0.6470588235294118
47,136,89,2025,9,29,23,0,3,0,0,0,0.6544117647058824,0.6544117647058824
123,136,13,2025,9,30,6,1,3,0,0,0,0.09558823529411764,0.09558823529411764
128,136,8,2025,9,30,6,1,3,0,0,0,0.058823529411764705,0.058823529411764705
128,136,8,2025,9,30,7,1,3,0,0,0,0.058823529411764705,0.058823529411764705
129,136,7,2025,9,30,7,1,3,0,0,0,0.051470588235294115,0.051470588235294115
125,136,11,2025,9,30,8,1,3,0,0,0,0.08088235294117647,0.08088235294117647
122,136,14,2025,9,30,8,1,3,0,0,0,0.10294117647058823,0.10294117647058823
118,136,18,2025,9,30,9,1,3,0,0,0,0.1323529411764706,0.1323529411764706
117,136,19,2025,9,30,9,1,3,0,0,0,0.13970588235294118,0.13970588235294118
113,136,23,2025,9,30,10,1,3,0,0,0,0.16911764705882354,0.16911764705882354
105,136,31,2025,9,30,10,1,3,0,0,0,0.22794117647058823,0.22794117647058823
96,136,40,2025,9,30,10,1,3,0,0,0,0.29411764705882354,0.29411764705882354
98,136,38,2025,9,30,11,1,3,0,0,0,0.27941176470588236,0.27941176470588236
95,136,41,2025,9,30,11,1,3,0,0,0,0.3014705882352941,0.3014705882352941
91,136,45,2025,9,30,12,1,3,0,0,0,0.33088235294117646,0.33088235294117646
78,136,58,2025,9,30,13,1,3,0,0,0,0.4264705882352941,0.4264705882352941
74,136,62,2025,9,30,13,1,3,0,0,0,0.45588235294117646,0.45588235294117646
64,136,72,2025,9,30,14,1,3,0,0,0,0.5294117647058824,0.5294117647058824
63,136,73,2025,9,30,14,1,3,0,0,0,0.5367647058823529,0.5367647058823529
50,136,86,2025,9,30,15,1,3,0,0,0,0.6323529411764706,0.6323529411764706
46,136,90,2025,9,30,15,1,3,0,0,0,0.6617647058823529,0.6617647058823529
39,136,97,2025,9,30,16,1,3,0,0,0,0.7132352941176471,0.7132352941176471
32,136,104,2025,9,30,16,1,3,0,0,0,0.7647058823529411,0.7647058823529411
16,136,120,2025,9,30,17,1,3,0,0,0,0.8823529411764706,0.8823529411764706
8,136,128,2025,9,30,17,1,3,0,0,0,0.9411764705882353,0.9411764705882353
3,136,133,2025,9,30,18,1,3,0,0,0,0.9779411764705882,0.9779411764705882
2,136,134,2025,9,30,18,1,3,0,0,0,0.9852941176470589,0.9852941176470589
2,136,134,2025,9,30,19,1,3,0,0,0,0.9852941176470589,0.9852941176470589
1,136,135,2025,9,30,19,1,3,0,0,0,0.9926470588235294,0.9926470588235294
0,136,136,2025,9,30,20,1,3,0,0,0,1.0,1.0
1,136,135,2025,9,30,20,1,3,0,0,0,0.9926470588235294,0.9926470588235294
8,136,128,2025,9,30,21,1,3,0,0,0,0.9411764705882353,0.9411764705882353
18,136,118,2025,9,30,22,1,3,0,0,0,0.8676470588235294,0.8676470588235294
18,136,118,2025,9,30,22,1,3,0,0,0,0.8676470588235294,0.8676470588235294
28,136,108,2025,9,30,23,1,3,0,0,0,0.7941176470588235,0.7941176470588235
32,136,104,2025,9,30,23,1,3,0,0,0,0.7647058823529411,0.7647058823529411
124,136,12,2025,10,1,6,2,3,0,0,0,0.08823529411764706,0.08823529411764706
131,136,5,2025,10,1,6,2,3,0,0,0,0.03676470588235294,0.03676470588235294
132,136,4,2025,10,1,7,2,3,0,0,0,0.029411764705882353,0.029411764705882353
131,136,5,2025,10,1,7,2,3,0,0,0,0.03676470588235294,0.03676470588235294
129,136,7,2025,10,1,8,2,3,0,0,0,0.051470588235294115,0.051470588235294115
120,136,16,2025,10,1,8,2,3,0,0,0,0.11764705882352941,0.11764705882352941
107,136,29,2025,10,1,10,2,3,0,0,0,0.21323529411764705,0.21323529411764705
95,136,41,2025,10,1,11,2,3,0,0,0,0.3014705882352941,0.3014705882352941
96,136,40,2025,10,1,11,2,3,0,0,0,0.29411764705882354,0.29411764705882354
94,136,42,2025,10,1,12,2,3,0,0,0,0.3088235294117647,0.3088235294117647
90,136,46,2025,10,1,12,2,3,0,0,0,0.3382352941176471,0.3382352941176471
82,136,54,2025,10,1,13,2,3,0,0,0,0.39705882352941174,0.39705882352941174
76,136,60,2025,10,1,13,2,3,0,0,0,0.4411764705882353,0.4411764705882353
71,136,65,2025,10,1,14,2,3,0,0,0,0.47794117647058826,0.47794117647058826
67,136,69,2025,10,1,14,2,3,0,0,0,0.5073529411764706,0.5073529411764706
55,136,81,2025,10,1,15,2,3,0,0,0,0.5955882352941176,0.5955882352941176
56,136,80,2025,10,1,15,2,3,0,0,0,0.5882352941176471,0.5882352941176471
50,136,86,2025,10,1,16,2,3,0,0,0,0.6323529411764706,0.6323529411764706
41,136,95,2025,10,1,16,2,3,0,0,0,0.6985294117647058,0.6985294117647058
34,136,102,2025,10,1,17,2,3,0,0,0,0.75,0.75
29,136,107,2025,10,1,17,2,3,0,0,0,0.7867647058823529,0.7867647058823529
28,136,108,2025,10,1,18,2,3,0,0,0,0.7941176470588235,0.7941176470588235
26,136,110,2025,10,1,18,2,3,0,0,0,0.8088235294117647,0.8088235294117647
32,136,104,2025,10,1,19,2,3,0,0,0,0.7647058823529411,0.7647058823529411
31,136,105,2025,10,1,19,2,3,0,0,0,0.7720588235294118,0.7720588235294118
26,136,110,2025,10,1,20,2,3,0,0,0,0.8088235294117647,0.8088235294117647
18,136,118,2025,10,1,20,2,3,0,0,0,0.8676470588235294,0.8676470588235294
24,136,112,2025,10,1,21,2,3,0,0,0,0.8235294117647058,0.8235294117647058
37,136,99,2025,10,1,22,2,3,0,0,0,0.7279411764705882,0.7279411764705882
44,136,92,2025,10,1,22,2,3,0,0,0,0.6764705882352942,0.6764705882352942
50,136,86,2025,10,1,23,2,3,0,0,0,0.6323529411764706,0.6323529411764706
53,136,83,2025,10,1,23,2,3,0,0,0,0.6102941176470589,0.6102941176470589
134,136,2,2025,10,2,6,3,3,0,0,0,0.014705882352941176,0.014705882352941176
134,136,2,2025,10,2,6,3,3,0,0,0,0.014705882352941176,0.014705882352941176
133,136,3,2025,10,2,7,3,3,0,0,0,0.022058823529411766,0.022058823529411766
130,136,6,2025,10,2,7,3,3,0,0,0,0.04411764705882353,0.04411764705882353
127,136,9,2025,10,2,8,3,3,0,0,0,0.0661764705882353,0.0661764705882353
121,136,15,2025,10,2,8,3,3,0,0,0,0.11029411764705882,0.11029411764705882
116,134,18,2025,10,2,10,3,3,0,0,0,0.13432835820895522,0.13432835820895522
116,134,18,2025,10,2,10,3,3,0,0,0,0.13432835820895522,0.13432835820895522
108,134,26,2025,10,2,11,3,3,0,0,0,0.19402985074626866,0.19402985074626866
105,134,29,2025,10,2,12,3,3,0,0,0,0.21641791044776118,0.21641791044776118
104,134,30,2025,10,2,12,3,3,0,0,0,0.22388059701492538,0.22388059701492538
102,134,32,2025,10,2,13,3,3,0,0,0,0.23880597014925373,0.23880597014925373
99,134,35,2025,10,2,13,3,3,0,0,0,0.26119402985074625,0.26119402985074625
99,134,35,2025,10,2,14,3,3,0,0,0,0.26119402985074625,0.26119402985074625
99,134,35,2025,10,2,14,3,3,0,0,0,0.26119402985074625,0.26119402985074625
90,134,44,2025,10,2,15,3,3,0,0,0,0.3283582089552239,0.3283582089552239
90,134,44,2025,10,2,15,3,3,0,0,0,0.3283582089552239,0.3283582089552239
91,134,43,2025,10,2,16,3,3,0,0,0,0.3208955223880597,0.3208955223880597
82,134,52,2025,10,2,16,3,3,0,0,0,0.3880597014925373,0.3880597014925373
76,134,58,2025,10,2,17,3,3,0,0,0,0.43283582089552236,0.43283582089552236
77,134,57,2025,10,2,17,3,3,0,0,0,0.4253731343283582,0.4253731343283582
83,134,51,2025,10,2,18,3,3,0,0,0,0.3805970149253731,0.3805970149253731
83,134,51,2025,10,2,18,3,3,0,0,0,0.3805970149253731,0.3805970149253731
84,134,50,2025,10,2,19,3,3,0,0,0,0.373134328358209,0.373134328358209
83,134,51,2025,10,2,19,3,3,0,0,0,0.3805970149253731,0.3805970149253731
80,134,54,2025,10,2,20,3,3,0,0,0,0.40298507462686567,0.40298507462686567
79,134,55,2025,10,2,20,3,3,0,0,0,0.41044776119402987,0.41044776119402987
79,134,55,2025,10,2,21,3,3,0,0,0,0.41044776119402987,0.41044776119402987
85,134,49,2025,10,2,22,3,3,0,0,0,0.3656716417910448,0.3656716417910448
90,134,44,2025,10,2,22,3,3,0,0,0,0.3283582089552239,0.3283582089552239
96,134,38,2025,10,2,23,3,3,0,0,0,0.2835820895522388,0.2835820895522388
98,134,36,2025,10,2,23,3,3,0,0,0,0.26865671641791045,0.26865671641791045
133,134,1,2025,10,3,6,4,3,0,1,0,0.007462686567164179,0.007462686567164179
133,134,1,2025,10,3,6,4,3,0,1,0,0.007462686567164179,0.007462686567164179
132,134,2,2025,10,3,7,4,3,0,1,0,0.014925373134328358,0.014925373134328358
132,134,2,2025,10,3,7,4,3,0,1,0,0.014925373134328358,0.014925373134328358
130,134,4,2025,10,3,8,4,3,0,1,0,0.029850746268656716,0.029850746268656716
130,134,4,2025,10,3,8,4,3,0,1,0,0.029850746268656716,0.029850746268656716
128,134,6,2025,10,3,10,4,3,0,1,0,0.04477611940298507,0.04477611940298507
128,134,6,2025,10,3,10,4,3,0,1,0,0.04477611940298507,0.04477611940298507
127,134,7,2025,10,3,10,4,3,0,1,0,0.05223880597014925,0.05223880597014925
123,134,11,2025,10,3,11,4,3,0,1,0,0.08208955223880597,0.08208955223880597
122,134,12,2025,10,3,12,4,3,0,1,0,0.08955223880597014,0.08955223880597014
121,134,13,2025,10,3,12,4,3,0,1,0,0.09701492537313433,0.09701492537313433
119,134,15,2025,10,3,13,4,3,0,1,0,0.11194029850746269,0.11194029850746269
115,134,19,2025,10,3,13,4,3,0,1,0,0.1417910447761194,0.1417910447761194
115,134,19,2025,10,3,14,4,3,0,1,0,0.1417910447761194,0.1417910447761194
109,134,25,2025,10,3,14,4,3,0,1,0,0.1865671641791045,0.1865671641791045
105,134,29,2025,10,3,15,4,3,0,1,0,0.21641791044776118,0.21641791044776118
102,134,32,2025,10,3,15,4,3,0,1,0,0.23880597014925373,0.23880597014925373
102,134,32,2025,10,3,16,4,3,0,1,0,0.23880597014925373,0.23880597014925373
105,134,29,2025,10,3,16,4,3,0,1,0,0.21641791044776118,0.21641791044776118
105,134,29,2025,10,3,17,4,3,0,1,0,0.21641791044776118,0.21641791044776118
107,134,27,2025,10,3,17,4,3,0,1,0,0.20149253731343283,0.20149253731343283
108,134,26,2025,10,3,18,4,3,0,1,0,0.19402985074626866,0.19402985074626866
111,134,23,2025,10,3,18,4,3,0,1,0,0.17164179104477612,0.17164179104477612
111,134,23,2025,10,3,19,4,3,0,1,0,0.17164179104477612,0.17164179104477612
111,134,23,2025,10,3,19,4,3,0,1,0,0.17164179104477612,0.17164179104477612
113,134,21,2025,10,3,20,4,3,0,1,0,0.15671641791044777,0.15671641791044777
113,134,21,2025,10,3,20,4,3,0,1,0,0.15671641791044777,0.15671641791044777
118,134,16,2025,10,3,21,4,3,0,1,0,0.11940298507462686,0.11940298507462686
116,134,18,2025,10,3,22,4,3,0,1,0,0.13432835820895522,0.13432835820895522
114,134,20,2025,10,3,22,4,3,0,1,0,0.14925373134328357,0.14925373134328357
118,134,16,2025,10,3,23,4,3,0,1,0,0.11940298507462686,0.11940298507462686
120,134,14,2025,10,3,23,4,3,0,1,0,0.1044776119402985,0.1044776119402985
134,134,0,2025,10,4,6,5,3,0,1,0,0.0,0.0
134,134,0,2025,10,4,6,5,3,0,1,0,0.0,0.0
134,134,0,2025,10,4,7,5,3,0,1,0,0.0,0.0
133,134,1,2025,10,4,7,5,3,0,1,0,0.007462686567164179,0.007462686567164179
133,134,1,2025,10,4,8,5,3,0,1,0,0.007462686567164179,0.007462686567164179
133,134,1,2025,10,4,8,5,3,0,1,0,0.007462686567164179,0.007462686567164179
132,134,2,2025,10,4,9,5,3,0,1,0,0.014925373134328358,0.014925373134328358
132,134,2,2025,10,4,10,5,3,0,1,0,0.014925373134328358,0.014925373134328358
132,134,2,2025,10,4,10,5,3,0,1,0,0.014925373134328358,0.014925373134328358
133,134,1,2025,10,4,11,5,3,0,1,0,0.007462686567164179,0.007462686567164179
130,134,4,2025,10,4,12,5,3,0,1,0,0.029850746268656716,0.029850746268656716
128,134,6,2025,10,4,12,5,3,0,1,0,0.04477611940298507,0.04477611940298507
128,134,6,2025,10,4,13,5,3,0,1,0,0.04477611940298507,0.04477611940298507
127,134,7,2025,10,4,13,5,3,0,1,0,0.05223880597014925,0.05223880597014925
126,134,8,2025,10,4,14,5,3,0,1,0,0.05970149253731343,0.05970149253731343
125,134,9,2025,10,4,14,5,3,0,1,0,0.06716417910447761,0.06716417910447761
125,134,9,2025,10,4,15,5,3,0,1,0,0.06716417910447761,0.06716417910447761
123,134,11,2025,10,4,15,5,3,0,1,0,0.08208955223880597,0.08208955223880597
121,134,13,2025,10,4,16,5,3,0,1,0,0.09701492537313433,0.09701492537313433
121,134,13,2025,10,4,16,5,3,0,1,0,0.09701492537313433,0.09701492537313433
118,134,16,2025,10,4,17,5,3,0,1,0,0.11940298507462686,0.11940298507462686
116,134,18,2025,10,4,17,5,3,0,1,0,0.13432835820895522,0.13432835820895522
117,134,17,2025,10,4,18,5,3,0,1,0,0.12686567164179105,0.12686567164179105
118,134,16,2025,10,4,18,5,3,0,1,0,0.11940298507462686,0.11940298507462686
120,134,14,2025,10,4,19,5,3,0,1,0,0.1044776119402985,0.1044776119402985
121,134,13,2025,10,4,19,5,3,0,1,0,0.09701492537313433,0.09701492537313433
118,134,16,2025,10,4,20,5,3,0,1,0,0.11940298507462686,0.11940298507462686
119,134,15,2025,10,4,20,5,3,0,1,0,0.11194029850746269,0.11194029850746269
119,134,15,2025,10,4,21,5,3,0,1,0,0.11194029850746269,0.11194029850746269
121,134,13,2025,10,4,22,5,3,0,1,0,0.09701492537313433,0.09701492537313433
122,134,12,2025,10,4,22,5,3,0,1,0,0.08955223880597014,0.08955223880597014
121,134,13,2025,10,4,23,5,3,0,1,0,0.09701492537313433,0.09701492537313433
123,134,11,2025,10,4,23,5,3,0,1,0,0.08208955223880597,0.08208955223880597
132,134,2,2025,10,5,6,6,3,0,1,0,0.014925373134328358,0.014925373134328358
133,134,1,2025,10,5,6,6,3,0,1,0,0.007462686567164179,0.007462686567164179
134,134,0,2025,10,5,7,6,3,0,1,0,0.0,0.0
133,134,1,2025,10,5,7,6,3,0,1,0,0.007462686567164179,0.007462686567164179
133,134,1,2025,10,5,8,6,3,0,1,0,0.007462686567164179,0.007462686567164179
133,134,1,2025,10,5,8,6,3,0,1,0,0.007462686567164179,0.007462686567164179
130,134,4,2025,10,5,10,6,3,0,1,0,0.029850746268656716,0.029850746268656716
128,134,6,2025,10,5,11,6,3,0,1,0,0.04477611940298507,0.04477611940298507
126,134,8,2025,10,5,11,6,3,0,1,0,0.05970149253731343,0.05970149253731343
126,134,8,2025,10,5,11,6,3,0,1,0,0.05970149253731343,0.05970149253731343
126,134,8,2025,10,5,12,6,3,0,1,0,0.05970149253731343,0.05970149253731343
126,134,8,2025,10,5,13,6,3,0,1,0,0.05970149253731343,0.05970149253731343
127,134,7,2025,10,5,13,6,3,0,1,0,0.05223880597014925,0.05223880597014925
124,134,10,2025,10,5,14,6,3,0,1,0,0.07462686567164178,0.07462686567164178
125,134,9,2025,10,5,14,6,3,0,1,0,0.06716417910447761,0.06716417910447761
122,134,12,2025,10,5,15,6,3,0,1,0,0.08955223880597014,0.08955223880597014
122,134,12,2025,10,5,15,6,3,0,1,0,0.08955223880597014,0.08955223880597014
121,134,13,2025,10,5,16,6,3,0,1,0,0.09701492537313433,0.09701492537313433
122,134,12,2025,10,5,16,6,3,0,1,0,0.08955223880597014,0.08955223880597014
123,134,11,2025,10,5,17,6,3,0,1,0,0.08208955223880597,0.08208955223880597
123,134,11,2025,10,5,17,6,3,0,1,0,0.08208955223880597,0.08208955223880597
121,134,13,2025,10,5,18,6,3,0,1,0,0.09701492537313433,0.09701492537313433
122,134,12,2025,10,5,18,6,3,0,1,0,0.08955223880597014,0.08955223880597014
124,134,10,2025,10,5,19,6,3,0,1,0,0.07462686567164178,0.07462686567164178
123,134,11,2025,10,5,19,6,3,0,1,0,0.08208955223880597,0.08208955223880597
124,134,10,2025,10,5,20,6,3,0,1,0,0.07462686567164178,0.07462686567164178
125,134,9,2025,10,5,20,6,3,0,1,0,0.06716417910447761,0.06716417910447761
129,134,5,2025,10,5,21,6,3,0,1,0,0.03731343283582089,0.03731343283582089
130,134,4,2025,10,5,22,6,3,0,1,0,0.029850746268656716,0.029850746268656716
131,134,3,2025,10,5,22,6,3,0,1,0,0.022388059701492536,0.022388059701492536
131,134,3,2025,10,5,23,6,3,0,1,0,0.022388059701492536,0.022388059701492536
133,134,1,2025,10,5,23,6,3,0,1,0,0.007462686567164179,0.007462686567164179
133,134,1,2025,10,6,6,0,3,0,1,0,0.007462686567164179,0.007462686567164179
134,134,0,2025,10,6,6,0,3,0,1,0,0.0,0.0
134,134,0,2025,10,6,7,0,3,0,1,0,0.0,0.0
134,134,0,2025,10,6,7,0,3,0,1,0,0.0,0.0
134,134,0,2025,10,6,8,0,3,0,1,0,0.0,0.0
134,134,0,2025,10,6,8,0,3,0,1,0,0.0,0.0
133,134,1,2025,10,6,10,0,3,0,1,0,0.007462686567164179,0.007462686567164179
129,134,5,2025,10,6,11,0,3,0,1,0,0.03731343283582089,0.03731343283582089
128,134,6,2025,10,6,12,0,3,0,1,0,0.04477611940298507,0.04477611940298507
129,134,5,2025,10,6,13,0,3,0,1,0,0.03731343283582089,0.03731343283582089
128,134,6,2025,10,6,13,0,3,0,1,0,0.04477611940298507,0.04477611940298507
127,134,7,2025,10,6,14,0,3,0,1,0,0.05223880597014925,0.05223880597014925
127,134,7,2025,10,6,14,0,3,0,1,0,0.05223880597014925,0.05223880597014925
124,134,10,2025,10,6,15,0,3,0,1,0,0.07462686567164178,0.07462686567164178
121,134,13,2025,10,6,15,0,3,0,1,0,0.09701492537313433,0.09701492537313433
121,134,13,2025,10,6,16,0,3,0,1,0,0.09701492537313433,0.09701492537313433
121,134,13,2025,10,6,16,0,3,0,1,0,0.09701492537313433,0.09701492537313433
121,134,13,2025,10,6,17,0,3,0,1,0,0.09701492537313433,0.09701492537313433
120,134,14,2025,10,6,17,0,3,0,1,0,0.1044776119402985,0.1044776119402985
123,134,11,2025,10,6,18,0,3,0,1,0,0.08208955223880597,0.08208955223880597
123,134,11,2025,10,6,18,0,3,0,1,0,0.08208955223880597,0.08208955223880597
125,134,9,2025,10,6,19,0,3,0,1,0,0.06716417910447761,0.06716417910447761
124,134,10,2025,10,6,19,0,3,0,1,0,0.07462686567164178,0.07462686567164178
125,134,9,2025,10,6,20,0,3,0,1,0,0.06716417910447761,0.06716417910447761
126,134,8,2025,10,6,20,0,3,0,1,0,0.05970149253731343,0.05970149253731343
126,134,8,2025,10,6,21,0,3,0,1,0,0.05970149253731343,0.05970149253731343
125,134,9,2025,10,6,22,0,3,0,1,0,0.06716417910447761,0.06716417910447761
125,134,9,2025,10,6,22,0,3,0,1,0,0.06716417910447761,0.06716417910447761
125,134,9,2025,10,6,23,0,3,0,1,0,0.06716417910447761,0.06716417910447761
125,134,9,2025,10,6,23,0,3,0,1,0,0.06716417910447761,0.06716417910447761
134,134,0,2025,10,7,6,1,3,0,1,0,0.0,0.0
134,134,0,2025,10,7,6,1,3,0,1,0,0.0,0.0
134,134,0,2025,10,7,7,1,3,0,1,0,0.0,0.0
134,134,0,2025,10,7,7,1,3,0,1,0,0.0,0.0
131,134,3,2025,10,7,8,1,3,0,1,0,0.022388059701492536,0.022388059701492536
131,134,3,2025,10,7,8,1,3,0,1,0,0.022388059701492536,0.022388059701492536
129,134,5,2025,10,7,10,1,3,0,1,0,0.03731343283582089,0.03731343283582089
130,134,4,2025,10,7,11,1,3,0,1,0,0.029850746268656716,0.029850746268656716
125,134,9,2025,10,7,11,1,3,0,1,0,0.06716417910447761,0.06716417910447761
120,134,14,2025,10,7,12,1,3,0,1,0,0.1044776119402985,0.1044776119402985
120,134,14,2025,10,7,12,1,3,0,1,0,0.1044776119402985,0.1044776119402985
118,134,16,2025,10,7,13,1,3,0,1,0,0.11940298507462686,0.11940298507462686
118,134,16,2025,10,7,13,1,3,0,1,0,0.11940298507462686,0.11940298507462686
114,134,20,2025,10,7,14,1,3,0,1,0,0.14925373134328357,0.14925373134328357
113,134,21,2025,10,7,14,1,3,0,1,0,0.15671641791044777,0.15671641791044777
106,134,28,2025,10,7,15,1,3,0,1,0,0.208955223880597,0.208955223880597
105,134,29,2025,10,7,15,1,3,0,1,0,0.21641791044776118,0.21641791044776118
104,134,30,2025,10,7,16,1,3,0,1,0,0.22388059701492538,0.22388059701492538
103,134,31,2025,10,7,16,1,3,0,1,0,0.23134328358208955,0.23134328358208955
105,134,29,2025,10,7,17,1,3,0,1,0,0.21641791044776118,0.21641791044776118
101,134,33,2025,10,7,17,1,3,0,1,0,0.2462686567164179,0.2462686567164179
101,134,33,2025,10,7,18,1,3,0,1,0,0.2462686567164179,0.2462686567164179
99,134,35,2025,10,7,18,1,3,0,1,0,0.26119402985074625,0.26119402985074625
97,134,37,2025,10,7,19,1,3,0,1,0,0.27611940298507465,0.27611940298507465
97,134,37,2025,10,7,19,1,3,0,1,0,0.27611940298507465,0.27611940298507465
95,134,39,2025,10,7,20,1,3,0,1,0,0.291044776119403,0.291044776119403
98,134,36,2025,10,7,20,1,3,0,1,0,0.26865671641791045,0.26865671641791045
106,134,28,2025,10,7,21,1,3,0,1,0,0.208955223880597,0.208955223880597
108,134,26,2025,10,7,22,1,3,0,1,0,0.19402985074626866,0.19402985074626866
109,134,25,2025,10,7,22,1,3,0,1,0,0.1865671641791045,0.1865671641791045
109,134,25,2025,10,7,23,1,3,0,1,0,0.1865671641791045,0.1865671641791045
114,134,20,2025,10,7,23,1,3,0,1,0,0.14925373134328357,0.14925373134328357
134,134,0,2025,10,8,6,2,3,0,1,0,0.0,0.0
134,134,0,2025,10,8,6,2,3,0,1,0,0.0,0.0
133,134,1,2025,10,8,7,2,3,0,1,0,0.007462686567164179,0.007462686567164179
133,134,1,2025,10,8,7,2,3,0,1,0,0.007462686567164179,0.007462686567164179
130,134,4,2025,10,8,8,2,3,0,1,0,0.029850746268656716,0.029850746268656716
129,134,5,2025,10,8,8,2,3,0,1,0,0.03731343283582089,0.03731343283582089
128,134,6,2025,10,8,9,2,3,0,1,0,0.04477611940298507,0.04477611940298507
122,134,12,2025,10,8,10,2,3,0,1,0,0.08955223880597014,0.08955223880597014
121,134,13,2025,10,8,11,2,3,0,1,0,0.09701492537313433,0.09701492537313433
118,134,16,2025,10,8,11,2,3,0,1,0,0.11940298507462686,0.11940298507462686
116,134,18,2025,10,8,12,2,3,0,1,0,0.13432835820895522,0.13432835820895522
117,134,17,2025,10,8,12,2,3,0,1,0,0.12686567164179105,0.12686567164179105
110,134,24,2025,10,8,13,2,3,0,1,0,0.1791044776119403,0.1791044776119403
104,134,30,2025,10,8,13,2,3,0,1,0,0.22388059701492538,0.22388059701492538
96,134,38,2025,10,8,14,2,3,0,1,0,0.2835820895522388,0.2835820895522388
93,134,41,2025,10,8,14,2,3,0,1,0,0.30597014925373134,0.30597014925373134
85,134,49,2025,10,8,15,2,3,0,1,0,0.3656716417910448,0.3656716417910448
85,134,49,2025,10,8,15,2,3,0,1,0,0.3656716417910448,0.3656716417910448
82,134,52,2025,10,8,16,2,3,0,1,0,0.3880597014925373,0.3880597014925373
83,134,51,2025,10,8,16,2,3,0,1,0,0.3805970149253731,0.3805970149253731
75,134,59,2025,10,8,17,2,3,0,1,0,0.44029850746268656,0.44029850746268656
73,134,61,2025,10,8,17,2,3,0,1,0,0.4552238805970149,0.4552238805970149
73,134,61,2025,10,8,18,2,3,0,1,0,0.4552238805970149,0.4552238805970149
72,134,62,2025,10,8,18,2,3,0,1,0,0.4626865671641791,0.4626865671641791
77,134,57,2025,10,8,19,2,3,0,1,0,0.4253731343283582,0.4253731343283582
77,134,57,2025,10,8,19,2,3,0,1,0,0.4253731343283582,0.4253731343283582
76,134,58,2025,10,8,20,2,3,0,1,0,0.43283582089552236,0.43283582089552236
79,134,55,2025,10,8,20,2,3,0,1,0,0.41044776119402987,0.41044776119402987
83,134,51,2025,10,8,21,2,3,0,1,0,0.3805970149253731,0.3805970149253731
87,134,47,2025,10,8,22,2,3,0,1,0,0.35074626865671643,0.35074626865671643
92,134,42,2025,10,8,22,2,3,0,1,0,0.31343283582089554,0.31343283582089554
92,134,42,2025,10,8,23,2,3,0,1,0,0.31343283582089554,0.31343283582089554
92,134,42,2025,10,8,23,2,3,0,1,0,0.31343283582089554,0.31343283582089554
134,134,0,2025,10,9,6,3,3,0,1,0,0.0,0.0
133,134,1,2025,10,9,6,3,3,0,1,0,0.007462686567164179,0.007462686567164179
133,134,1,2025,10,9,7,3,3,0,1,0,0.007462686567164179,0.007462686567164179
132,134,2,2025,10,9,7,3,3,0,1,0,0.014925373134328358,0.014925373134328358
126,134,8,2025,10,9,8,3,3,0,1,0,0.05970149253731343,0.05970149253731343
126,134,8,2025,10,9,8,3,3,0,1,0,0.05970149253731343,0.05970149253731343
124,134,10,2025,10,9,9,3,3,0,1,0,0.07462686567164178,0.07462686567164178
123,134,11,2025,10,9,9,3,3,0,1,0,0.08208955223880597,0.08208955223880597
121,134,13,2025,10,9,10,3,3,0,1,0,0.09701492537313433,0.09701492537313433
114,134,20,2025,10,9,11,3,3,0,1,0,0.14925373134328357,0.14925373134328357
109,134,25,2025,10,9,12,3,3,0,1,0,0.1865671641791045,0.1865671641791045
98,134,36,2025,10,9,13,3,3,0,1,0,0.26865671641791045,0.26865671641791045
92,134,42,2025,10,9,13,3,3,0,1,0,0.31343283582089554,0.31343283582089554
87,134,47,2025,10,9,14,3,3,0,1,0,0.35074626865671643,0.35074626865671643
75,134,59,2025,10,9,14,3,3,0,1,0,0.44029850746268656,0.44029850746268656
58,134,76,2025,10,9,15,3,3,0,1,0,0.5671641791044776,0.5671641791044776
52,134,82,2025,10,9,15,3,3,0,1,0,0.6119402985074627,0.6119402985074627
49,134,85,2025,10,9,16,3,3,0,1,0,0.6343283582089553,0.6343283582089553
39,134,95,2025,10,9,16,3,3,0,1,0,0.7089552238805971,0.7089552238805971
40,134,94,2025,10,9,17,3,3,0,1,0,0.7014925373134329,0.7014925373134329
38,134,96,2025,10,9,17,3,3,0,1,0,0.7164179104477612,0.7164179104477612
44,134,90,2025,10,9,18,3,3,0,1,0,0.6716417910447762,0.6716417910447762
50,134,84,2025,10,9,18,3,3,0,1,0,0.6268656716417911,0.6268656716417911
49,134,85,2025,10,9,19,3,3,0,1,0,0.6343283582089553,0.6343283582089553
50,134,84,2025,10,9,19,3,3,0,1,0,0.6268656716417911,0.6268656716417911
55,134,79,2025,10,9,20,3,3,0,1,0,0.5895522388059702,0.5895522388059702
49,134,85,2025,10,9,20,3,3,0,1,0,0.6343283582089553,0.6343283582089553
57,134,77,2025,10,9,21,3,3,0,1,0,0.5746268656716418,0.5746268656716418
65,134,69,2025,10,9,22,3,3,0,1,0,0.5149253731343284,0.5149253731343284
71,134,63,2025,10,9,23,3,3,0,1,0,0.4701492537313433,0.4701492537313433
80,134,54,2025,10,10,0,4,3,0,1,0,0.40298507462686567,0.40298507462686567
131,134,3,2025,10,10,6,4,3,0,1,0,0.022388059701492536,0.022388059701492536
130,134,4,2025,10,10,6,4,3,0,1,0,0.029850746268656716,0.029850746268656716
130,134,4,2025,10,10,7,4,3,0,1,0,0.029850746268656716,0.029850746268656716
130,134,4,2025,10,10,7,4,3,0,1,0,0.029850746268656716,0.029850746268656716
129,134,5,2025,10,10,8,4,3,0,1,0,0.03731343283582089,0.03731343283582089
127,134,7,2025,10,10,8,4,3,0,1,0,0.05223880597014925,0.05223880597014925
123,134,11,2025,10,10,9,4,3,0,1,0,0.08208955223880597,0.08208955223880597
121,134,13,2025,10,10,9,4,3,0,1,0,0.09701492537313433,0.09701492537313433
121,134,13,2025,10,10,10,4,3,0,1,0,0.09701492537313433,0.09701492537313433
102,134,32,2025,10,10,11,4,3,0,1,0,0.23880597014925373,0.23880597014925373
94,134,40,2025,10,10,12,4,3,0,1,0,0.29850746268656714,0.29850746268656714
81,134,53,2025,10,10,13,4,3,0,1,0,0.39552238805970147,0.39552238805970147
75,134,59,2025,10,10,13,4,3,0,1,0,0.44029850746268656,0.44029850746268656
57,134,77,2025,10,10,14,4,3,0,1,0,0.5746268656716418,0.5746268656716418
48,134,86,2025,10,10,14,4,3,0,1,0,0.6417910447761194,0.6417910447761194
35,134,99,2025,10,10,15,4,3,0,1,0,0.7388059701492538,0.7388059701492538
24,134,110,2025,10,10,15,4,3,0,1,0,0.8208955223880597,0.8208955223880597
25,134,109,2025,10,10,16,4,3,0,1,0,0.8134328358208955,0.8134328358208955
15,134,119,2025,10,10,16,4,3,0,1,0,0.8880597014925373,0.8880597014925373
14,134,120,2025,10,10,17,4,3,0,1,0,0.8955223880597015,0.8955223880597015
23,134,111,2025,10,10,17,4,3,0,1,0,0.8283582089552238,0.8283582089552238
27,134,107,2025,10,10,18,4,3,0,1,0,0.7985074626865671,0.7985074626865671
29,134,105,2025,10,10,18,4,3,0,1,0,0.7835820895522388,0.7835820895522388
29,134,105,2025,10,10,19,4,3,0,1,0,0.7835820895522388,0.7835820895522388
34,134,100,2025,10,10,19,4,3,0,1,0,0.746268656716418,0.746268656716418
39,134,95,2025,10,10,20,4,3,0,1,0,0.7089552238805971,0.7089552238805971
42,134,92,2025,10,10,20,4,3,0,1,0,0.6865671641791045,0.6865671641791045
44,134,90,2025,10,10,21,4,3,0,1,0,0.6716417910447762,0.6716417910447762
52,134,82,2025,10,10,22,4,3,0,1,0,0.6119402985074627,0.6119402985074627
57,134,77,2025,10,10,22,4,3,0,1,0,0.5746268656716418,0.5746268656716418
60,134,74,2025,10,10,23,4,3,0,1,0,0.5522388059701493,0.5522388059701493
61,134,73,2025,10,10,23,4,3,0,1,0,0.5447761194029851,0.5447761194029851
133,134,1,2025,10,11,6,5,3,0,1,0,0.007462686567164179,0.007462686567164179
133,134,1,2025,10,11,6,5,3,0,1,0,0.007462686567164179,0.007462686567164179
133,134,1,2025,10,11,7,5,3,0,1,0,0.007462686567164179,0.007462686567164179
131,134,3,2025,10,11,7,5,3,0,1,0,0.022388059701492536,0.022388059701492536
130,134,4,2025,10,11,8,5,3,0,1,0,0.029850746268656716,0.029850746268656716
126,134,8,2025,10,11,8,5,3,0,1,0,0.05970149253731343,0.05970149253731343
121,134,13,2025,10,11,9,5,3,0,1,0,0.09701492537313433,0.09701492537313433
120,134,14,2025,10,11,10,5,3,0,1,0,0.1044776119402985,0.1044776119402985
115,134,19,2025,10,11,11,5,3,0,1,0,0.1417910447761194,0.1417910447761194
106,134,28,2025,10,11,12,5,3,0,1,0,0.208955223880597,0.208955223880597
99,134,35,2025,10,11,12,5,3,0,1,0,0.26119402985074625,0.26119402985074625
87,134,47,2025,10,11,13,5,3,0,1,0,0.35074626865671643,0.35074626865671643
81,134,53,2025,10,11,13,5,3,0,1,0,0.39552238805970147,0.39552238805970147
56,134,78,2025,10,11,14,5,3,0,1,0,0.582089552238806,0.582089552238806
46,134,88,2025,10,11,14,5,3,0,1,0,0.6567164179104478,0.6567164179104478
21,134,113,2025,10,11,15,5,3,0,1,0,0.8432835820895522,0.8432835820895522
13,134,121,2025,10,11,15,5,3,0,1,0,0.9029850746268657,0.9029850746268657
6,134,128,2025,10,11,16,5,3,0,1,0,0.9552238805970149,0.9552238805970149
1,134,133,2025,10,11,16,5,3,0,1,0,0.9925373134328358,0.9925373134328358
5,134,129,2025,10,11,17,5,3,0,1,0,0.9626865671641791,0.9626865671641791
4,134,130,2025,10,11,17,5,3,0,1,0,0.9701492537313433,0.9701492537313433
0,134,134,2025,10,11,18,5,3,0,1,0,1.0,1.0
1,134,133,2025,10,11,18,5,3,0,1,0,0.9925373134328358,0.9925373134328358
4,134,130,2025,10,11,19,5,3,0,1,0,0.9701492537313433,0.9701492537313433
4,134,130,2025,10,11,19,5,3,0,1,0,0.9701492537313433,0.9701492537313433
8,134,126,2025,10,11,20,5,3,0,1,0,0.9402985074626866,0.9402985074626866
9,134,125,2025,10,11,20,5,3,0,1,0,0.9328358208955224,0.9328358208955224
14,134,120,2025,10,11,21,5,3,0,1,0,0.8955223880597015,0.8955223880597015
24,134,110,2025,10,11,22,5,3,0,1,0,0.8208955223880597,0.8208955223880597
30,134,104,2025,10,11,22,5,3,0,1,0,0.7761194029850746,0.7761194029850746
40,134,94,2025,10,11,23,5,3,0,1,0,0.7014925373134329,0.7014925373134329
50,134,84,2025,10,11,23,5,3,0,1,0,0.6268656716417911,0.6268656716417911
132,134,2,2025,10,12,6,6,3,0,1,0,0.014925373134328358,0.014925373134328358
132,134,2,2025,10,12,6,6,3,0,1,0,0.014925373134328358,0.014925373134328358
132,134,2,2025,10,12,7,6,3,0,1,0,0.014925373134328358,0.014925373134328358
131,134,3,2025,10,12,7,6,3,0,1,0,0.022388059701492536,0.022388059701492536
130,134,4,2025,10,12,8,6,3,0,1,0,0.029850746268656716,0.029850746268656716
128,134,6,2025,10,12,8,6,3,0,1,0,0.04477611940298507,0.04477611940298507
124,134,10,2025,10,12,10,6,3,0,1,0,0.07462686567164178,0.07462686567164178
120,134,14,2025,10,12,10,6,3,0,1,0,0.1044776119402985,0.1044776119402985
102,134,32,2025,10,12,11,6,3,0,1,0,0.23880597014925373,0.23880597014925373
92,134,42,2025,10,12,12,6,3,0,1,0,0.31343283582089554,0.31343283582089554
60,134,74,2025,10,12,13,6,3,0,1,0,0.5522388059701493,0.5522388059701493
50,134,84,2025,10,12,13,6,3,0,1,0,0.6268656716417911,0.6268656716417911
26,134,108,2025,10,12,14,6,3,0,1,0,0.8059701492537313,0.8059701492537313
4,134,130,2025,10,12,14,6,3,0,1,0,0.9701492537313433,0.9701492537313433
2,134,132,2025,10,12,15,6,3,0,1,0,0.9850746268656716,0.9850746268656716
0,134,134,2025,10,12,15,6,3,0,1,0,1.0,1.0
2,134,132,2025,10,12,16,6,3,0,1,0,0.9850746268656716,0.9850746268656716
5,134,129,2025,10,12,16,6,3,0,1,0,0.9626865671641791,0.9626865671641791
4,134,130,2025,10,12,17,6,3,0,1,0,0.9701492537313433,0.9701492537313433
4,134,130,2025,10,12,17,6,3,0,1,0,0.9701492537313433,0.9701492537313433
0,134,134,2025,10,12,18,6,3,0,1,0,1.0,1.0
6,134,128,2025,10,12,18,6,3,0,1,0,0.9552238805970149,0.9552238805970149
2,134,132,2025,10,12,19,6,3,0,1,0,0.9850746268656716,0.9850746268656716
3,134,131,2025,10,12,19,6,3,0,1,0,0.9776119402985075,0.9776119402985075
11,134,123,2025,10,12,20,6,3,0,1,0,0.917910447761194,0.917910447761194
15,134,119,2025,10,12,20,6,3,0,1,0,0.8880597014925373,0.8880597014925373
13,134,121,2025,10,12,21,6,3,0,1,0,0.9029850746268657,0.9029850746268657
27,134,107,2025,10,12,22,6,3,0,1,0,0.7985074626865671,0.7985074626865671
28,134,106,2025,10,12,22,6,3,0,1,0,0.7910447761194029,0.7910447761194029
43,134,91,2025,10,12,23,6,3,0,1,0,0.6791044776119403,0.6791044776119403
58,134,76,2025,10,12,23,6,3,0,1,0,0.5671641791044776,0.5671641791044776
133,134,1,2025,10,13,6,0,3,0,0,1,0.007462686567164179,0.007462686567164179
134,134,0,2025,10,13,6,0,3,0,0,1,0.0,0.0
133,134,1,2025,10,13,7,0,3,0,0,1,0.007462686567164179,0.007462686567164179
132,134,2,2025,10,13,7,0,3,0,0,1,0.014925373134328358,0.014925373134328358
128,134,6,2025,10,13,8,0,3,0,0,1,0.04477611940298507,0.04477611940298507
121,134,13,2025,10,13,8,0,3,0,0,1,0.09701492537313433,0.09701492537313433
84,134,50,2025,10,13,10,0,3,0,0,1,0.373134328358209,0.373134328358209
57,134,77,2025,10,13,11,0,3,0,0,1,0.5746268656716418,0.5746268656716418
38,134,96,2025,10,13,12,0,3,0,0,1,0.7164179104477612,0.7164179104477612
17,134,117,2025,10,13,13,0,3,0,0,1,0.8731343283582089,0.8731343283582089
11,134,123,2025,10,13,13,0,3,0,0,1,0.917910447761194,0.917910447761194
8,134,126,2025,10,13,14,0,3,0,0,1,0.9402985074626866,0.9402985074626866
0,134,134,2025,10,13,14,0,3,0,0,1,1.0,1.0
0,134,134,2025,10,13,15,0,3,0,0,1,1.0,1.0
1,134,133,2025,10,13,15,0,3,0,0,1,0.9925373134328358,0.9925373134328358
0,134,134,2025,10,13,16,0,3,0,0,1,1.0,1.0
0,134,134,2025,10,13,16,0,3,0,0,1,1.0,1.0
0,134,134,2025,10,13,17,0,3,0,0,1,1.0,1.0
0,134,134,2025,10,13,17,0,3,0,0,1,1.0,1.0
1,134,133,2025,10,13,18,0,3,0,0,1,0.9925373134328358,0.9925373134328358
0,134,134,2025,10,13,18,0,3,0,0,1,1.0,1.0
0,134,134,2025,10,13,19,0,3,0,0,1,1.0,1.0
0,134,134,2025,10,13,19,0,3,0,0,1,1.0,1.0
0,134,134,2025,10,13,20,0,3,0,0,1,1.0,1.0
1,134,133,2025,10,13,20,0,3,0,0,1,0.9925373134328358,0.9925373134328358
6,134,128,2025,10,13,21,0,3,0,0,1,0.9552238805970149,0.9552238805970149
7,134,127,2025,10,13,21,0,3,0,0,1,0.9477611940298507,0.9477611940298507
12,134,122,2025,10,13,22,0,3,0,0,1,0.9104477611940298,0.9104477611940298
19,134,115,2025,10,13,22,0,3,0,0,1,0.8582089552238806,0.8582089552238806
26,134,108,2025,10,13,23,0,3,0,0,1,0.8059701492537313,0.8059701492537313
39,134,95,2025,10,13,23,0,3,0,0,1,0.7089552238805971,0.7089552238805971
131,134,3,2025,10,14,6,1,3,0,0,1,0.022388059701492536,0.022388059701492536
132,134,2,2025,10,14,6,1,3,0,0,1,0.014925373134328358,0.014925373134328358
131,134,3,2025,10,14,7,1,3,0,0,1,0.022388059701492536,0.022388059701492536
128,134,6,2025,10,14,7,1,3,0,0,1,0.04477611940298507,0.04477611940298507
126,134,8,2025,10,14,8,1,3,0,0,1,0.05970149253731343,0.05970149253731343
114,134,20,2025,10,14,8,1,3,0,0,1,0.14925373134328357,0.14925373134328357
107,134,27,2025,10,14,9,1,3,0,0,1,0.20149253731343283,0.20149253731343283
102,134,32,2025,10,14,9,1,3,0,0,1,0.23880597014925373,0.23880597014925373
98,134,36,2025,10,14,10,1,3,0,0,1,0.26865671641791045,0.26865671641791045
87,134,47,2025,10,14,10,1,3,0,0,1,0.35074626865671643,0.35074626865671643
45,134,89,2025,10,14,11,1,3,0,0,1,0.664179104477612,0.664179104477612
32,134,102,2025,10,14,11,1,3,0,0,1,0.7611940298507462,0.7611940298507462
3,134,131,2025,10,14,12,1,3,0,0,1,0.9776119402985075,0.9776119402985075
0,134,134,2025,10,14,13,1,3,0,0,1,1.0,1.0
0,134,134,2025,10,14,13,1,3,0,0,1,1.0,1.0
0,134,134,2025,10,14,14,1,3,0,0,1,1.0,1.0
0,134,134,2025,10,14,14,1,3,0,0,1,1.0,1.0
0,134,134,2025,10,14,15,1,3,0,0,1,1.0,1.0
0,134,134,2025,10,14,15,1,3,0,0,1,1.0,1.0
0,134,134,2025,10,14,16,1,3,0,0,1,1.0,1.0
1,134,133,2025,10,14,16,1,3,0,0,1,0.9925373134328358,0.9925373134328358
0,134,134,2025,10,14,17,1,3,0,0,1,1.0,1.0
0,134,134,2025,10,14,17,1,3,0,0,1,1.0,1.0
0,134,134,2025,10,14,18,1,3,0,0,1,1.0,1.0
0,134,134,2025,10,14,18,1,3,0,0,1,1.0,1.0
0,134,134,2025,10,14,19,1,3,0,0,1,1.0,1.0
0,134,134,2025,10,14,19,1,3,0,0,1,1.0,1.0
0,134,134,2025,10,14,20,1,3,0,0,1,1.0,1.0
0,134,134,2025,10,14,20,1,3,0,0,1,1.0,1.0
0,134,134,2025,10,14,21,1,3,0,0,1,1.0,1.0
12,134,122,2025,10,14,22,1,3,0,0,1,0.9104477611940298,0.9104477611940298
12,134,122,2025,10,14,22,1,3,0,0,1,0.9104477611940298,0.9104477611940298
15,134,119,2025,10,14,23,1,3,0,0,1,0.8880597014925373,0.8880597014925373
28,134,106,2025,10,14,23,1,3,0,0,1,0.7910447761194029,0.7910447761194029
131,134,3,2025,10,15,6,2,3,0,0,1,0.022388059701492536,0.022388059701492536
132,134,2,2025,10,15,6,2,3,0,0,1,0.014925373134328358,0.014925373134328358
130,134,4,2025,10,15,7,2,3,0,0,1,0.029850746268656716,0.029850746268656716
128,134,6,2025,10,15,7,2,3,0,0,1,0.04477611940298507,0.04477611940298507
116,134,18,2025,10,15,8,2,3,0,0,1,0.13432835820895522,0.13432835820895522
109,134,25,2025,10,15,8,2,3,0,0,1,0.1865671641791045,0.1865671641791045
60,134,74,2025,10,15,10,2,3,0,0,1,0.5522388059701493,0.5522388059701493
0,134,134,2025,10,15,11,2,3,0,0,1,1.0,1.0
0,134,134,2025,10,15,12,2,3,0,0,1,1.0,1.0
0,134,134,2025,10,15,13,2,3,0,0,1,1.0,1.0
0,134,134,2025,10,15,13,2,3,0,0,1,1.0,1.0
0,134,134,2025,10,15,14,2,3,0,0,1,1.0,1.0
0,134,134,2025,10,15,14,2,3,0,0,1,1.0,1.0
0,134,134,2025,10,15,15,2,3,0,0,1,1.0,1.0
0,134,134,2025,10,15,15,2,3,0,0,1,1.0,1.0
0,134,134,2025,10,15,16,2,3,0,0,1,1.0,1.0
0,134,134,2025,10,15,16,2,3,0,0,1,1.0,1.0
0,134,134,2025,10,15,17,2,3,0,0,1,1.0,1.0
0,134,134,2025,10,15,17,2,3,0,0,1,1.0,1.0
0,134,134,2025,10,15,18,2,3,0,0,1,1.0,1.0
0,134,134,2025,10,15,18,2,3,0,0,1,1.0,1.0
0,134,134,2025,10,15,19,2,3,0,0,1,1.0,1.0
1,134,133,2025,10,15,19,2,3,0,0,1,0.9925373134328358,0.9925373134328358
0,134,134,2025,10,15,20,2,3,0,0,1,1.0,1.0
0,134,134,2025,10,15,20,2,3,0,0,1,1.0,1.0
0,134,134,2025,10,15,21,2,3,0,0,1,1.0,1.0
9,134,125,2025,10,15,22,2,3,0,0,1,0.9328358208955224,0.9328358208955224
23,134,111,2025,10,15,23,2,3,0,0,1,0.8283582089552238,0.8283582089552238
36,134,98,2025,10,15,23,2,3,0,0,1,0.7313432835820896,0.7313432835820896
128,134,6,2025,10,16,6,3,3,0,0,1,0.04477611940298507,0.04477611940298507
126,134,8,2025,10,16,6,3,3,0,0,1,0.05970149253731343,0.05970149253731343
125,134,9,2025,10,16,7,3,3,0,0,1,0.06716417910447761,0.06716417910447761
123,134,11,2025,10,16,7,3,3,0,0,1,0.08208955223880597,0.08208955223880597
122,134,12,2025,10,16,8,3,3,0,0,1,0.08955223880597014,0.08955223880597014
116,134,18,2025,10,16,8,3,3,0,0,1,0.13432835820895522,0.13432835820895522
81,134,53,2025,10,16,10,3,3,0,0,1,0.39552238805970147,0.39552238805970147
53,134,81,2025,10,16,10,3,3,0,0,1,0.6044776119402985,0.6044776119402985
0,134,134,2025,10,16,11,3,3,0,0,1,1.0,1.0
0,134,134,2025,10,16,12,3,3,0,0,1,1.0,1.0
0,134,134,2025,10,16,13,3,3,0,0,1,1.0,1.0
1,134,133,2025,10,16,13,3,3,0,0,1,0.9925373134328358,0.9925373134328358
0,134,134,2025,10,16,14,3,3,0,0,1,1.0,1.0
1,134,133,2025,10,16,14,3,3,0,0,1,0.9925373134328358,0.9925373134328358
0,134,134,2025,10,16,15,3,3,0,0,1,1.0,1.0
0,134,134,2025,10,16,15,3,3,0,0,1,1.0,1.0
4,134,130,2025,10,16,16,3,3,0,0,1,0.9701492537313433,0.9701492537313433
15,134,119,2025,10,16,17,3,3,0,0,1,0.8880597014925373,0.8880597014925373
45,134,89,2025,10,16,19,3,3,0,0,1,0.664179104477612,0.664179104477612
54,134,80,2025,10,16,19,3,3,0,0,1,0.5970149253731343,0.5970149253731343
64,134,70,2025,10,16,20,3,3,0,0,1,0.5223880597014925,0.5223880597014925
69,134,65,2025,10,16,20,3,3,0,0,1,0.48507462686567165,0.48507462686567165
76,134,58,2025,10,16,21,3,3,0,0,1,0.43283582089552236,0.43283582089552236
88,134,46,2025,10,16,22,3,3,0,0,1,0.34328358208955223,0.34328358208955223
94,134,40,2025,10,16,22,3,3,0,0,1,0.29850746268656714,0.29850746268656714
100,134,34,2025,10,16,23,3,3,0,0,1,0.2537313432835821,0.2537313432835821
106,134,28,2025,10,16,23,3,3,0,0,1,0.208955223880597,0.208955223880597
134,134,0,2025,10,17,6,4,3,0,0,0,0.0,0.0
134,134,0,2025,10,17,6,4,3,0,0,0,0.0,0.0
134,134,0,2025,10,17,7,4,3,0,0,0,0.0,0.0
134,134,0,2025,10,17,7,4,3,0,0,0,0.0,0.0
134,134,0,2025,10,17,8,4,3,0,0,0,0.0,0.0
134,134,0,2025,10,17,8,4,3,0,0,0,0.0,0.0
83,134,51,2025,10,17,10,4,3,0,0,0,0.3805970149253731,0.3805970149253731
5,134,129,2025,10,17,11,4,3,0,0,0,0.9626865671641791,0.9626865671641791
0,134,134,2025,10,17,12,4,3,0,0,0,1.0,1.0
1,134,133,2025,10,17,13,4,3,0,0,0,0.9925373134328358,0.9925373134328358
0,134,134,2025,10,17,13,4,3,0,0,0,1.0,1.0
0,134,134,2025,10,17,14,4,3,0,0,0,1.0,1.0
0,134,134,2025,10,17,14,4,3,0,0,0,1.0,1.0
0,134,134,2025,10,17,15,4,3,0,0,0,1.0,1.0
0,134,134,2025,10,17,15,4,3,0,0,0,1.0,1.0
0,134,134,2025,10,17,16,4,3,0,0,0,1.0,1.0
0,134,134,2025,10,17,16,4,3,0,0,0,1.0,1.0
1,134,133,2025,10,17,17,4,3,0,0,0,0.9925373134328358,0.9925373134328358
0,134,134,2025,10,17,17,4,3,0,0,0,1.0,1.0
0,134,134,2025,10,17,18,4,3,0,0,0,1.0,1.0
1,134,133,2025,10,17,18,4,3,0,0,0,0.9925373134328358,0.9925373134328358
0,134,134,2025,10,17,19,4,3,0,0,0,1.0,1.0
2,134,132,2025,10,17,19,4,3,0,0,0,0.9850746268656716,0.9850746268656716
0,134,134,2025,10,17,20,4,3,0,0,0,1.0,1.0
0,134,134,2025,10,17,20,4,3,0,0,0,1.0,1.0
1,134,133,2025,10,17,21,4,3,0,0,0,0.9925373134328358,0.9925373134328358
8,134,126,2025,10,17,22,4,3,0,0,0,0.9402985074626866,0.9402985074626866
15,134,119,2025,10,17,22,4,3,0,0,0,0.8880597014925373,0.8880597014925373
20,134,114,2025,10,17,23,4,3,0,0,0,0.8507462686567164,0.8507462686567164
29,134,105,2025,10,17,23,4,3,0,0,0,0.7835820895522388,0.7835820895522388
124,134,10,2025,10,18,6,5,3,0,0,0,0.07462686567164178,0.07462686567164178
123,134,11,2025,10,18,6,5,3,0,0,0,0.08208955223880597,0.08208955223880597
122,134,12,2025,10,18,7,5,3,0,0,0,0.08955223880597014,0.08955223880597014
118,134,16,2025,10,18,7,5,3,0,0,0,0.11940298507462686,0.11940298507462686
115,134,19,2025,10,18,8,5,3,0,0,0,0.1417910447761194,0.1417910447761194
107,134,27,2025,10,18,8,5,3,0,0,0,0.20149253731343283,0.20149253731343283
71,134,63,2025,10,18,10,5,3,0,0,0,0.4701492537313433,0.4701492537313433
47,134,87,2025,10,18,11,5,3,0,0,0,0.6492537313432836,0.6492537313432836
7,134,127,2025,10,18,12,5,3,0,0,0,0.9477611940298507,0.9477611940298507
0,134,134,2025,10,18,12,5,3,0,0,0,1.0,1.0
1,134,133,2025,10,18,13,5,3,0,0,0,0.9925373134328358,0.9925373134328358
0,134,134,2025,10,18,13,5,3,0,0,0,1.0,1.0
0,134,134,2025,10,18,14,5,3,0,0,0,1.0,1.0
0,134,134,2025,10,18,14,5,3,0,0,0,1.0,1.0
0,134,134,2025,10,18,15,5,3,0,0,0,1.0,1.0
0,134,134,2025,10,18,15,5,3,0,0,0,1.0,1.0
0,134,134,2025,10,18,16,5,3,0,0,0,1.0,1.0
1,134,133,2025,10,18,16,5,3,0,0,0,0.9925373134328358,0.9925373134328358
0,134,134,2025,10,18,17,5,3,0,0,0,1.0,1.0
0,134,134,2025,10,18,17,5,3,0,0,0,1.0,1.0
0,134,134,2025,10,18,18,5,3,0,0,0,1.0,1.0
0,134,134,2025,10,18,18,5,3,0,0,0,1.0,1.0
0,134,134,2025,10,18,19,5,3,0,0,0,1.0,1.0
0,134,134,2025,10,18,19,5,3,0,0,0,1.0,1.0
0,134,134,2025,10,18,20,5,3,0,0,0,1.0,1.0
1,134,133,2025,10,18,20,5,3,0,0,0,0.9925373134328358,0.9925373134328358
2,134,132,2025,10,18,21,5,3,0,0,0,0.9850746268656716,0.9850746268656716
3,134,131,2025,10,18,22,5,3,0,0,0,0.9776119402985075,0.9776119402985075
9,134,125,2025,10,18,22,5,3,0,0,0,0.9328358208955224,0.9328358208955224
18,134,116,2025,10,18,23,5,3,0,0,0,0.8656716417910447,0.8656716417910447
25,134,109,2025,10,18,23,5,3,0,0,0,0.8134328358208955,0.8134328358208955
121,134,13,2025,10,19,6,6,3,0,0,0,0.09701492537313433,0.09701492537313433
121,134,13,2025,10,19,6,6,3,0,0,0,0.09701492537313433,0.09701492537313433
121,134,13,2025,10,19,7,6,3,0,0,0,0.09701492537313433,0.09701492537313433
121,134,13,2025,10,19,7,6,3,0,0,0,0.09701492537313433,0.09701492537313433
116,134,18,2025,10,19,8,6,3,0,0,0,0.13432835820895522,0.13432835820895522
113,134,21,2025,10,19,8,6,3,0,0,0,0.15671641791044777,0.15671641791044777
55,134,79,2025,10,19,10,6,3,0,0,0,0.5895522388059702,0.5895522388059702
0,134,134,2025,10,19,12,6,3,0,0,0,1.0,1.0
0,134,134,2025,10,19,12,6,3,0,0,0,1.0,1.0
0,134,134,2025,10,19,13,6,3,0,0,0,1.0,1.0
0,134,134,2025,10,19,14,6,3,0,0,0,1.0,1.0
0,134,134,2025,10,19,14,6,3,0,0,0,1.0,1.0
0,134,134,2025,10,19,15,6,3,0,0,0,1.0,1.0
0,134,134,2025,10,19,15,6,3,0,0,0,1.0,1.0
0,134,134,2025,10,19,16,6,3,0,0,0,1.0,1.0
0,134,134,2025,10,19,16,6,3,0,0,0,1.0,1.0
0,134,134,2025,10,19,17,6,3,0,0,0,1.0,1.0
0,134,134,2025,10,19,17,6,3,0,0,0,1.0,1.0
0,134,134,2025,10,19,18,6,3,0,0,0,1.0,1.0
0,134,134,2025,10,19,18,6,3,0,0,0,1.0,1.0
0,134,134,2025,10,19,19,6,3,0,0,0,1.0,1.0
0,134,134,2025,10,19,19,6,3,0,0,0,1.0,1.0
0,134,134,2025,10,19,20,6,3,0,0,0,1.0,1.0
0,134,134,2025,10,19,20,6,3,0,0,0,1.0,1.0
0,134,134,2025,10,19,21,6,3,0,0,0,1.0,1.0
2,134,132,2025,10,19,22,6,3,0,0,0,0.9850746268656716,0.9850746268656716
1,134,133,2025,10,19,22,6,3,0,0,0,0.9925373134328358,0.9925373134328358
9,134,125,2025,10,19,23,6,3,0,0,0,0.9328358208955224,0.9328358208955224
16,134,118,2025,10,19,23,6,3,0,0,0,0.8805970149253731,0.8805970149253731
121,134,13,2025,10,20,6,0,3,0,0,0,0.09701492537313433,0.09701492537313433
119,134,15,2025,10,20,6,0,3,0,0,0,0.11194029850746269,0.11194029850746269
118,134,16,2025,10,20,7,0,3,0,0,0,0.11940298507462686,0.11940298507462686
111,134,23,2025,10,20,7,0,3,0,0,0,0.17164179104477612,0.17164179104477612
94,134,40,2025,10,20,8,0,3,0,0,0,0.29850746268656714,0.29850746268656714
84,134,50,2025,10,20,8,0,3,0,0,0,0.373134328358209,0.373134328358209
0,134,134,2025,10,20,10,0,3,0,0,0,1.0,1.0
0,134,134,2025,10,20,12,0,3,0,0,0,1.0,1.0
0,134,134,2025,10,20,12,0,3,0,0,0,1.0,1.0
0,134,134,2025,10,20,13,0,3,0,0,0,1.0,1.0
0,134,134,2025,10,20,14,0,3,0,0,0,1.0,1.0
0,134,134,2025,10,20,14,0,3,0,0,0,1.0,1.0
0,134,134,2025,10,20,15,0,3,0,0,0,1.0,1.0
0,134,134,2025,10,20,15,0,3,0,0,0,1.0,1.0
0,134,134,2025,10,20,16,0,3,0,0,0,1.0,1.0
0,134,134,2025,10,20,16,0,3,0,0,0,1.0,1.0
0,134,134,2025,10,20,17,0,3,0,0,0,1.0,1.0
0,134,134,2025,10,20,17,0,3,0,0,0,1.0,1.0
0,134,134,2025,10,20,18,0,3,0,0,0,1.0,1.0
0,134,134,2025,10,20,18,0,3,0,0,0,1.0,1.0
0,134,134,2025,10,20,19,0,3,0,0,0,1.0,1.0
0,134,134,2025,10,20,19,0,3,0,0,0,1.0,1.0
0,134,134,2025,10,20,20,0,3,0,0,0,1.0,1.0
0,134,134,2025,10,20,20,0,3,0,0,0,1.0,1.0
0,134,134,2025,10,20,21,0,3,0,0,0,1.0,1.0
4,134,130,2025,10,20,22,0,3,0,0,0,0.9701492537313433,0.9701492537313433
6,134,128,2025,10,20,22,0,3,0,0,0,0.9552238805970149,0.9552238805970149
5,134,129,2025,10,20,23,0,3,0,0,0,0.9626865671641791,0.9626865671641791
16,134,118,2025,10,20,23,0,3,0,0,0,0.8805970149253731,0.8805970149253731
123,134,11,2025,10,21,6,1,3,0,0,0,0.08208955223880597,0.08208955223880597
122,134,12,2025,10,21,6,1,3,0,0,0,0.08955223880597014,0.08955223880597014
114,134,20,2025,10,21,7,1,3,0,0,0,0.14925373134328357,0.14925373134328357
100,134,34,2025,10,21,7,1,3,0,0,0,0.2537313432835821,0.2537313432835821
87,134,47,2025,10,21,8,1,3,0,0,0,0.35074626865671643,0.35074626865671643
73,134,61,2025,10,21,8,1,3,0,0,0,0.4552238805970149,0.4552238805970149
0,134,134,2025,10,21,10,1,3,0,0,0,1.0,1.0
0,134,134,2025,10,21,11,1,3,0,0,0,1.0,1.0
0,134,134,2025,10,21,12,1,3,0,0,0,1.0,1.0
0,134,134,2025,10,21,13,1,3,0,0,0,1.0,1.0
1,134,133,2025,10,21,13,1,3,0,0,0,0.9925373134328358,0.9925373134328358
0,134,134,2025,10,21,14,1,3,0,0,0,1.0,1.0
0,134,134,2025,10,21,14,1,3,0,0,0,1.0,1.0
0,134,134,2025,10,21,15,1,3,0,0,0,1.0,1.0
0,134,134,2025,10,21,15,1,3,0,0,0,1.0,1.0
0,134,134,2025,10,21,16,1,3,0,0,0,1.0,1.0
0,134,134,2025,10,21,16,1,3,0,0,0,1.0,1.0
0,134,134,2025,10,21,17,1,3,0,0,0,1.0,1.0
0,134,134,2025,10,21,17,1,3,0,0,0,1.0,1.0
0,134,134,2025,10,21,18,1,3,0,0,0,1.0,1.0
0,134,134,2025,10,21,18,1,3,0,0,0,1.0,1.0
0,134,134,2025,10,21,19,1,3,0,0,0,1.0,1.0
0,134,134,2025,10,21,19,1,3,0,0,0,1.0,1.0
0,134,134,2025,10,21,20,1,3,0,0,0,1.0,1.0
0,134,134,2025,10,21,20,1,3,0,0,0,1.0,1.0
1,134,133,2025,10,21,21,1,3,0,0,0,0.9925373134328358,0.9925373134328358
7,134,127,2025,10,21,22,1,3,0,0,0,0.9477611940298507,0.9477611940298507
19,134,115,2025,10,21,23,1,3,0,0,0,0.8582089552238806,0.8582089552238806
26,134,108,2025,10,21,23,1,3,0,0,0,0.8059701492537313,0.8059701492537313
119,134,15,2025,10,22,6,2,3,0,0,0,0.11194029850746269,0.11194029850746269
120,134,14,2025,10,22,6,2,3,0,0,0,0.1044776119402985,0.1044776119402985
116,134,18,2025,10,22,7,2,3,0,0,0,0.13432835820895522,0.13432835820895522
101,134,33,2025,10,22,7,2,3,0,0,0,0.2462686567164179,0.2462686567164179
83,134,51,2025,10,22,8,2,3,0,0,0,0.3805970149253731,0.3805970149253731
65,134,69,2025,10,22,8,2,3,0,0,0,0.5149253731343284,0.5149253731343284
18,134,116,2025,10,22,10,2,3,0,0,0,0.8656716417910447,0.8656716417910447
0,134,134,2025,10,22,11,2,3,0,0,0,1.0,1.0
2,134,132,2025,10,22,12,2,3,0,0,0,0.9850746268656716,0.9850746268656716
1,134,133,2025,10,22,13,2,3,0,0,0,0.9925373134328358,0.9925373134328358
0,134,134,2025,10,22,13,2,3,0,0,0,1.0,1.0
1,134,133,2025,10,22,14,2,3,0,0,0,0.9925373134328358,0.9925373134328358
7,134,127,2025,10,22,14,2,3,0,0,0,0.9477611940298507,0.9477611940298507
1,134,133,2025,10,22,15,2,3,0,0,0,0.9925373134328358,0.9925373134328358
1,134,133,2025,10,22,15,2,3,0,0,0,0.9925373134328358,0.9925373134328358
6,134,128,2025,10,22,16,2,3,0,0,0,0.9552238805970149,0.9552238805970149
4,134,130,2025,10,22,16,2,3,0,0,0,0.9701492537313433,0.9701492537313433
0,134,134,2025,10,22,17,2,3,0,0,0,1.0,1.0
3,134,131,2025,10,22,17,2,3,0,0,0,0.9776119402985075,0.9776119402985075
0,134,134,2025,10,22,18,2,3,0,0,0,1.0,1.0
0,134,134,2025,10,22,18,2,3,0,0,0,1.0,1.0
3,134,131,2025,10,22,19,2,3,0,0,0,0.9776119402985075,0.9776119402985075
3,134,131,2025,10,22,19,2,3,0,0,0,0.9776119402985075,0.9776119402985075
0,134,134,2025,10,22,20,2,3,0,0,0,1.0,1.0
0,134,134,2025,10,22,20,2,3,0,0,0,1.0,1.0
0,134,134,2025,10,22,21,2,3,0,0,0,1.0,1.0
14,134,120,2025,10,22,22,2,3,0,0,0,0.8955223880597015,0.8955223880597015
24,134,110,2025,10,22,23,2,3,0,0,0,0.8208955223880597,0.8208955223880597
27,134,107,2025,10,22,23,2,3,0,0,0,0.7985074626865671,0.7985074626865671
111,134,23,2025,10,23,6,3,3,0,0,0,0.17164179104477612,0.17164179104477612
106,134,28,2025,10,23,6,3,3,0,0,0,0.208955223880597,0.208955223880597
106,134,28,2025,10,23,7,3,3,0,0,0,0.208955223880597,0.208955223880597
98,134,36,2025,10,23,7,3,3,0,0,0,0.26865671641791045,0.26865671641791045
88,134,46,2025,10,23,8,3,3,0,0,0,0.34328358208955223,0.34328358208955223
79,134,55,2025,10,23,8,3,3,0,0,0,0.41044776119402987,0.41044776119402987
73,134,61,2025,10,23,10,3,3,0,0,0,0.4552238805970149,0.4552238805970149
69,134,65,2025,10,23,11,3,3,0,0,0,0.48507462686567165,0.48507462686567165
63,134,71,2025,10,23,12,3,3,0,0,0,0.5298507462686567,0.5298507462686567
65,134,69,2025,10,23,13,3,3,0,0,0,0.5149253731343284,0.5149253731343284
66,134,68,2025,10,23,13,3,3,0,0,0,0.5074626865671642,0.5074626865671642
63,134,71,2025,10,23,14,3,3,0,0,0,0.5298507462686567,0.5298507462686567
64,134,70,2025,10,23,14,3,3,0,0,0,0.5223880597014925,0.5223880597014925
68,134,66,2025,10,23,15,3,3,0,0,0,0.4925373134328358,0.4925373134328358
64,134,70,2025,10,23,15,3,3,0,0,0,0.5223880597014925,0.5223880597014925
68,134,66,2025,10,23,16,3,3,0,0,0,0.4925373134328358,0.4925373134328358
63,134,71,2025,10,23,16,3,3,0,0,0,0.5298507462686567,0.5298507462686567
66,134,68,2025,10,23,17,3,3,0,0,0,0.5074626865671642,0.5074626865671642
66,134,68,2025,10,23,17,3,3,0,0,0,0.5074626865671642,0.5074626865671642
65,134,69,2025,10,23,18,3,3,0,0,0,0.5149253731343284,0.5149253731343284
66,134,68,2025,10,23,18,3,3,0,0,0,0.5074626865671642,0.5074626865671642
62,134,72,2025,10,23,19,3,3,0,0,0,0.5373134328358209,0.5373134328358209
57,134,77,2025,10,23,19,3,3,0,0,0,0.5746268656716418,0.5746268656716418
55,134,79,2025,10,23,20,3,3,0,0,0,0.5895522388059702,0.5895522388059702
50,134,84,2025,10,23,20,3,3,0,0,0,0.6268656716417911,0.6268656716417911
51,134,83,2025,10,23,21,3,3,0,0,0,0.6194029850746269,0.6194029850746269
60,134,74,2025,10,23,22,3,3,0,0,0,0.5522388059701493,0.5522388059701493
70,134,64,2025,10,23,23,3,3,0,0,0,0.47761194029850745,0.47761194029850745
77,134,57,2025,10,23,23,3,3,0,0,0,0.4253731343283582,0.4253731343283582
124,134,10,2025,10,24,6,4,3,0,0,0,0.07462686567164178,0.07462686567164178
123,134,11,2025,10,24,6,4,3,0,0,0,0.08208955223880597,0.08208955223880597
121,134,13,2025,10,24,7,4,3,0,0,0,0.09701492537313433,0.09701492537313433
122,134,12,2025,10,24,7,4,3,0,0,0,0.08955223880597014,0.08955223880597014
120,134,14,2025,10,24,8,4,3,0,0,0,0.1044776119402985,0.1044776119402985
115,134,19,2025,10,24,8,4,3,0,0,0,0.1417910447761194,0.1417910447761194
114,134,20,2025,10,24,10,4,3,0,0,0,0.14925373134328357,0.14925373134328357
112,134,22,2025,10,24,11,4,3,0,0,0,0.16417910447761194,0.16417910447761194
110,134,24,2025,10,24,12,4,3,0,0,0,0.1791044776119403,0.1791044776119403
103,134,31,2025,10,24,13,4,3,0,0,0,0.23134328358208955,0.23134328358208955
105,134,29,2025,10,24,13,4,3,0,0,0,0.21641791044776118,0.21641791044776118
101,134,33,2025,10,24,14,4,3,0,0,0,0.2462686567164179,0.2462686567164179
103,134,31,2025,10,24,14,4,3,0,0,0,0.23134328358208955,0.23134328358208955
102,134,32,2025,10,24,15,4,3,0,0,0,0.23880597014925373,0.23880597014925373
101,134,33,2025,10,24,15,4,3,0,0,0,0.2462686567164179,0.2462686567164179
96,134,38,2025,10,24,16,4,3,0,0,0,0.2835820895522388,0.2835820895522388
94,134,40,2025,10,24,16,4,3,0,0,0,0.29850746268656714,0.29850746268656714
93,134,41,2025,10,24,17,4,3,0,0,0,0.30597014925373134,0.30597014925373134
93,134,41,2025,10,24,17,4,3,0,0,0,0.30597014925373134,0.30597014925373134
95,134,39,2025,10,24,18,4,3,0,0,0,0.291044776119403,0.291044776119403
93,134,41,2025,10,24,18,4,3,0,0,0,0.30597014925373134,0.30597014925373134
97,134,37,2025,10,24,19,4,3,0,0,0,0.27611940298507465,0.27611940298507465
103,134,31,2025,10,24,19,4,3,0,0,0,0.23134328358208955,0.23134328358208955
100,134,34,2025,10,24,20,4,3,0,0,0,0.2537313432835821,0.2537313432835821
100,134,34,2025,10,24,20,4,3,0,0,0,0.2537313432835821,0.2537313432835821
98,134,36,2025,10,24,21,4,3,0,0,0,0.26865671641791045,0.26865671641791045
102,134,32,2025,10,24,22,4,3,0,0,0,0.23880597014925373,0.23880597014925373
103,134,31,2025,10,24,22,4,3,0,0,0,0.23134328358208955,0.23134328358208955
110,134,24,2025,10,24,23,4,3,0,0,0,0.1791044776119403,0.1791044776119403
111,134,23,2025,10,24,23,4,3,0,0,0,0.17164179104477612,0.17164179104477612
131,134,3,2025,10,25,6,5,3,0,0,0,0.022388059701492536,0.022388059701492536
130,134,4,2025,10,25,6,5,3,0,0,0,0.029850746268656716,0.029850746268656716
131,134,3,2025,10,25,7,5,3,0,0,0,0.022388059701492536,0.022388059701492536
129,134,5,2025,10,25,7,5,3,0,0,0,0.03731343283582089,0.03731343283582089
128,134,6,2025,10,25,8,5,3,0,0,0,0.04477611940298507,0.04477611940298507
126,134,8,2025,10,25,8,5,3,0,0,0,0.05970149253731343,0.05970149253731343
118,134,16,2025,10,25,10,5,3,0,0,0,0.11940298507462686,0.11940298507462686
116,134,18,2025,10,25,11,5,3,0,0,0,0.13432835820895522,0.13432835820895522
114,134,20,2025,10,25,12,5,3,0,0,0,0.14925373134328357,0.14925373134328357
110,134,24,2025,10,25,13,5,3,0,0,0,0.1791044776119403,0.1791044776119403
110,134,24,2025,10,25,13,5,3,0,0,0,0.1791044776119403,0.1791044776119403
106,134,28,2025,10,25,14,5,3,0,0,0,0.208955223880597,0.208955223880597
104,134,30,2025,10,25,14,5,3,0,0,0,0.22388059701492538,0.22388059701492538
103,134,31,2025,10,25,15,5,3,0,0,0,0.23134328358208955,0.23134328358208955
102,134,32,2025,10,25,15,5,3,0,0,0,0.23880597014925373,0.23880597014925373
102,134,32,2025,10,25,16,5,3,0,0,0,0.23880597014925373,0.23880597014925373
98,134,36,2025,10,25,16,5,3,0,0,0,0.26865671641791045,0.26865671641791045
92,134,42,2025,10,25,17,5,3,0,0,0,0.31343283582089554,0.31343283582089554
91,134,43,2025,10,25,17,5,3,0,0,0,0.3208955223880597,0.3208955223880597
92,134,42,2025,10,25,18,5,3,0,0,0,0.31343283582089554,0.31343283582089554
92,134,42,2025,10,25,18,5,3,0,0,0,0.31343283582089554,0.31343283582089554
88,134,46,2025,10,25,19,5,3,0,0,0,0.34328358208955223,0.34328358208955223
86,134,48,2025,10,25,19,5,3,0,0,0,0.3582089552238806,0.3582089552238806
87,134,47,2025,10,25,20,5,3,0,0,0,0.35074626865671643,0.35074626865671643
91,134,43,2025,10,25,20,5,3,0,0,0,0.3208955223880597,0.3208955223880597
94,134,40,2025,10,25,21,5,3,0,0,0,0.29850746268656714,0.29850746268656714
99,134,35,2025,10,25,22,5,3,0,0,0,0.26119402985074625,0.26119402985074625
99,134,35,2025,10,25,22,5,3,0,0,0,0.26119402985074625,0.26119402985074625
105,134,29,2025,10,25,23,5,3,0,0,0,0.21641791044776118,0.21641791044776118
106,134,28,2025,10,25,23,5,3,0,0,0,0.208955223880597,0.208955223880597
134,134,0,2025,10,26,6,6,3,0,0,0,0.0,0.0
134,134,0,2025,10,26,6,6,3,0,0,0,0.0,0.0
134,134,0,2025,10,26,7,6,3,0,0,0,0.0,0.0
133,134,1,2025,10,26,7,6,3,0,0,0,0.007462686567164179,0.007462686567164179
133,134,1,2025,10,26,8,6,3,0,0,0,0.007462686567164179,0.007462686567164179
132,134,2,2025,10,26,8,6,3,0,0,0,0.014925373134328358,0.014925373134328358
117,134,17,2025,10,26,10,6,3,0,0,0,0.12686567164179105,0.12686567164179105
108,134,26,2025,10,26,11,6,3,0,0,0,0.19402985074626866,0.19402985074626866
103,134,31,2025,10,26,12,6,3,0,0,0,0.23134328358208955,0.23134328358208955
98,134,36,2025,10,26,13,6,3,0,0,0,0.26865671641791045,0.26865671641791045
94,134,40,2025,10,26,13,6,3,0,0,0,0.29850746268656714,0.29850746268656714
88,134,46,2025,10,26,14,6,3,0,0,0,0.34328358208955223,0.34328358208955223
85,134,49,2025,10,26,14,6,3,0,0,0,0.3656716417910448,0.3656716417910448
79,134,55,2025,10,26,15,6,3,0,0,0,0.41044776119402987,0.41044776119402987
76,134,58,2025,10,26,15,6,3,0,0,0,0.43283582089552236,0.43283582089552236
75,134,59,2025,10,26,16,6,3,0,0,0,0.44029850746268656,0.44029850746268656
75,134,59,2025,10,26,16,6,3,0,0,0,0.44029850746268656,0.44029850746268656
72,134,62,2025,10,26,17,6,3,0,0,0,0.4626865671641791,0.4626865671641791
72,134,62,2025,10,26,17,6,3,0,0,0,0.4626865671641791,0.4626865671641791
72,134,62,2025,10,26,18,6,3,0,0,0,0.4626865671641791,0.4626865671641791
70,134,64,2025,10,26,18,6,3,0,0,0,0.47761194029850745,0.47761194029850745
67,134,67,2025,10,26,19,6,3,0,0,0,0.5,0.5
66,134,68,2025,10,26,19,6,3,0,0,0,0.5074626865671642,0.5074626865671642
63,134,71,2025,10,26,20,6,3,0,0,0,0.5298507462686567,0.5298507462686567
67,134,67,2025,10,26,20,6,3,0,0,0,0.5,0.5
77,134,57,2025,10,26,21,6,3,0,0,0,0.4253731343283582,0.4253731343283582
87,134,47,2025,10,26,22,6,3,0,0,0,0.35074626865671643,0.35074626865671643
92,134,42,2025,10,26,22,6,3,0,0,0,0.31343283582089554,0.31343283582089554
94,134,40,2025,10,26,23,6,3,0,0,0,0.29850746268656714,0.29850746268656714
99,134,35,2025,10,26,23,6,3,0,0,0,0.26119402985074625,0.26119402985074625
129,134,5,2025,10,27,6,0,3,0,0,0,0.03731343283582089,0.03731343283582089
130,134,4,2025,10,27,6,0,3,0,0,0,0.029850746268656716,0.029850746268656716
128,134,6,2025,10,27,7,0,3,0,0,0,0.04477611940298507,0.04477611940298507
124,134,10,2025,10,27,7,0,3,0,0,0,0.07462686567164178,0.07462686567164178
119,134,15,2025,10,27,8,0,3,0,0,0,0.11194029850746269,0.11194029850746269
115,134,19,2025,10,27,8,0,3,0,0,0,0.1417910447761194,0.1417910447761194
103,134,31,2025,10,27,10,0,3,0,0,0,0.23134328358208955,0.23134328358208955
93,134,41,2025,10,27,12,0,3,0,0,0,0.30597014925373134,0.30597014925373134
94,134,40,2025,10,27,13,0,3,0,0,0,0.29850746268656714,0.29850746268656714
83,134,51,2025,10,27,13,0,3,0,0,0,0.3805970149253731,0.3805970149253731
74,134,60,2025,10,27,14,0,3,0,0,0,0.44776119402985076,0.44776119402985076
70,134,64,2025,10,27,14,0,3,0,0,0,0.47761194029850745,0.47761194029850745
68,134,66,2025,10,27,15,0,3,0,0,0,0.4925373134328358,0.4925373134328358
70,134,64,2025,10,27,16,0,3,0,0,0,0.47761194029850745,0.47761194029850745
66,134,68,2025,10,27,16,0,3,0,0,0,0.5074626865671642,0.5074626865671642
63,134,71,2025,10,27,17,0,3,0,0,0,0.5298507462686567,0.5298507462686567
59,134,75,2025,10,27,17,0,3,0,0,0,0.5597014925373134,0.5597014925373134
58,134,76,2025,10,27,18,0,3,0,0,0,0.5671641791044776,0.5671641791044776
61,134,73,2025,10,27,18,0,3,0,0,0,0.5447761194029851,0.5447761194029851
54,134,80,2025,10,27,19,0,3,0,0,0,0.5970149253731343,0.5970149253731343
58,134,76,2025,10,27,19,0,3,0,0,0,0.5671641791044776,0.5671641791044776
58,134,76,2025,10,27,20,0,3,0,0,0,0.5671641791044776,0.5671641791044776
61,134,73,2025,10,27,20,0,3,0,0,0,0.5447761194029851,0.5447761194029851
62,134,72,2025,10,27,21,0,3,0,0,0,0.5373134328358209,0.5373134328358209
67,134,67,2025,10,27,22,0,3,0,0,0,0.5,0.5
67,134,67,2025,10,27,23,0,3,0,0,0,0.5,0.5
76,134,58,2025,10,27,23,0,3,0,0,0,0.43283582089552236,0.43283582089552236
131,134,3,2025,10,28,6,1,3,0,0,0,0.022388059701492536,0.022388059701492536
133,134,1,2025,10,28,6,1,3,0,0,0,0.007462686567164179,0.007462686567164179
131,134,3,2025,10,28,7,1,3,0,0,0,0.022388059701492536,0.022388059701492536
126,134,8,2025,10,28,7,1,3,0,0,0,0.05970149253731343,0.05970149253731343
126,134,8,2025,10,28,8,1,3,0,0,0,0.05970149253731343,0.05970149253731343
124,134,10,2025,10,28,8,1,3,0,0,0,0.07462686567164178,0.07462686567164178
113,134,21,2025,10,28,10,1,3,0,0,0,0.15671641791044777,0.15671641791044777
107,134,27,2025,10,28,11,1,3,0,0,0,0.20149253731343283,0.20149253731343283
105,134,29,2025,10,28,12,1,3,0,0,0,0.21641791044776118,0.21641791044776118
104,134,30,2025,10,28,13,1,3,0,0,0,0.22388059701492538,0.22388059701492538
101,134,33,2025,10,28,13,1,3,0,0,0,0.2462686567164179,0.2462686567164179
96,134,38,2025,10,28,14,1,3,0,0,0,0.2835820895522388,0.2835820895522388
96,134,38,2025,10,28,14,1,3,0,0,0,0.2835820895522388,0.2835820895522388
92,134,42,2025,10,28,15,1,3,0,0,0,0.31343283582089554,0.31343283582089554
89,134,45,2025,10,28,15,1,3,0,0,0,0.3358208955223881,0.3358208955223881
83,134,51,2025,10,28,16,1,3,0,0,0,0.3805970149253731,0.3805970149253731
79,134,55,2025,10,28,16,1,3,0,0,0,0.41044776119402987,0.41044776119402987
68,134,66,2025,10,28,17,1,3,0,0,0,0.4925373134328358,0.4925373134328358
69,134,65,2025,10,28,17,1,3,0,0,0,0.48507462686567165,0.48507462686567165
62,134,72,2025,10,28,18,1,3,0,0,0,0.5373134328358209,0.5373134328358209
59,134,75,2025,10,28,18,1,3,0,0,0,0.5597014925373134,0.5597014925373134
55,134,79,2025,10,28,19,1,3,0,0,0,0.5895522388059702,0.5895522388059702
55,134,79,2025,10,28,19,1,3,0,0,0,0.5895522388059702,0.5895522388059702
53,134,81,2025,10,28,20,1,3,0,0,0,0.6044776119402985,0.6044776119402985
51,134,83,2025,10,28,20,1,3,0,0,0,0.6194029850746269,0.6194029850746269
53,134,81,2025,10,28,21,1,3,0,0,0,0.6044776119402985,0.6044776119402985
60,134,74,2025,10,28,22,1,3,0,0,0,0.5522388059701493,0.5522388059701493
56,134,78,2025,10,28,22,1,3,0,0,0,0.582089552238806,0.582089552238806
55,134,79,2025,10,28,23,1,3,0,0,0,0.5895522388059702,0.5895522388059702
58,134,76,2025,10,28,23,1,3,0,0,0,0.5671641791044776,0.5671641791044776
123,134,11,2025,10,29,6,2,3,0,0,0,0.08208955223880597,0.08208955223880597
126,134,8,2025,10,29,6,2,3,0,0,0,0.05970149253731343,0.05970149253731343
124,134,10,2025,10,29,7,2,3,0,0,0,0.07462686567164178,0.07462686567164178
125,134,9,2025,10,29,7,2,3,0,0,0,0.06716417910447761,0.06716417910447761
122,134,12,2025,10,29,8,2,3,0,0,0,0.08955223880597014,0.08955223880597014
115,134,19,2025,10,29,8,2,3,0,0,0,0.1417910447761194,0.1417910447761194
112,134,22,2025,10,29,9,2,3,0,0,0,0.16417910447761194,0.16417910447761194
111,134,23,2025,10,29,10,2,3,0,0,0,0.17164179104477612,0.17164179104477612
109,134,25,2025,10,29,10,2,3,0,0,0,0.1865671641791045,0.1865671641791045
99,134,35,2025,10,29,12,2,3,0,0,0,0.26119402985074625,0.26119402985074625
93,134,41,2025,10,29,12,2,3,0,0,0,0.30597014925373134,0.30597014925373134
87,134,47,2025,10,29,13,2,3,0,0,0,0.35074626865671643,0.35074626865671643
85,134,49,2025,10,29,14,2,3,0,0,0,0.3656716417910448,0.3656716417910448
85,134,49,2025,10,29,14,2,3,0,0,0,0.3656716417910448,0.3656716417910448
83,134,51,2025,10,29,15,2,3,0,0,0,0.3805970149253731,0.3805970149253731
80,134,54,2025,10,29,15,2,3,0,0,0,0.40298507462686567,0.40298507462686567
81,134,53,2025,10,29,16,2,3,0,0,0,0.39552238805970147,0.39552238805970147
82,134,52,2025,10,29,16,2,3,0,0,0,0.3880597014925373,0.3880597014925373
77,134,57,2025,10,29,17,2,3,0,0,0,0.4253731343283582,0.4253731343283582
75,134,59,2025,10,29,17,2,3,0,0,0,0.44029850746268656,0.44029850746268656
74,134,60,2025,10,29,18,2,3,0,0,0,0.44776119402985076,0.44776119402985076
74,134,60,2025,10,29,18,2,3,0,0,0,0.44776119402985076,0.44776119402985076
78,134,56,2025,10,29,19,2,3,0,0,0,0.417910447761194,0.417910447761194
70,134,64,2025,10,29,19,2,3,0,0,0,0.47761194029850745,0.47761194029850745
64,134,70,2025,10,29,20,2,3,0,0,0,0.5223880597014925,0.5223880597014925
60,134,74,2025,10,29,20,2,3,0,0,0,0.5522388059701493,0.5522388059701493
62,134,72,2025,10,29,21,2,3,0,0,0,0.5373134328358209,0.5373134328358209
61,134,73,2025,10,29,22,2,3,0,0,0,0.5447761194029851,0.5447761194029851
68,134,66,2025,10,29,23,2,3,0,0,0,0.4925373134328358,0.4925373134328358
77,134,57,2025,10,29,23,2,3,0,0,0,0.4253731343283582,0.4253731343283582
60,134,74,2025,10,30,0,3,3,0,0,0,0.5522388059701493,0.5522388059701493
62,134,72,2025,10,30,0,3,3,0,0,0,0.5373134328358209,0.5373134328358209
115,134,19,2025,10,30,6,3,3,0,0,0,0.1417910447761194,0.1417910447761194
112,134,22,2025,10,30,6,3,3,0,0,0,0.16417910447761194,0.16417910447761194
110,134,24,2025,10,30,7,3,3,0,0,0,0.1791044776119403,0.1791044776119403
111,134,23,2025,10,30,7,3,3,0,0,0,0.17164179104477612,0.17164179104477612
111,134,23,2025,10,30,8,3,3,0,0,0,0.17164179104477612,0.17164179104477612
110,134,24,2025,10,30,8,3,3,0,0,0,0.1791044776119403,0.1791044776119403
108,134,26,2025,10,30,9,3,3,0,0,0,0.19402985074626866,0.19402985074626866
106,134,28,2025,10,30,10,3,3,0,0,0,0.208955223880597,0.208955223880597
104,134,30,2025,10,30,10,3,3,0,0,0,0.22388059701492538,0.22388059701492538
100,134,34,2025,10,30,11,3,3,0,0,0,0.2537313432835821,0.2537313432835821
100,134,34,2025,10,30,11,3,3,0,0,0,0.2537313432835821,0.2537313432835821
101,134,33,2025,10,30,12,3,3,0,0,0,0.2462686567164179,0.2462686567164179
102,134,32,2025,10,30,13,3,3,0,0,0,0.23880597014925373,0.23880597014925373
99,134,35,2025,10,30,13,3,3,0,0,0,0.26119402985074625,0.26119402985074625
96,134,38,2025,10,30,14,3,3,0,0,0,0.2835820895522388,0.2835820895522388
96,134,38,2025,10,30,14,3,3,0,0,0,0.2835820895522388,0.2835820895522388
95,134,39,2025,10,30,15,3,3,0,0,0,0.291044776119403,0.291044776119403
93,134,41,2025,10,30,15,3,3,0,0,0,0.30597014925373134,0.30597014925373134
93,134,41,2025,10,30,16,3,3,0,0,0,0.30597014925373134,0.30597014925373134
92,134,42,2025,10,30,16,3,3,0,0,0,0.31343283582089554,0.31343283582089554
91,134,43,2025,10,30,17,3,3,0,0,0,0.3208955223880597,0.3208955223880597
93,134,41,2025,10,30,17,3,3,0,0,0,0.30597014925373134,0.30597014925373134
92,134,42,2025,10,30,18,3,3,0,0,0,0.31343283582089554,0.31343283582089554
93,134,41,2025,10,30,18,3,3,0,0,0,0.30597014925373134,0.30597014925373134
91,134,43,2025,10,30,19,3,3,0,0,0,0.3208955223880597,0.3208955223880597
92,134,42,2025,10,30,19,3,3,0,0,0,0.31343283582089554,0.31343283582089554
93,134,41,2025,10,30,20,3,3,0,0,0,0.30597014925373134,0.30597014925373134
92,134,42,2025,10,30,20,3,3,0,0,0,0.31343283582089554,0.31343283582089554
89,134,45,2025,10,30,21,3,3,0,0,0,0.3358208955223881,0.3358208955223881
97,134,37,2025,10,30,22,3,3,0,0,0,0.27611940298507465,0.27611940298507465
97,134,37,2025,10,30,22,3,3,0,0,0,0.27611940298507465,0.27611940298507465
96,134,38,2025,10,30,23,3,3,0,0,0,0.2835820895522388,0.2835820895522388
97,134,37,2025,10,30,23,3,3,0,0,0,0.27611940298507465,0.27611940298507465
93,134,41,2025,10,31,0,4,3,0,0,0,0.30597014925373134,0.30597014925373134
97,134,37,2025,10,31,0,4,3,0,0,0,0.27611940298507465,0.27611940298507465
126,134,8,2025,10,31,6,4,3,0,0,0,0.05970149253731343,0.05970149253731343
130,134,4,2025,10,31,6,4,3,0,0,0,0.029850746268656716,0.029850746268656716
129,134,5,2025,10,31,7,4,3,0,0,0,0.03731343283582089,0.03731343283582089
127,134,7,2025,10,31,7,4,3,0,0,0,0.05223880597014925,0.05223880597014925
126,134,8,2025,10,31,8,4,3,0,0,0,0.05970149253731343,0.05970149253731343
124,134,10,2025,10,31,8,4,3,0,0,0,0.07462686567164178,0.07462686567164178
122,134,12,2025,10,31,10,4,3,0,0,0,0.08955223880597014,0.08955223880597014
120,134,14,2025,10,31,11,4,3,0,0,0,0.1044776119402985,0.1044776119402985
119,134,15,2025,10,31,12,4,3,0,0,0,0.11194029850746269,0.11194029850746269
115,134,19,2025,10,31,13,4,3,0,0,0,0.1417910447761194,0.1417910447761194
114,134,20,2025,10,31,13,4,3,0,0,0,0.14925373134328357,0.14925373134328357
111,134,23,2025,10,31,14,4,3,0,0,0,0.17164179104477612,0.17164179104477612
112,134,22,2025,10,31,14,4,3,0,0,0,0.16417910447761194,0.16417910447761194
107,134,27,2025,10,31,15,4,3,0,0,0,0.20149253731343283,0.20149253731343283
105,134,29,2025,10,31,15,4,3,0,0,0,0.21641791044776118,0.21641791044776118
104,134,30,2025,10,31,16,4,3,0,0,0,0.22388059701492538,0.22388059701492538
104,134,30,2025,10,31,16,4,3,0,0,0,0.22388059701492538,0.22388059701492538
103,134,31,2025,10,31,17,4,3,0,0,0,0.23134328358208955,0.23134328358208955
101,134,33,2025,10,31,17,4,3,0,0,0,0.2462686567164179,0.2462686567164179
101,134,33,2025,10,31,18,4,3,0,0,0,0.2462686567164179,0.2462686567164179
102,134,32,2025,10,31,18,4,3,0,0,0,0.23880597014925373,0.23880597014925373
100,134,34,2025,10,31,19,4,3,0,0,0,0.2537313432835821,0.2537313432835821
101,134,33,2025,10,31,19,4,3,0,0,0,0.2462686567164179,0.2462686567164179
100,134,34,2025,10,31,20,4,3,0,0,0,0.2537313432835821,0.2537313432835821
99,134,35,2025,10,31,20,4,3,0,0,0,0.26119402985074625,0.26119402985074625
94,134,40,2025,10,31,21,4,3,0,0,0,0.29850746268656714,0.29850746268656714
96,134,38,2025,10,31,22,4,3,0,0,0,0.2835820895522388,0.2835820895522388
97,134,37,2025,10,31,22,4,3,0,0,0,0.27611940298507465,0.27611940298507465
95,134,39,2025,10,31,23,4,3,0,0,0,0.291044776119403,0.291044776119403
100,134,34,2025,10,31,23,4,3,0,0,0,0.2537313432835821,0.2537313432835821
92,134,42,2025,11,1,0,5,3,0,0,0,0.31343283582089554,0.31343283582089554
93,134,41,2025,11,1,0,5,3,0,0,0,0.30597014925373134,0.30597014925373134
131,134,3,2025,11,1,6,5,3,0,0,0,0.022388059701492536,0.022388059701492536
130,134,4,2025,11,1,6,5,3,0,0,0,0.029850746268656716,0.029850746268656716
130,134,4,2025,11,1,7,5,3,0,0,0,0.029850746268656716,0.029850746268656716
130,134,4,2025,11,1,7,5,3,0,0,0,0.029850746268656716,0.029850746268656716
129,134,5,2025,11,1,8,5,3,0,0,0,0.03731343283582089,0.03731343283582089
129,134,5,2025,11,1,8,5,3,0,0,0,0.03731343283582089,0.03731343283582089
127,134,7,2025,11,1,9,5,3,0,0,0,0.05223880597014925,0.05223880597014925
127,134,7,2025,11,1,10,5,3,0,0,0,0.05223880597014925,0.05223880597014925
122,134,12,2025,11,1,11,5,3,0,0,0,0.08955223880597014,0.08955223880597014
121,134,13,2025,11,1,12,5,3,0,0,0,0.09701492537313433,0.09701492537313433
121,134,13,2025,11,1,13,5,3,0,0,0,0.09701492537313433,0.09701492537313433
120,134,14,2025,11,1,13,5,3,0,0,0,0.1044776119402985,0.1044776119402985
117,134,17,2025,11,1,14,5,3,0,0,0,0.12686567164179105,0.12686567164179105
117,134,17,2025,11,1,14,5,3,0,0,0,0.12686567164179105,0.12686567164179105
115,134,19,2025,11,1,15,5,3,0,0,0,0.1417910447761194,0.1417910447761194
115,134,19,2025,11,1,15,5,3,0,0,0,0.1417910447761194,0.1417910447761194
114,134,20,2025,11,1,16,5,3,0,0,0,0.14925373134328357,0.14925373134328357
112,134,22,2025,11,1,16,5,3,0,0,0,0.16417910447761194,0.16417910447761194
110,134,24,2025,11,1,17,5,3,0,0,0,0.1791044776119403,0.1791044776119403
109,134,25,2025,11,1,17,5,3,0,0,0,0.1865671641791045,0.1865671641791045
107,134,27,2025,11,1,18,5,3,0,0,0,0.20149253731343283,0.20149253731343283
107,134,27,2025,11,1,18,5,3,0,0,0,0.20149253731343283,0.20149253731343283
106,134,28,2025,11,1,19,5,3,0,0,0,0.208955223880597,0.208955223880597
106,134,28,2025,11,1,19,5,3,0,0,0,0.208955223880597,0.208955223880597
101,134,33,2025,11,1,20,5,3,0,0,0,0.2462686567164179,0.2462686567164179
100,134,34,2025,11,1,20,5,3,0,0,0,0.2537313432835821,0.2537313432835821
103,134,31,2025,11,1,21,5,3,0,0,0,0.23134328358208955,0.23134328358208955
105,134,29,2025,11,1,21,5,3,0,0,0,0.21641791044776118,0.21641791044776118
106,134,28,2025,11,1,22,5,3,0,0,0,0.208955223880597,0.208955223880597
106,134,28,2025,11,1,22,5,3,0,0,0,0.208955223880597,0.208955223880597
108,134,26,2025,11,1,23,5,3,0,0,0,0.19402985074626866,0.19402985074626866
106,134,28,2025,11,1,23,5,3,0,0,0,0.208955223880597,0.208955223880597
96,134,38,2025,11,2,0,6,3,0,0,0,0.2835820895522388,0.2835820895522388
97,134,37,2025,11,2,0,6,3,0,0,0,0.27611940298507465,0.27611940298507465
129,134,5,2025,11,2,6,6,3,0,0,0,0.03731343283582089,0.03731343283582089
131,134,3,2025,11,2,6,6,3,0,0,0,0.022388059701492536,0.022388059701492536
130,134,4,2025,11,2,7,6,3,0,0,0,0.029850746268656716,0.029850746268656716
131,134,3,2025,11,2,7,6,3,0,0,0,0.022388059701492536,0.022388059701492536
129,134,5,2025,11,2,8,6,3,0,0,0,0.03731343283582089,0.03731343283582089
129,134,5,2025,11,2,8,6,3,0,0,0,0.03731343283582089,0.03731343283582089
128,134,6,2025,11,2,9,6,3,0,0,0,0.04477611940298507,0.04477611940298507
127,134,7,2025,11,2,10,6,3,0,0,0,0.05223880597014925,0.05223880597014925
126,134,8,2025,11,2,10,6,3,0,0,0,0.05970149253731343,0.05970149253731343
125,134,9,2025,11,2,11,6,3,0,0,0,0.06716417910447761,0.06716417910447761
124,134,10,2025,11,2,11,6,3,0,0,0,0.07462686567164178,0.07462686567164178
123,134,11,2025,11,2,12,6,3,0,0,0,0.08208955223880597,0.08208955223880597
124,134,10,2025,11,2,13,6,3,0,0,0,0.07462686567164178,0.07462686567164178
125,134,9,2025,11,2,13,6,3,0,0,0,0.06716417910447761,0.06716417910447761
121,134,13,2025,11,2,14,6,3,0,0,0,0.09701492537313433,0.09701492537313433
121,134,13,2025,11,2,14,6,3,0,0,0,0.09701492537313433,0.09701492537313433
121,134,13,2025,11,2,15,6,3,0,0,0,0.09701492537313433,0.09701492537313433
119,134,15,2025,11,2,15,6,3,0,0,0,0.11194029850746269,0.11194029850746269
116,134,18,2025,11,2,16,6,3,0,0,0,0.13432835820895522,0.13432835820895522
113,134,21,2025,11,2,16,6,3,0,0,0,0.15671641791044777,0.15671641791044777
110,134,24,2025,11,2,17,6,3,0,0,0,0.1791044776119403,0.1791044776119403
111,134,23,2025,11,2,17,6,3,0,0,0,0.17164179104477612,0.17164179104477612
109,134,25,2025,11,2,18,6,3,0,0,0,0.1865671641791045,0.1865671641791045
109,134,25,2025,11,2,18,6,3,0,0,0,0.1865671641791045,0.1865671641791045
105,134,29,2025,11,2,19,6,3,0,0,0,0.21641791044776118,0.21641791044776118
107,134,27,2025,11,2,19,6,3,0,0,0,0.20149253731343283,0.20149253731343283
107,134,27,2025,11,2,20,6,3,0,0,0,0.20149253731343283,0.20149253731343283
106,134,28,2025,11,2,20,6,3,0,0,0,0.208955223880597,0.208955223880597
108,134,26,2025,11,2,21,6,3,0,0,0,0.19402985074626866,0.19402985074626866
111,134,23,2025,11,2,22,6,3,0,0,0,0.17164179104477612,0.17164179104477612
111,134,23,2025,11,2,22,6,3,0,0,0,0.17164179104477612,0.17164179104477612
111,134,23,2025,11,2,23,6,3,0,0,0,0.17164179104477612,0.17164179104477612
111,134,23,2025,11,2,23,6,3,0,0,0,0.17164179104477612,0.17164179104477612
108,134,26,2025,11,3,0,0,3,0,0,0,0.19402985074626866,0.19402985074626866
109,134,25,2025,11,3,0,0,3,0,0,0,0.1865671641791045,0.1865671641791045
133,134,1,2025,11,3,6,0,3,0,0,0,0.007462686567164179,0.007462686567164179
132,134,2,2025,11,3,6,0,3,0,0,0,0.014925373134328358,0.014925373134328358
133,134,1,2025,11,3,7,0,3,0,0,0,0.007462686567164179,0.007462686567164179
130,134,4,2025,11,3,7,0,3,0,0,0,0.029850746268656716,0.029850746268656716
128,134,6,2025,11,3,8,0,3,0,0,0,0.04477611940298507,0.04477611940298507
125,134,9,2025,11,3,8,0,3,0,0,0,0.06716417910447761,0.06716417910447761
118,134,16,2025,11,3,10,0,3,0,0,0,0.11940298507462686,0.11940298507462686
115,134,19,2025,11,3,12,0,3,0,0,0,0.1417910447761194,0.1417910447761194
112,134,22,2025,11,3,13,0,3,0,0,0,0.16417910447761194,0.16417910447761194
105,134,29,2025,11,3,13,0,3,0,0,0,0.21641791044776118,0.21641791044776118
101,134,33,2025,11,3,14,0,3,0,0,0,0.2462686567164179,0.2462686567164179
99,134,35,2025,11,3,14,0,3,0,0,0,0.26119402985074625,0.26119402985074625
96,134,38,2025,11,3,15,0,3,0,0,0,0.2835820895522388,0.2835820895522388
94,134,40,2025,11,3,15,0,3,0,0,0,0.29850746268656714,0.29850746268656714
92,134,42,2025,11,3,16,0,3,0,0,0,0.31343283582089554,0.31343283582089554
88,134,46,2025,11,3,16,0,3,0,0,0,0.34328358208955223,0.34328358208955223
82,134,52,2025,11,3,17,0,3,0,0,0,0.3880597014925373,0.3880597014925373
82,134,52,2025,11,3,17,0,3,0,0,0,0.3880597014925373,0.3880597014925373
79,134,55,2025,11,3,18,0,3,0,0,0,0.41044776119402987,0.41044776119402987
76,134,58,2025,11,3,18,0,3,0,0,0,0.43283582089552236,0.43283582089552236
72,134,62,2025,11,3,19,0,3,0,0,0,0.4626865671641791,0.4626865671641791
72,134,62,2025,11,3,19,0,3,0,0,0,0.4626865671641791,0.4626865671641791
72,134,62,2025,11,3,20,0,3,0,0,0,0.4626865671641791,0.4626865671641791
67,134,67,2025,11,3,20,0,3,0,0,0,0.5,0.5
67,134,67,2025,11,3,21,0,3,0,0,0,0.5,0.5
76,134,58,2025,11,3,22,0,3,0,0,0,0.43283582089552236,0.43283582089552236
76,134,58,2025,11,3,22,0,3,0,0,0,0.43283582089552236,0.43283582089552236
77,134,57,2025,11,3,23,0,3,0,0,0,0.4253731343283582,0.4253731343283582
79,134,55,2025,11,3,23,0,3,0,0,0,0.41044776119402987,0.41044776119402987
78,134,56,2025,11,4,0,1,3,0,0,0,0.417910447761194,0.417910447761194
84,134,50,2025,11,4,0,1,3,0,0,0,0.373134328358209,0.373134328358209
131,134,3,2025,11,4,6,1,3,0,0,0,0.022388059701492536,0.022388059701492536
131,134,3,2025,11,4,6,1,3,0,0,0,0.022388059701492536,0.022388059701492536
131,134,3,2025,11,4,7,1,3,0,0,0,0.022388059701492536,0.022388059701492536
128,134,6,2025,11,4,7,1,3,0,0,0,0.04477611940298507,0.04477611940298507
127,134,7,2025,11,4,8,1,3,0,0,0,0.05223880597014925,0.05223880597014925
124,134,10,2025,11,4,8,1,3,0,0,0,0.07462686567164178,0.07462686567164178
120,134,14,2025,11,4,9,1,3,0,0,0,0.1044776119402985,0.1044776119402985
115,134,19,2025,11,4,10,1,3,0,0,0,0.1417910447761194,0.1417910447761194
114,134,20,2025,11,4,11,1,3,0,0,0,0.14925373134328357,0.14925373134328357
114,134,20,2025,11,4,11,1,3,0,0,0,0.14925373134328357,0.14925373134328357
111,134,23,2025,11,4,12,1,3,0,0,0,0.17164179104477612,0.17164179104477612
104,134,30,2025,11,4,13,1,3,0,0,0,0.22388059701492538,0.22388059701492538
100,134,34,2025,11,4,13,1,3,0,0,0,0.2537313432835821,0.2537313432835821
98,134,36,2025,11,4,14,1,3,0,0,0,0.26865671641791045,0.26865671641791045
98,134,36,2025,11,4,14,1,3,0,0,0,0.26865671641791045,0.26865671641791045
100,134,34,2025,11,4,15,1,3,0,0,0,0.2537313432835821,0.2537313432835821
98,134,36,2025,11,4,15,1,3,0,0,0,0.26865671641791045,0.26865671641791045
101,134,33,2025,11,4,16,1,3,0,0,0,0.2462686567164179,0.2462686567164179
101,134,33,2025,11,4,16,1,3,0,0,0,0.2462686567164179,0.2462686567164179
97,134,37,2025,11,4,17,1,3,0,0,0,0.27611940298507465,0.27611940298507465
96,134,38,2025,11,4,17,1,3,0,0,0,0.2835820895522388,0.2835820895522388
95,134,39,2025,11,4,18,1,3,0,0,0,0.291044776119403,0.291044776119403
91,134,43,2025,11,4,18,1,3,0,0,0,0.3208955223880597,0.3208955223880597
82,134,52,2025,11,4,19,1,3,0,0,0,0.3880597014925373,0.3880597014925373
77,134,57,2025,11,4,19,1,3,0,0,0,0.4253731343283582,0.4253731343283582
76,134,58,2025,11,4,20,1,3,0,0,0,0.43283582089552236,0.43283582089552236
77,134,57,2025,11,4,20,1,3,0,0,0,0.4253731343283582,0.4253731343283582
72,134,62,2025,11,4,21,1,3,0,0,0,0.4626865671641791,0.4626865671641791
71,134,63,2025,11,4,21,1,3,0,0,0,0.4701492537313433,0.4701492537313433
72,134,62,2025,11,4,22,1,3,0,0,0,0.4626865671641791,0.4626865671641791
75,134,59,2025,11,4,23,1,3,0,0,0,0.44029850746268656,0.44029850746268656
75,134,59,2025,11,4,23,1,3,0,0,0,0.44029850746268656,0.44029850746268656
70,134,64,2025,11,5,0,2,3,0,0,0,0.47761194029850745,0.47761194029850745
76,134,58,2025,11,5,0,2,3,0,0,0,0.43283582089552236,0.43283582089552236
129,134,5,2025,11,5,6,2,3,0,0,0,0.03731343283582089,0.03731343283582089
129,134,5,2025,11,5,6,2,3,0,0,0,0.03731343283582089,0.03731343283582089
127,134,7,2025,11,5,7,2,3,0,0,0,0.05223880597014925,0.05223880597014925
124,134,10,2025,11,5,7,2,3,0,0,0,0.07462686567164178,0.07462686567164178
123,134,11,2025,11,5,8,2,3,0,0,0,0.08208955223880597,0.08208955223880597
120,134,14,2025,11,5,8,2,3,0,0,0,0.1044776119402985,0.1044776119402985
120,134,14,2025,11,5,9,2,3,0,0,0,0.1044776119402985,0.1044776119402985
117,134,17,2025,11,5,10,2,3,0,0,0,0.12686567164179105,0.12686567164179105
114,134,20,2025,11,5,11,2,3,0,0,0,0.14925373134328357,0.14925373134328357
111,134,23,2025,11,5,12,2,3,0,0,0,0.17164179104477612,0.17164179104477612
108,134,26,2025,11,5,13,2,3,0,0,0,0.19402985074626866,0.19402985074626866
109,134,25,2025,11,5,13,2,3,0,0,0,0.1865671641791045,0.1865671641791045
104,134,30,2025,11,5,14,2,3,0,0,0,0.22388059701492538,0.22388059701492538
104,134,30,2025,11,5,14,2,3,0,0,0,0.22388059701492538,0.22388059701492538
96,134,38,2025,11,5,15,2,3,0,0,0,0.2835820895522388,0.2835820895522388
93,134,41,2025,11,5,15,2,3,0,0,0,0.30597014925373134,0.30597014925373134
92,134,42,2025,11,5,16,2,3,0,0,0,0.31343283582089554,0.31343283582089554
93,134,41,2025,11,5,16,2,3,0,0,0,0.30597014925373134,0.30597014925373134
90,134,44,2025,11,5,17,2,3,0,0,0,0.3283582089552239,0.3283582089552239
88,134,46,2025,11,5,17,2,3,0,0,0,0.34328358208955223,0.34328358208955223
88,134,46,2025,11,5,18,2,3,0,0,0,0.34328358208955223,0.34328358208955223
88,134,46,2025,11,5,18,2,3,0,0,0,0.34328358208955223,0.34328358208955223
84,134,50,2025,11,5,19,2,3,0,0,0,0.373134328358209,0.373134328358209
82,134,52,2025,11,5,19,2,3,0,0,0,0.3880597014925373,0.3880597014925373
80,134,54,2025,11,5,20,2,3,0,0,0,0.40298507462686567,0.40298507462686567
78,134,56,2025,11,5,20,2,3,0,0,0,0.417910447761194,0.417910447761194
71,134,63,2025,11,5,21,2,3,0,0,0,0.4701492537313433,0.4701492537313433
75,134,59,2025,11,5,22,2,3,0,0,0,0.44029850746268656,0.44029850746268656
79,134,55,2025,11,5,23,2,3,0,0,0,0.41044776119402987,0.41044776119402987
84,134,50,2025,11,5,23,2,3,0,0,0,0.373134328358209,0.373134328358209
77,134,57,2025,11,6,0,3,3,0,0,0,0.4253731343283582,0.4253731343283582
79,134,55,2025,11,6,0,3,3,0,0,0,0.41044776119402987,0.41044776119402987
128,134,6,2025,11,6,6,3,3,0,0,0,0.04477611940298507,0.04477611940298507
129,134,5,2025,11,6,6,3,3,0,0,0,0.03731343283582089,0.03731343283582089
127,134,7,2025,11,6,7,3,3,0,0,0,0.05223880597014925,0.05223880597014925
127,134,7,2025,11,6,7,3,3,0,0,0,0.05223880597014925,0.05223880597014925
126,134,8,2025,11,6,8,3,3,0,0,0,0.05970149253731343,0.05970149253731343
122,134,12,2025,11,6,8,3,3,0,0,0,0.08955223880597014,0.08955223880597014
120,134,14,2025,11,6,9,3,3,0,0,0,0.1044776119402985,0.1044776119402985
120,134,14,2025,11,6,9,3,3,0,0,0,0.1044776119402985,0.1044776119402985
121,134,13,2025,11,6,10,3,3,0,0,0,0.09701492537313433,0.09701492537313433
119,134,15,2025,11,6,10,3,3,0,0,0,0.11194029850746269,0.11194029850746269
118,134,16,2025,11,6,10,3,3,0,0,0,0.11940298507462686,0.11940298507462686
112,134,22,2025,11,6,11,3,3,0,0,0,0.16417910447761194,0.16417910447761194
108,134,26,2025,11,6,12,3,3,0,0,0,0.19402985074626866,0.19402985074626866
108,134,26,2025,11,6,13,3,3,0,0,0,0.19402985074626866,0.19402985074626866
106,134,28,2025,11,6,13,3,3,0,0,0,0.208955223880597,0.208955223880597
100,134,34,2025,11,6,14,3,3,0,0,0,0.2537313432835821,0.2537313432835821
99,134,35,2025,11,6,14,3,3,0,0,0,0.26119402985074625,0.26119402985074625
94,134,40,2025,11,6,15,3,3,0,0,0,0.29850746268656714,0.29850746268656714
92,134,42,2025,11,6,15,3,3,0,0,0,0.31343283582089554,0.31343283582089554
90,134,44,2025,11,6,16,3,3,0,0,0,0.3283582089552239,0.3283582089552239
85,134,49,2025,11,6,16,3,3,0,0,0,0.3656716417910448,0.3656716417910448
85,134,49,2025,11,6,17,3,3,0,0,0,0.3656716417910448,0.3656716417910448
83,134,51,2025,11,6,17,3,3,0,0,0,0.3805970149253731,0.3805970149253731
79,134,55,2025,11,6,18,3,3,0,0,0,0.41044776119402987,0.41044776119402987
79,134,55,2025,11,6,18,3,3,0,0,0,0.41044776119402987,0.41044776119402987
79,134,55,2025,11,6,19,3,3,0,0,0,0.41044776119402987,0.41044776119402987
81,134,53,2025,11,6,19,3,3,0,0,0,0.39552238805970147,0.39552238805970147
83,134,51,2025,11,6,20,3,3,0,0,0,0.3805970149253731,0.3805970149253731
84,134,50,2025,11,6,20,3,3,0,0,0,0.373134328358209,0.373134328358209
71,134,63,2025,11,6,21,3,3,0,0,0,0.4701492537313433,0.4701492537313433
75,134,59,2025,11,6,22,3,3,0,0,0,0.44029850746268656,0.44029850746268656
78,134,56,2025,11,6,22,3,3,0,0,0,0.417910447761194,0.417910447761194
83,134,51,2025,11,6,23,3,3,0,0,0,0.3805970149253731,0.3805970149253731
89,134,45,2025,11,6,23,3,3,0,0,0,0.3358208955223881,0.3358208955223881
83,134,51,2025,11,7,0,4,3,0,0,0,0.3805970149253731,0.3805970149253731
84,134,50,2025,11,7,0,4,3,0,0,0,0.373134328358209,0.373134328358209
130,134,4,2025,11,7,6,4,3,0,0,0,0.029850746268656716,0.029850746268656716
131,134,3,2025,11,7,6,4,3,0,0,0,0.022388059701492536,0.022388059701492536
129,134,5,2025,11,7,7,4,3,0,0,0,0.03731343283582089,0.03731343283582089
129,134,5,2025,11,7,7,4,3,0,0,0,0.03731343283582089,0.03731343283582089
129,134,5,2025,11,7,8,4,3,0,0,0,0.03731343283582089,0.03731343283582089
128,134,6,2025,11,7,8,4,3,0,0,0,0.04477611940298507,0.04477611940298507
120,134,14,2025,11,7,10,4,3,0,0,0,0.1044776119402985,0.1044776119402985
118,134,16,2025,11,7,11,4,3,0,0,0,0.11940298507462686,0.11940298507462686
115,134,19,2025,11,7,12,4,3,0,0,0,0.1417910447761194,0.1417910447761194
113,134,21,2025,11,7,13,4,3,0,0,0,0.15671641791044777,0.15671641791044777
115,134,19,2025,11,7,13,4,3,0,0,0,0.1417910447761194,0.1417910447761194
114,134,20,2025,11,7,14,4,3,0,0,0,0.14925373134328357,0.14925373134328357
113,134,21,2025,11,7,14,4,3,0,0,0,0.15671641791044777,0.15671641791044777
110,134,24,2025,11,7,15,4,3,0,0,0,0.1791044776119403,0.1791044776119403
109,134,25,2025,11,7,15,4,3,0,0,0,0.1865671641791045,0.1865671641791045
106,134,28,2025,11,7,16,4,3,0,0,0,0.208955223880597,0.208955223880597
103,134,31,2025,11,7,16,4,3,0,0,0,0.23134328358208955,0.23134328358208955
101,134,33,2025,11,7,17,4,3,0,0,0,0.2462686567164179,0.2462686567164179
101,134,33,2025,11,7,17,4,3,0,0,0,0.2462686567164179,0.2462686567164179
99,134,35,2025,11,7,18,4,3,0,0,0,0.26119402985074625,0.26119402985074625
94,134,40,2025,11,7,18,4,3,0,0,0,0.29850746268656714,0.29850746268656714
91,134,43,2025,11,7,19,4,3,0,0,0,0.3208955223880597,0.3208955223880597
91,134,43,2025,11,7,19,4,3,0,0,0,0.3208955223880597,0.3208955223880597
93,134,41,2025,11,7,20,4,3,0,0,0,0.30597014925373134,0.30597014925373134
94,134,40,2025,11,7,20,4,3,0,0,0,0.29850746268656714,0.29850746268656714
96,134,38,2025,11,7,22,4,3,0,0,0,0.2835820895522388,0.2835820895522388
97,134,37,2025,11,7,22,4,3,0,0,0,0.27611940298507465,0.27611940298507465
98,134,36,2025,11,7,23,4,3,0,0,0,0.26865671641791045,0.26865671641791045
97,134,37,2025,11,7,23,4,3,0,0,0,0.27611940298507465,0.27611940298507465
96,134,38,2025,11,8,0,5,3,0,0,0,0.2835820895522388,0.2835820895522388
100,134,34,2025,11,8,0,5,3,0,0,0,0.2537313432835821,0.2537313432835821
130,134,4,2025,11,8,6,5,3,0,0,0,0.029850746268656716,0.029850746268656716
132,134,2,2025,11,8,6,5,3,0,0,0,0.014925373134328358,0.014925373134328358
132,134,2,2025,11,8,7,5,3,0,0,0,0.014925373134328358,0.014925373134328358
130,134,4,2025,11,8,7,5,3,0,0,0,0.029850746268656716,0.029850746268656716
130,134,4,2025,11,8,8,5,3,0,0,0,0.029850746268656716,0.029850746268656716
130,134,4,2025,11,8,8,5,3,0,0,0,0.029850746268656716,0.029850746268656716
130,134,4,2025,11,8,9,5,3,0,0,0,0.029850746268656716,0.029850746268656716
129,134,5,2025,11,8,10,5,3,0,0,0,0.03731343283582089,0.03731343283582089
129,134,5,2025,11,8,11,5,3,0,0,0,0.03731343283582089,0.03731343283582089
124,134,10,2025,11,8,12,5,3,0,0,0,0.07462686567164178,0.07462686567164178
122,134,12,2025,11,8,13,5,3,0,0,0,0.08955223880597014,0.08955223880597014
121,134,13,2025,11,8,13,5,3,0,0,0,0.09701492537313433,0.09701492537313433
118,134,16,2025,11,8,14,5,3,0,0,0,0.11940298507462686,0.11940298507462686
116,134,18,2025,11,8,14,5,3,0,0,0,0.13432835820895522,0.13432835820895522
113,134,21,2025,11,8,15,5,3,0,0,0,0.15671641791044777,0.15671641791044777
110,134,24,2025,11,8,15,5,3,0,0,0,0.1791044776119403,0.1791044776119403
109,134,25,2025,11,8,16,5,3,0,0,0,0.1865671641791045,0.1865671641791045
108,134,26,2025,11,8,16,5,3,0,0,0,0.19402985074626866,0.19402985074626866
104,134,30,2025,11,8,17,5,3,0,0,0,0.22388059701492538,0.22388059701492538
104,134,30,2025,11,8,17,5,3,0,0,0,0.22388059701492538,0.22388059701492538
106,134,28,2025,11,8,18,5,3,0,0,0,0.208955223880597,0.208955223880597
104,134,30,2025,11,8,18,5,3,0,0,0,0.22388059701492538,0.22388059701492538
101,134,33,2025,11,8,19,5,3,0,0,0,0.2462686567164179,0.2462686567164179
102,134,32,2025,11,8,19,5,3,0,0,0,0.23880597014925373,0.23880597014925373
103,134,31,2025,11,8,20,5,3,0,0,0,0.23134328358208955,0.23134328358208955
104,134,30,2025,11,8,20,5,3,0,0,0,0.22388059701492538,0.22388059701492538
102,134,32,2025,11,8,21,5,3,0,0,0,0.23880597014925373,0.23880597014925373
101,134,33,2025,11,8,22,5,3,0,0,0,0.2462686567164179,0.2462686567164179
102,134,32,2025,11,8,22,5,3,0,0,0,0.23880597014925373,0.23880597014925373
104,134,30,2025,11,8,23,5,3,0,0,0,0.22388059701492538,0.22388059701492538
103,134,31,2025,11,8,23,5,3,0,0,0,0.23134328358208955,0.23134328358208955
104,134,30,2025,11,9,0,6,3,0,0,0,0.22388059701492538,0.22388059701492538
104,134,30,2025,11,9,0,6,3,0,0,0,0.22388059701492538,0.22388059701492538
130,134,4,2025,11,9,6,6,3,0,0,0,0.029850746268656716,0.029850746268656716
130,134,4,2025,11,9,6,6,3,0,0,0,0.029850746268656716,0.029850746268656716
131,134,3,2025,11,9,7,6,3,0,0,0,0.022388059701492536,0.022388059701492536
132,134,2,2025,11,9,7,6,3,0,0,0,0.014925373134328358,0.014925373134328358
132,134,2,2025,11,9,8,6,3,0,0,0,0.014925373134328358,0.014925373134328358
132,134,2,2025,11,9,8,6,3,0,0,0,0.014925373134328358,0.014925373134328358
124,134,10,2025,11,9,10,6,3,0,0,0,0.07462686567164178,0.07462686567164178
123,134,11,2025,11,9,11,6,3,0,0,0,0.08208955223880597,0.08208955223880597
120,134,14,2025,11,9,12,6,3,0,0,0,0.1044776119402985,0.1044776119402985
117,134,17,2025,11,9,13,6,3,0,0,0,0.12686567164179105,0.12686567164179105
116,134,18,2025,11,9,13,6,3,0,0,0,0.13432835820895522,0.13432835820895522
111,134,23,2025,11,9,14,6,3,0,0,0,0.17164179104477612,0.17164179104477612
110,134,24,2025,11,9,14,6,3,0,0,0,0.1791044776119403,0.1791044776119403
112,134,22,2025,11,9,15,6,3,0,0,0,0.16417910447761194,0.16417910447761194
111,134,23,2025,11,9,15,6,3,0,0,0,0.17164179104477612,0.17164179104477612
106,134,28,2025,11,9,16,6,3,0,0,0,0.208955223880597,0.208955223880597
105,134,29,2025,11,9,16,6,3,0,0,0,0.21641791044776118,0.21641791044776118
102,134,32,2025,11,9,17,6,3,0,0,0,0.23880597014925373,0.23880597014925373
100,134,34,2025,11,9,17,6,3,0,0,0,0.2537313432835821,0.2537313432835821
102,134,32,2025,11,9,18,6,3,0,0,0,0.23880597014925373,0.23880597014925373
102,134,32,2025,11,9,18,6,3,0,0,0,0.23880597014925373,0.23880597014925373
103,134,31,2025,11,9,19,6,3,0,0,0,0.23134328358208955,0.23134328358208955
105,134,29,2025,11,9,19,6,3,0,0,0,0.21641791044776118,0.21641791044776118
107,134,27,2025,11,9,20,6,3,0,0,0,0.20149253731343283,0.20149253731343283
104,134,30,2025,11,9,20,6,3,0,0,0,0.22388059701492538,0.22388059701492538
104,134,30,2025,11,9,21,6,3,0,0,0,0.22388059701492538,0.22388059701492538
104,134,30,2025,11,9,22,6,3,0,0,0,0.22388059701492538,0.22388059701492538
102,134,32,2025,11,9,22,6,3,0,0,0,0.23880597014925373,0.23880597014925373
104,134,30,2025,11,9,23,6,3,0,0,0,0.22388059701492538,0.22388059701492538
106,134,28,2025,11,9,23,6,3,0,0,0,0.208955223880597,0.208955223880597
97,134,37,2025,11,10,0,0,3,0,0,0,0.27611940298507465,0.27611940298507465
104,134,30,2025,11,10,0,0,3,0,0,0,0.22388059701492538,0.22388059701492538
132,134,2,2025,11,10,6,0,3,0,0,0,0.014925373134328358,0.014925373134328358
133,134,1,2025,11,10,6,0,3,0,0,0,0.007462686567164179,0.007462686567164179
131,134,3,2025,11,10,7,0,3,0,0,0,0.022388059701492536,0.022388059701492536
131,134,3,2025,11,10,7,0,3,0,0,0,0.022388059701492536,0.022388059701492536
130,134,4,2025,11,10,8,0,3,0,0,0,0.029850746268656716,0.029850746268656716
127,134,7,2025,11,10,8,0,3,0,0,0,0.05223880597014925,0.05223880597014925
121,134,13,2025,11,10,10,0,3,0,0,0,0.09701492537313433,0.09701492537313433
120,134,14,2025,11,10,10,0,3,0,0,0,0.1044776119402985,0.1044776119402985
109,134,25,2025,11,10,12,0,3,0,0,0,0.1865671641791045,0.1865671641791045
105,134,29,2025,11,10,13,0,3,0,0,0,0.21641791044776118,0.21641791044776118
104,134,30,2025,11,10,13,0,3,0,0,0,0.22388059701492538,0.22388059701492538
100,134,34,2025,11,10,14,0,3,0,0,0,0.2537313432835821,0.2537313432835821
97,134,37,2025,11,10,14,0,3,0,0,0,0.27611940298507465,0.27611940298507465
92,134,42,2025,11,10,15,0,3,0,0,0,0.31343283582089554,0.31343283582089554
89,134,45,2025,11,10,15,0,3,0,0,0,0.3358208955223881,0.3358208955223881
85,134,49,2025,11,10,16,0,3,0,0,0,0.3656716417910448,0.3656716417910448
83,134,51,2025,11,10,16,0,3,0,0,0,0.3805970149253731,0.3805970149253731
81,134,53,2025,11,10,17,0,3,0,0,0,0.39552238805970147,0.39552238805970147
78,134,56,2025,11,10,17,0,3,0,0,0,0.417910447761194,0.417910447761194
78,134,56,2025,11,10,18,0,3,0,0,0,0.417910447761194,0.417910447761194
77,134,57,2025,11,10,18,0,3,0,0,0,0.4253731343283582,0.4253731343283582
76,134,58,2025,11,10,19,0,3,0,0,0,0.43283582089552236,0.43283582089552236
77,134,57,2025,11,10,19,0,3,0,0,0,0.4253731343283582,0.4253731343283582
77,134,57,2025,11,10,20,0,3,0,0,0,0.4253731343283582,0.4253731343283582
74,134,60,2025,11,10,20,0,3,0,0,0,0.44776119402985076,0.44776119402985076
69,134,65,2025,11,10,21,0,3,0,0,0,0.48507462686567165,0.48507462686567165
71,134,63,2025,11,10,22,0,3,0,0,0,0.4701492537313433,0.4701492537313433
69,134,65,2025,11,10,22,0,3,0,0,0,0.48507462686567165,0.48507462686567165
72,134,62,2025,11,10,23,0,3,0,0,0,0.4626865671641791,0.4626865671641791
73,134,61,2025,11,10,23,0,3,0,0,0,0.4552238805970149,0.4552238805970149
70,134,64,2025,11,11,0,1,3,0,0,0,0.47761194029850745,0.47761194029850745
73,134,61,2025,11,11,0,1,3,0,0,0,0.4552238805970149,0.4552238805970149
131,134,3,2025,11,11,6,1,3,0,0,0,0.022388059701492536,0.022388059701492536
129,134,5,2025,11,11,6,1,3,0,0,0,0.03731343283582089,0.03731343283582089
128,134,6,2025,11,11,7,1,3,0,0,0,0.04477611940298507,0.04477611940298507
128,134,6,2025,11,11,7,1,3,0,0,0,0.04477611940298507,0.04477611940298507
125,134,9,2025,11,11,8,1,3,0,0,0,0.06716417910447761,0.06716417910447761
122,134,12,2025,11,11,8,1,3,0,0,0,0.08955223880597014,0.08955223880597014
117,134,17,2025,11,11,9,1,3,0,0,0,0.12686567164179105,0.12686567164179105
117,134,17,2025,11,11,10,1,3,0,0,0,0.12686567164179105,0.12686567164179105
111,134,23,2025,11,11,11,1,3,0,0,0,0.17164179104477612,0.17164179104477612
107,134,27,2025,11,11,12,1,3,0,0,0,0.20149253731343283,0.20149253731343283
100,134,34,2025,11,11,13,1,3,0,0,0,0.2537313432835821,0.2537313432835821
94,134,40,2025,11,11,13,1,3,0,0,0,0.29850746268656714,0.29850746268656714
95,134,39,2025,11,11,14,1,3,0,0,0,0.291044776119403,0.291044776119403
93,134,41,2025,11,11,14,1,3,0,0,0,0.30597014925373134,0.30597014925373134
95,134,39,2025,11,11,15,1,3,0,0,0,0.291044776119403,0.291044776119403
93,134,41,2025,11,11,15,1,3,0,0,0,0.30597014925373134,0.30597014925373134
88,134,46,2025,11,11,16,1,3,0,0,0,0.34328358208955223,0.34328358208955223
89,134,45,2025,11,11,16,1,3,0,0,0,0.3358208955223881,0.3358208955223881
83,134,51,2025,11,11,17,1,3,0,0,0,0.3805970149253731,0.3805970149253731
80,134,54,2025,11,11,17,1,3,0,0,0,0.40298507462686567,0.40298507462686567
77,134,57,2025,11,11,18,1,3,0,0,0,0.4253731343283582,0.4253731343283582
78,134,56,2025,11,11,18,1,3,0,0,0,0.417910447761194,0.417910447761194
77,134,57,2025,11,11,19,1,3,0,0,0,0.4253731343283582,0.4253731343283582
79,134,55,2025,11,11,19,1,3,0,0,0,0.41044776119402987,0.41044776119402987
76,134,58,2025,11,11,20,1,3,0,0,0,0.43283582089552236,0.43283582089552236
71,134,63,2025,11,11,20,1,3,0,0,0,0.4701492537313433,0.4701492537313433
61,134,73,2025,11,11,21,1,3,0,0,0,0.5447761194029851,0.5447761194029851
69,134,65,2025,11,11,22,1,3,0,0,0,0.48507462686567165,0.48507462686567165
68,134,66,2025,11,11,22,1,3,0,0,0,0.4925373134328358,0.4925373134328358
80,134,54,2025,11,11,23,1,3,0,0,0,0.40298507462686567,0.40298507462686567
80,134,54,2025,11,11,23,1,3,0,0,0,0.40298507462686567,0.40298507462686567
84,134,50,2025,11,12,0,2,3,0,0,0,0.373134328358209,0.373134328358209
85,134,49,2025,11,12,0,2,3,0,0,0,0.3656716417910448,0.3656716417910448
126,134,8,2025,11,12,6,2,3,0,0,0,0.05970149253731343,0.05970149253731343
127,134,7,2025,11,12,6,2,3,0,0,0,0.05223880597014925,0.05223880597014925
129,134,5,2025,11,12,7,2,3,0,0,0,0.03731343283582089,0.03731343283582089
129,134,5,2025,11,12,7,2,3,0,0,0,0.03731343283582089,0.03731343283582089
128,134,6,2025,11,12,8,2,3,0,0,0,0.04477611940298507,0.04477611940298507
124,134,10,2025,11,12,8,2,3,0,0,0,0.07462686567164178,0.07462686567164178
121,134,13,2025,11,12,9,2,3,0,0,0,0.09701492537313433,0.09701492537313433
120,134,14,2025,11,12,10,2,3,0,0,0,0.1044776119402985,0.1044776119402985
117,134,17,2025,11,12,10,2,3,0,0,0,0.12686567164179105,0.12686567164179105
107,134,27,2025,11,12,11,2,3,0,0,0,0.20149253731343283,0.20149253731343283
103,134,31,2025,11,12,12,2,3,0,0,0,0.23134328358208955,0.23134328358208955
94,134,40,2025,11,12,13,2,3,0,0,0,0.29850746268656714,0.29850746268656714
92,134,42,2025,11,12,13,2,3,0,0,0,0.31343283582089554,0.31343283582089554
91,134,43,2025,11,12,14,2,3,0,0,0,0.3208955223880597,0.3208955223880597
90,134,44,2025,11,12,14,2,3,0,0,0,0.3283582089552239,0.3283582089552239
86,134,48,2025,11,12,15,2,3,0,0,0,0.3582089552238806,0.3582089552238806
83,134,51,2025,11,12,15,2,3,0,0,0,0.3805970149253731,0.3805970149253731
79,134,55,2025,11,12,16,2,3,0,0,0,0.41044776119402987,0.41044776119402987
77,134,57,2025,11,12,16,2,3,0,0,0,0.4253731343283582,0.4253731343283582
78,134,56,2025,11,12,17,2,3,0,0,0,0.417910447761194,0.417910447761194
80,134,54,2025,11,12,17,2,3,0,0,0,0.40298507462686567,0.40298507462686567
73,134,61,2025,11,12,18,2,3,0,0,0,0.4552238805970149,0.4552238805970149
71,134,63,2025,11,12,18,2,3,0,0,0,0.4701492537313433,0.4701492537313433
69,134,65,2025,11,12,19,2,3,0,0,0,0.48507462686567165,0.48507462686567165
65,134,69,2025,11,12,19,2,3,0,0,0,0.5149253731343284,0.5149253731343284
63,134,71,2025,11,12,20,2,3,0,0,0,0.5298507462686567,0.5298507462686567
61,134,73,2025,11,12,20,2,3,0,0,0,0.5447761194029851,0.5447761194029851
58,134,76,2025,11,12,21,2,3,0,0,0,0.5671641791044776,0.5671641791044776
61,134,73,2025,11,12,22,2,3,0,0,0,0.5447761194029851,0.5447761194029851
60,134,74,2025,11,12,23,2,3,0,0,0,0.5522388059701493,0.5522388059701493
60,134,74,2025,11,12,23,2,3,0,0,0,0.5522388059701493,0.5522388059701493
64,134,70,2025,11,13,0,3,3,0,0,0,0.5223880597014925,0.5223880597014925
70,134,64,2025,11,13,0,3,3,0,0,0,0.47761194029850745,0.47761194029850745
131,134,3,2025,11,13,6,3,3,0,0,0,0.022388059701492536,0.022388059701492536
131,134,3,2025,11,13,6,3,3,0,0,0,0.022388059701492536,0.022388059701492536
129,134,5,2025,11,13,7,3,3,0,0,0,0.03731343283582089,0.03731343283582089
129,134,5,2025,11,13,7,3,3,0,0,0,0.03731343283582089,0.03731343283582089
128,134,6,2025,11,13,8,3,3,0,0,0,0.04477611940298507,0.04477611940298507
125,134,9,2025,11,13,8,3,3,0,0,0,0.06716417910447761,0.06716417910447761
122,134,12,2025,11,13,10,3,3,0,0,0,0.08955223880597014,0.08955223880597014
122,134,12,2025,11,13,10,3,3,0,0,0,0.08955223880597014,0.08955223880597014
120,134,14,2025,11,13,11,3,3,0,0,0,0.1044776119402985,0.1044776119402985
117,134,17,2025,11,13,12,3,3,0,0,0,0.12686567164179105,0.12686567164179105
117,134,17,2025,11,13,13,3,3,0,0,0,0.12686567164179105,0.12686567164179105
116,134,18,2025,11,13,13,3,3,0,0,0,0.13432835820895522,0.13432835820895522
113,134,21,2025,11,13,14,3,3,0,0,0,0.15671641791044777,0.15671641791044777
108,134,26,2025,11,13,14,3,3,0,0,0,0.19402985074626866,0.19402985074626866
93,134,41,2025,11,13,15,3,3,0,0,0,0.30597014925373134,0.30597014925373134
87,134,47,2025,11,13,15,3,3,0,0,0,0.35074626865671643,0.35074626865671643
85,134,49,2025,11,13,16,3,3,0,0,0,0.3656716417910448,0.3656716417910448
82,134,52,2025,11,13,16,3,3,0,0,0,0.3880597014925373,0.3880597014925373
73,134,61,2025,11,13,17,3,3,0,0,0,0.4552238805970149,0.4552238805970149
73,134,61,2025,11,13,17,3,3,0,0,0,0.4552238805970149,0.4552238805970149
72,134,62,2025,11,13,18,3,3,0,0,0,0.4626865671641791,0.4626865671641791
67,134,67,2025,11,13,18,3,3,0,0,0,0.5,0.5
67,134,67,2025,11,13,19,3,3,0,0,0,0.5,0.5
63,134,71,2025,11,13,19,3,3,0,0,0,0.5298507462686567,0.5298507462686567
60,134,74,2025,11,13,20,3,3,0,0,0,0.5522388059701493,0.5522388059701493
59,134,75,2025,11,13,20,3,3,0,0,0,0.5597014925373134,0.5597014925373134
60,134,74,2025,11,13,21,3,3,0,0,0,0.5522388059701493,0.5522388059701493
59,134,75,2025,11,13,22,3,3,0,0,0,0.5597014925373134,0.5597014925373134
60,134,74,2025,11,13,23,3,3,0,0,0,0.5522388059701493,0.5522388059701493
63,134,71,2025,11,13,23,3,3,0,0,0,0.5298507462686567,0.5298507462686567
66,134,68,2025,11,14,0,4,3,0,0,0,0.5074626865671642,0.5074626865671642
71,134,63,2025,11,14,0,4,3,0,0,0,0.4701492537313433,0.4701492537313433
128,134,6,2025,11,14,6,4,3,0,0,0,0.04477611940298507,0.04477611940298507
126,134,8,2025,11,14,6,4,3,0,0,0,0.05970149253731343,0.05970149253731343
124,134,10,2025,11,14,7,4,3,0,0,0,0.07462686567164178,0.07462686567164178
124,134,10,2025,11,14,7,4,3,0,0,0,0.07462686567164178,0.07462686567164178
126,134,8,2025,11,14,8,4,3,0,0,0,0.05970149253731343,0.05970149253731343
126,134,8,2025,11,14,8,4,3,0,0,0,0.05970149253731343,0.05970149253731343
120,134,14,2025,11,14,10,4,3,0,0,0,0.1044776119402985,0.1044776119402985
115,134,19,2025,11,14,11,4,3,0,0,0,0.1417910447761194,0.1417910447761194
114,134,20,2025,11,14,12,4,3,0,0,0,0.14925373134328357,0.14925373134328357
114,134,20,2025,11,14,13,4,3,0,0,0,0.14925373134328357,0.14925373134328357
112,134,22,2025,11,14,13,4,3,0,0,0,0.16417910447761194,0.16417910447761194
110,134,24,2025,11,14,14,4,3,0,0,0,0.1791044776119403,0.1791044776119403
108,134,26,2025,11,14,14,4,3,0,0,0,0.19402985074626866,0.19402985074626866
105,134,29,2025,11,14,15,4,3,0,0,0,0.21641791044776118,0.21641791044776118
104,134,30,2025,11,14,15,4,3,0,0,0,0.22388059701492538,0.22388059701492538
95,134,39,2025,11,14,16,4,3,0,0,0,0.291044776119403,0.291044776119403
97,134,37,2025,11,14,16,4,3,0,0,0,0.27611940298507465,0.27611940298507465
94,134,40,2025,11,14,17,4,3,0,0,0,0.29850746268656714,0.29850746268656714
93,134,41,2025,11,14,17,4,3,0,0,0,0.30597014925373134,0.30597014925373134
91,134,43,2025,11,14,18,4,3,0,0,0,0.3208955223880597,0.3208955223880597
91,134,43,2025,11,14,18,4,3,0,0,0,0.3208955223880597,0.3208955223880597
90,134,44,2025,11,14,19,4,3,0,0,0,0.3283582089552239,0.3283582089552239
92,134,42,2025,11,14,19,4,3,0,0,0,0.31343283582089554,0.31343283582089554
94,134,40,2025,11,14,20,4,3,0,0,0,0.29850746268656714,0.29850746268656714
88,134,46,2025,11,14,20,4,3,0,0,0,0.34328358208955223,0.34328358208955223
90,134,44,2025,11,14,21,4,3,0,0,0,0.3283582089552239,0.3283582089552239
95,134,39,2025,11,14,22,4,3,0,0,0,0.291044776119403,0.291044776119403
99,134,35,2025,11,14,22,4,3,0,0,0,0.26119402985074625,0.26119402985074625
103,134,31,2025,11,14,23,4,3,0,0,0,0.23134328358208955,0.23134328358208955
100,134,34,2025,11,14,23,4,3,0,0,0,0.2537313432835821,0.2537313432835821
92,134,42,2025,11,15,0,5,3,0,0,0,0.31343283582089554,0.31343283582089554
95,134,39,2025,11,15,0,5,3,0,0,0,0.291044776119403,0.291044776119403
131,134,3,2025,11,15,6,5,3,0,0,0,0.022388059701492536,0.022388059701492536
131,134,3,2025,11,15,6,5,3,0,0,0,0.022388059701492536,0.022388059701492536
131,134,3,2025,11,15,7,5,3,0,0,0,0.022388059701492536,0.022388059701492536
131,134,3,2025,11,15,7,5,3,0,0,0,0.022388059701492536,0.022388059701492536
132,134,2,2025,11,15,8,5,3,0,0,0,0.014925373134328358,0.014925373134328358
132,134,2,2025,11,15,8,5,3,0,0,0,0.014925373134328358,0.014925373134328358
129,134,5,2025,11,15,9,5,3,0,0,0,0.03731343283582089,0.03731343283582089
129,134,5,2025,11,15,9,5,3,0,0,0,0.03731343283582089,0.03731343283582089
126,134,8,2025,11,15,10,5,3,0,0,0,0.05970149253731343,0.05970149253731343
119,134,15,2025,11,15,11,5,3,0,0,0,0.11194029850746269,0.11194029850746269
113,134,21,2025,11,15,12,5,3,0,0,0,0.15671641791044777,0.15671641791044777
111,134,23,2025,11,15,13,5,3,0,0,0,0.17164179104477612,0.17164179104477612
107,134,27,2025,11,15,13,5,3,0,0,0,0.20149253731343283,0.20149253731343283
103,134,31,2025,11,15,14,5,3,0,0,0,0.23134328358208955,0.23134328358208955
101,134,33,2025,11,15,14,5,3,0,0,0,0.2462686567164179,0.2462686567164179
92,134,42,2025,11,15,15,5,3,0,0,0,0.31343283582089554,0.31343283582089554
92,134,42,2025,11,15,15,5,3,0,0,0,0.31343283582089554,0.31343283582089554
89,134,45,2025,11,15,16,5,3,0,0,0,0.3358208955223881,0.3358208955223881
85,134,49,2025,11,15,16,5,3,0,0,0,0.3656716417910448,0.3656716417910448
83,134,51,2025,11,15,17,5,3,0,0,0,0.3805970149253731,0.3805970149253731
82,134,52,2025,11,15,17,5,3,0,0,0,0.3880597014925373,0.3880597014925373
82,134,52,2025,11,15,18,5,3,0,0,0,0.3880597014925373,0.3880597014925373
80,134,54,2025,11,15,18,5,3,0,0,0,0.40298507462686567,0.40298507462686567
76,134,58,2025,11,15,19,5,3,0,0,0,0.43283582089552236,0.43283582089552236
73,134,61,2025,11,15,19,5,3,0,0,0,0.4552238805970149,0.4552238805970149
76,134,58,2025,11,15,20,5,3,0,0,0,0.43283582089552236,0.43283582089552236
78,134,56,2025,11,15,20,5,3,0,0,0,0.417910447761194,0.417910447761194
82,134,52,2025,11,15,21,5,3,0,0,0,0.3880597014925373,0.3880597014925373
78,134,56,2025,11,15,22,5,3,0,0,0,0.417910447761194,0.417910447761194
83,134,51,2025,11,15,22,5,3,0,0,0,0.3805970149253731,0.3805970149253731
84,134,50,2025,11,15,23,5,3,0,0,0,0.373134328358209,0.373134328358209
89,134,45,2025,11,15,23,5,3,0,0,0,0.3358208955223881,0.3358208955223881
71,134,63,2025,11,16,0,6,3,0,0,0,0.4701492537313433,0.4701492537313433
75,134,59,2025,11,16,0,6,3,0,0,0,0.44029850746268656,0.44029850746268656
128,134,6,2025,11,16,6,6,3,0,0,0,0.04477611940298507,0.04477611940298507
129,134,5,2025,11,16,6,6,3,0,0,0,0.03731343283582089,0.03731343283582089
129,134,5,2025,11,16,7,6,3,0,0,0,0.03731343283582089,0.03731343283582089
131,134,3,2025,11,16,7,6,3,0,0,0,0.022388059701492536,0.022388059701492536
132,134,2,2025,11,16,8,6,3,0,0,0,0.014925373134328358,0.014925373134328358
133,134,1,2025,11,16,8,6,3,0,0,0,0.007462686567164179,0.007462686567164179
124,134,10,2025,11,16,10,6,3,0,0,0,0.07462686567164178,0.07462686567164178
118,134,16,2025,11,16,12,6,3,0,0,0,0.11940298507462686,0.11940298507462686
111,134,23,2025,11,16,12,6,3,0,0,0,0.17164179104477612,0.17164179104477612
108,134,26,2025,11,16,13,6,3,0,0,0,0.19402985074626866,0.19402985074626866
99,134,35,2025,11,16,14,6,3,0,0,0,0.26119402985074625,0.26119402985074625
99,134,35,2025,11,16,14,6,3,0,0,0,0.26119402985074625,0.26119402985074625
93,134,41,2025,11,16,15,6,3,0,0,0,0.30597014925373134,0.30597014925373134
94,134,40,2025,11,16,15,6,3,0,0,0,0.29850746268656714,0.29850746268656714
95,134,39,2025,11,16,16,6,3,0,0,0,0.291044776119403,0.291044776119403
91,134,43,2025,11,16,16,6,3,0,0,0,0.3208955223880597,0.3208955223880597
90,134,44,2025,11,16,17,6,3,0,0,0,0.3283582089552239,0.3283582089552239
88,134,46,2025,11,16,17,6,3,0,0,0,0.34328358208955223,0.34328358208955223
82,134,52,2025,11,16,18,6,3,0,0,0,0.3880597014925373,0.3880597014925373
81,134,53,2025,11,16,18,6,3,0,0,0,0.39552238805970147,0.39552238805970147
75,134,59,2025,11,16,19,6,3,0,0,0,0.44029850746268656,0.44029850746268656
75,134,59,2025,11,16,19,6,3,0,0,0,0.44029850746268656,0.44029850746268656
71,134,63,2025,11,16,20,6,3,0,0,0,0.4701492537313433,0.4701492537313433
69,134,65,2025,11,16,20,6,3,0,0,0,0.48507462686567165,0.48507462686567165
69,134,65,2025,11,16,21,6,3,0,0,0,0.48507462686567165,0.48507462686567165
67,134,67,2025,11,16,22,6,3,0,0,0,0.5,0.5
69,134,65,2025,11,16,22,6,3,0,0,0,0.48507462686567165,0.48507462686567165
70,134,64,2025,11,16,23,6,3,0,0,0,0.47761194029850745,0.47761194029850745
66,134,68,2025,11,16,23,6,3,0,0,0,0.5074626865671642,0.5074626865671642
68,134,66,2025,11,17,0,0,3,0,0,0,0.4925373134328358,0.4925373134328358
73,134,61,2025,11,17,0,0,3,0,0,0,0.4552238805970149,0.4552238805970149
128,134,6,2025,11,17,6,0,3,1,0,0,0.04477611940298507,0.04477611940298507
129,134,5,2025,11,17,6,0,3,1,0,0,0.03731343283582089,0.03731343283582089
129,134,5,2025,11,17,7,0,3,1,0,0,0.03731343283582089,0.03731343283582089
126,134,8,2025,11,17,7,0,3,1,0,0,0.05970149253731343,0.05970149253731343
127,134,7,2025,11,17,8,0,3,1,0,0,0.05223880597014925,0.05223880597014925
123,134,11,2025,11,17,8,0,3,1,0,0,0.08208955223880597,0.08208955223880597
110,134,24,2025,11,17,10,0,3,1,0,0,0.1791044776119403,0.1791044776119403
105,134,29,2025,11,17,11,0,3,1,0,0,0.21641791044776118,0.21641791044776118
94,134,40,2025,11,17,12,0,3,1,0,0,0.29850746268656714,0.29850746268656714
90,134,44,2025,11,17,13,0,3,1,0,0,0.3283582089552239,0.3283582089552239
86,134,48,2025,11,17,13,0,3,1,0,0,0.3582089552238806,0.3582089552238806
83,134,51,2025,11,17,14,0,3,1,0,0,0.3805970149253731,0.3805970149253731
83,134,51,2025,11,17,14,0,3,1,0,0,0.3805970149253731,0.3805970149253731
84,134,50,2025,11,17,15,0,3,1,0,0,0.373134328358209,0.373134328358209
82,134,52,2025,11,17,15,0,3,1,0,0,0.3880597014925373,0.3880597014925373
79,134,55,2025,11,17,16,0,3,1,0,0,0.41044776119402987,0.41044776119402987
69,134,65,2025,11,17,16,0,3,1,0,0,0.48507462686567165,0.48507462686567165
54,134,80,2025,11,17,17,0,3,1,0,0,0.5970149253731343,0.5970149253731343
48,134,86,2025,11,17,17,0,3,1,0,0,0.6417910447761194,0.6417910447761194
41,134,93,2025,11,17,18,0,3,1,0,0,0.6940298507462687,0.6940298507462687
37,134,97,2025,11,17,18,0,3,1,0,0,0.7238805970149254,0.7238805970149254
27,134,107,2025,11,17,19,0,3,1,0,0,0.7985074626865671,0.7985074626865671
25,134,109,2025,11,17,19,0,3,1,0,0,0.8134328358208955,0.8134328358208955
25,134,109,2025,11,17,20,0,3,1,0,0,0.8134328358208955,0.8134328358208955
15,134,119,2025,11,17,20,0,3,1,0,0,0.8880597014925373,0.8880597014925373
13,134,121,2025,11,17,21,0,3,1,0,0,0.9029850746268657,0.9029850746268657
18,134,116,2025,11,17,22,0,3,1,0,0,0.8656716417910447,0.8656716417910447
25,134,109,2025,11,17,23,0,3,1,0,0,0.8134328358208955,0.8134328358208955
24,134,110,2025,11,17,23,0,3,1,0,0,0.8208955223880597,0.8208955223880597
27,134,107,2025,11,18,0,1,3,1,0,0,0.7985074626865671,0.7985074626865671
31,134,103,2025,11,18,0,1,3,1,0,0,0.7686567164179104,0.7686567164179104
127,134,7,2025,11,18,6,1,3,1,0,0,0.05223880597014925,0.05223880597014925
129,134,5,2025,11,18,6,1,3,1,0,0,0.03731343283582089,0.03731343283582089
132,134,2,2025,11,18,7,1,3,1,0,0,0.014925373134328358,0.014925373134328358
131,134,3,2025,11,18,7,1,3,1,0,0,0.022388059701492536,0.022388059701492536
131,134,3,2025,11,18,8,1,3,1,0,0,0.022388059701492536,0.022388059701492536
128,134,6,2025,11,18,8,1,3,1,0,0,0.04477611940298507,0.04477611940298507
117,134,17,2025,11,18,10,1,3,1,0,0,0.12686567164179105,0.12686567164179105
96,134,38,2025,11,18,11,1,3,1,0,0,0.2835820895522388,0.2835820895522388
88,134,46,2025,11,18,12,1,3,1,0,0,0.34328358208955223,0.34328358208955223
85,134,49,2025,11,18,13,1,3,1,0,0,0.3656716417910448,0.3656716417910448
82,134,52,2025,11,18,13,1,3,1,0,0,0.3880597014925373,0.3880597014925373
80,134,54,2025,11,18,14,1,3,1,0,0,0.40298507462686567,0.40298507462686567
75,134,59,2025,11,18,14,1,3,1,0,0,0.44029850746268656,0.44029850746268656
64,134,70,2025,11,18,15,1,3,1,0,0,0.5223880597014925,0.5223880597014925
62,134,72,2025,11,18,15,1,3,1,0,0,0.5373134328358209,0.5373134328358209
62,134,72,2025,11,18,16,1,3,1,0,0,0.5373134328358209,0.5373134328358209
56,134,78,2025,11,18,16,1,3,1,0,0,0.582089552238806,0.582089552238806
49,134,85,2025,11,18,17,1,3,1,0,0,0.6343283582089553,0.6343283582089553
43,134,91,2025,11,18,17,1,3,1,0,0,0.6791044776119403,0.6791044776119403
41,134,93,2025,11,18,18,1,3,1,0,0,0.6940298507462687,0.6940298507462687
40,134,94,2025,11,18,18,1,3,1,0,0,0.7014925373134329,0.7014925373134329
32,134,102,2025,11,18,19,1,3,1,0,0,0.7611940298507462,0.7611940298507462
26,134,108,2025,11,18,19,1,3,1,0,0,0.8059701492537313,0.8059701492537313
20,134,114,2025,11,18,20,1,3,1,0,0,0.8507462686567164,0.8507462686567164
17,134,117,2025,11,18,20,1,3,1,0,0,0.8731343283582089,0.8731343283582089
10,134,124,2025,11,18,21,1,3,1,0,0,0.9253731343283582,0.9253731343283582
15,134,119,2025,11,18,22,1,3,1,0,0,0.8880597014925373,0.8880597014925373
22,134,112,2025,11,18,23,1,3,1,0,0,0.835820895522388,0.835820895522388
29,134,105,2025,11,18,23,1,3,1,0,0,0.7835820895522388,0.7835820895522388
27,134,107,2025,11,19,0,2,3,1,0,0,0.7985074626865671,0.7985074626865671
41,134,93,2025,11,19,0,2,3,1,0,0,0.6940298507462687,0.6940298507462687
129,134,5,2025,11,19,7,2,3,1,0,0,0.03731343283582089,0.03731343283582089
129,134,5,2025,11,19,7,2,3,1,0,0,0.03731343283582089,0.03731343283582089
125,134,9,2025,11,19,8,2,3,1,0,0,0.06716417910447761,0.06716417910447761
121,134,13,2025,11,19,8,2,3,1,0,0,0.09701492537313433,0.09701492537313433
107,134,27,2025,11,19,10,2,3,1,0,0,0.20149253731343283,0.20149253731343283
100,134,34,2025,11,19,11,2,3,1,0,0,0.2537313432835821,0.2537313432835821
94,134,40,2025,11,19,12,2,3,1,0,0,0.29850746268656714,0.29850746268656714
79,134,55,2025,11,19,13,2,3,1,0,0,0.41044776119402987,0.41044776119402987
75,134,59,2025,11,19,13,2,3,1,0,0,0.44029850746268656,0.44029850746268656
74,134,60,2025,11,19,14,2,3,1,0,0,0.44776119402985076,0.44776119402985076
72,134,62,2025,11,19,14,2,3,1,0,0,0.4626865671641791,0.4626865671641791
67,134,67,2025,11,19,15,2,3,1,0,0,0.5,0.5
66,134,68,2025,11,19,15,2,3,1,0,0,0.5074626865671642,0.5074626865671642
59,134,75,2025,11,19,16,2,3,1,0,0,0.5597014925373134,0.5597014925373134
57,134,77,2025,11,19,16,2,3,1,0,0,0.5746268656716418,0.5746268656716418
41,134,93,2025,11,19,17,2,3,1,0,0,0.6940298507462687,0.6940298507462687
34,134,100,2025,11,19,17,2,3,1,0,0,0.746268656716418,0.746268656716418
27,134,107,2025,11,19,18,2,3,1,0,0,0.7985074626865671,0.7985074626865671
25,134,109,2025,11,19,18,2,3,1,0,0,0.8134328358208955,0.8134328358208955
27,134,107,2025,11,19,19,2,3,1,0,0,0.7985074626865671,0.7985074626865671
24,134,110,2025,11,19,19,2,3,1,0,0,0.8208955223880597,0.8208955223880597
25,134,109,2025,11,19,20,2,3,1,0,0,0.8134328358208955,0.8134328358208955
24,134,110,2025,11,19,20,2,3,1,0,0,0.8208955223880597,0.8208955223880597
25,134,109,2025,11,19,21,2,3,1,0,0,0.8134328358208955,0.8134328358208955
29,134,105,2025,11,19,22,2,3,1,0,0,0.7835820895522388,0.7835820895522388
33,134,101,2025,11,19,23,2,3,1,0,0,0.753731343283582,0.753731343283582
28,134,106,2025,11,19,23,2,3,1,0,0,0.7910447761194029,0.7910447761194029
20,134,114,2025,11,20,0,3,3,1,0,0,0.8507462686567164,0.8507462686567164
31,134,103,2025,11,20,0,3,3,1,0,0,0.7686567164179104,0.7686567164179104
128,134,6,2025,11,20,6,3,3,1,0,0,0.04477611940298507,0.04477611940298507
130,134,4,2025,11,20,6,3,3,1,0,0,0.029850746268656716,0.029850746268656716
132,134,2,2025,11,20,7,3,3,1,0,0,0.014925373134328358,0.014925373134328358
132,134,2,2025,11,20,7,3,3,1,0,0,0.014925373134328358,0.014925373134328358
129,134,5,2025,11,20,8,3,3,1,0,0,0.03731343283582089,0.03731343283582089
125,134,9,2025,11,20,8,3,3,1,0,0,0.06716417910447761,0.06716417910447761
118,134,16,2025,11,20,10,3,3,1,0,0,0.11940298507462686,0.11940298507462686
102,134,32,2025,11,20,11,3,3,1,0,0,0.23880597014925373,0.23880597014925373
99,134,35,2025,11,20,12,3,3,1,0,0,0.26119402985074625,0.26119402985074625
91,134,43,2025,11,20,13,3,3,1,0,0,0.3208955223880597,0.3208955223880597
87,134,47,2025,11,20,13,3,3,1,0,0,0.35074626865671643,0.35074626865671643
85,134,49,2025,11,20,14,3,3,1,0,0,0.3656716417910448,0.3656716417910448
77,134,57,2025,11,20,14,3,3,1,0,0,0.4253731343283582,0.4253731343283582
69,134,65,2025,11,20,15,3,3,1,0,0,0.48507462686567165,0.48507462686567165
61,134,73,2025,11,20,15,3,3,1,0,0,0.5447761194029851,0.5447761194029851
53,134,81,2025,11,20,16,3,3,1,0,0,0.6044776119402985,0.6044776119402985
50,134,84,2025,11,20,16,3,3,1,0,0,0.6268656716417911,0.6268656716417911
51,134,83,2025,11,20,17,3,3,1,0,0,0.6194029850746269,0.6194029850746269
44,134,90,2025,11,20,17,3,3,1,0,0,0.6716417910447762,0.6716417910447762
37,134,97,2025,11,20,18,3,3,1,0,0,0.7238805970149254,0.7238805970149254
32,134,102,2025,11,20,18,3,3,1,0,0,0.7611940298507462,0.7611940298507462
30,134,104,2025,11,20,19,3,3,1,0,0,0.7761194029850746,0.7761194029850746
26,134,108,2025,11,20,19,3,3,1,0,0,0.8059701492537313,0.8059701492537313
20,134,114,2025,11,20,20,3,3,1,0,0,0.8507462686567164,0.8507462686567164
20,134,114,2025,11,20,21,3,3,1,0,0,0.8507462686567164,0.8507462686567164
25,134,109,2025,11,20,22,3,3,1,0,0,0.8134328358208955,0.8134328358208955
23,134,111,2025,11,20,22,3,3,1,0,0,0.8283582089552238,0.8283582089552238
24,134,110,2025,11,20,23,3,3,1,0,0,0.8208955223880597,0.8208955223880597
28,134,106,2025,11,20,23,3,3,1,0,0,0.7910447761194029,0.7910447761194029
18,134,116,2025,11,21,0,4,3,1,0,0,0.8656716417910447,0.8656716417910447
26,134,108,2025,11,21,0,4,3,1,0,0,0.8059701492537313,0.8059701492537313
128,134,6,2025,11,21,6,4,3,1,0,0,0.04477611940298507,0.04477611940298507
128,134,6,2025,11,21,6,4,3,1,0,0,0.04477611940298507,0.04477611940298507
131,134,3,2025,11,21,7,4,3,1,0,0,0.022388059701492536,0.022388059701492536
131,134,3,2025,11,21,7,4,3,1,0,0,0.022388059701492536,0.022388059701492536
129,134,5,2025,11,21,8,4,3,1,0,0,0.03731343283582089,0.03731343283582089
128,134,6,2025,11,21,8,4,3,1,0,0,0.04477611940298507,0.04477611940298507
125,134,9,2025,11,21,10,4,3,1,0,0,0.06716417910447761,0.06716417910447761
115,134,19,2025,11,21,11,4,3,1,0,0,0.1417910447761194,0.1417910447761194
114,134,20,2025,11,21,12,4,3,1,0,0,0.14925373134328357,0.14925373134328357
107,134,27,2025,11,21,13,4,3,1,0,0,0.20149253731343283,0.20149253731343283
106,134,28,2025,11,21,13,4,3,1,0,0,0.208955223880597,0.208955223880597
103,134,31,2025,11,21,14,4,3,1,0,0,0.23134328358208955,0.23134328358208955
100,134,34,2025,11,21,14,4,3,1,0,0,0.2537313432835821,0.2537313432835821
90,134,44,2025,11,21,15,4,3,1,0,0,0.3283582089552239,0.3283582089552239
90,134,44,2025,11,21,15,4,3,1,0,0,0.3283582089552239,0.3283582089552239
86,134,48,2025,11,21,16,4,3,1,0,0,0.3582089552238806,0.3582089552238806
87,134,47,2025,11,21,16,4,3,1,0,0,0.35074626865671643,0.35074626865671643
82,134,52,2025,11,21,17,4,3,1,0,0,0.3880597014925373,0.3880597014925373
80,134,54,2025,11,21,17,4,3,1,0,0,0.40298507462686567,0.40298507462686567
73,134,61,2025,11,21,18,4,3,1,0,0,0.4552238805970149,0.4552238805970149
69,134,65,2025,11,21,18,4,3,1,0,0,0.48507462686567165,0.48507462686567165
69,134,65,2025,11,21,19,4,3,1,0,0,0.48507462686567165,0.48507462686567165
69,134,65,2025,11,21,19,4,3,1,0,0,0.48507462686567165,0.48507462686567165
67,134,67,2025,11,21,20,4,3,1,0,0,0.5,0.5
67,134,67,2025,11,21,20,4,3,1,0,0,0.5,0.5
61,134,73,2025,11,21,21,4,3,1,0,0,0.5447761194029851,0.5447761194029851
65,134,69,2025,11,21,22,4,3,1,0,0,0.5149253731343284,0.5149253731343284
63,134,71,2025,11,21,22,4,3,1,0,0,0.5298507462686567,0.5298507462686567
66,134,68,2025,11,21,23,4,3,1,0,0,0.5074626865671642,0.5074626865671642
64,134,70,2025,11,21,23,4,3,1,0,0,0.5223880597014925,0.5223880597014925
53,134,81,2025,11,22,0,5,3,1,0,0,0.6044776119402985,0.6044776119402985
56,134,78,2025,11,22,0,5,3,1,0,0,0.582089552238806,0.582089552238806
129,134,5,2025,11,22,6,5,3,1,0,0,0.03731343283582089,0.03731343283582089
129,134,5,2025,11,22,6,5,3,1,0,0,0.03731343283582089,0.03731343283582089
131,134,3,2025,11,22,7,5,3,1,0,0,0.022388059701492536,0.022388059701492536
129,134,5,2025,11,22,7,5,3,1,0,0,0.03731343283582089,0.03731343283582089
130,134,4,2025,11,22,8,5,3,1,0,0,0.029850746268656716,0.029850746268656716
130,134,4,2025,11,22,8,5,3,1,0,0,0.029850746268656716,0.029850746268656716
128,134,6,2025,11,22,10,5,3,1,0,0,0.04477611940298507,0.04477611940298507
121,134,13,2025,11,22,11,5,3,1,0,0,0.09701492537313433,0.09701492537313433
112,134,22,2025,11,22,12,5,3,1,0,0,0.16417910447761194,0.16417910447761194
109,134,25,2025,11,22,13,5,3,1,0,0,0.1865671641791045,0.1865671641791045
107,134,27,2025,11,22,13,5,3,1,0,0,0.20149253731343283,0.20149253731343283
102,134,32,2025,11,22,14,5,3,1,0,0,0.23880597014925373,0.23880597014925373
95,134,39,2025,11,22,14,5,3,1,0,0,0.291044776119403,0.291044776119403
88,134,46,2025,11,22,15,5,3,1,0,0,0.34328358208955223,0.34328358208955223
84,134,50,2025,11,22,15,5,3,1,0,0,0.373134328358209,0.373134328358209
80,134,54,2025,11,22,16,5,3,1,0,0,0.40298507462686567,0.40298507462686567
81,134,53,2025,11,22,16,5,3,1,0,0,0.39552238805970147,0.39552238805970147
71,134,63,2025,11,22,17,5,3,1,0,0,0.4701492537313433,0.4701492537313433
70,134,64,2025,11,22,17,5,3,1,0,0,0.47761194029850745,0.47761194029850745
67,134,67,2025,11,22,18,5,3,1,0,0,0.5,0.5
66,134,68,2025,11,22,18,5,3,1,0,0,0.5074626865671642,0.5074626865671642
63,134,71,2025,11,22,19,5,3,1,0,0,0.5298507462686567,0.5298507462686567
63,134,71,2025,11,22,19,5,3,1,0,0,0.5298507462686567,0.5298507462686567
59,134,75,2025,11,22,20,5,3,1,0,0,0.5597014925373134,0.5597014925373134
58,134,76,2025,11,22,20,5,3,1,0,0,0.5671641791044776,0.5671641791044776
61,134,73,2025,11,22,21,5,3,1,0,0,0.5447761194029851,0.5447761194029851
65,134,69,2025,11,22,22,5,3,1,0,0,0.5149253731343284,0.5149253731343284
65,134,69,2025,11,22,22,5,3,1,0,0,0.5149253731343284,0.5149253731343284
72,134,62,2025,11,22,23,5,3,1,0,0,0.4626865671641791,0.4626865671641791
69,134,65,2025,11,22,23,5,3,1,0,0,0.48507462686567165,0.48507462686567165
56,134,78,2025,11,23,0,6,3,1,0,0,0.582089552238806,0.582089552238806
62,134,72,2025,11,23,0,6,3,1,0,0,0.5373134328358209,0.5373134328358209
130,134,4,2025,11,23,6,6,3,1,0,0,0.029850746268656716,0.029850746268656716
131,134,3,2025,11,23,6,6,3,1,0,0,0.022388059701492536,0.022388059701492536
131,134,3,2025,11,23,7,6,3,1,0,0,0.022388059701492536,0.022388059701492536
131,134,3,2025,11,23,7,6,3,1,0,0,0.022388059701492536,0.022388059701492536
130,134,4,2025,11,23,8,6,3,1,0,0,0.029850746268656716,0.029850746268656716
130,134,4,2025,11,23,8,6,3,1,0,0,0.029850746268656716,0.029850746268656716
121,134,13,2025,11,23,10,6,3,1,0,0,0.09701492537313433,0.09701492537313433
101,134,33,2025,11,23,12,6,3,1,0,0,0.2462686567164179,0.2462686567164179
89,134,45,2025,11,23,13,6,3,1,0,0,0.3358208955223881,0.3358208955223881
80,134,54,2025,11,23,13,6,3,1,0,0,0.40298507462686567,0.40298507462686567
75,134,59,2025,11,23,14,6,3,1,0,0,0.44029850746268656,0.44029850746268656
72,134,62,2025,11,23,14,6,3,1,0,0,0.4626865671641791,0.4626865671641791
67,134,67,2025,11,23,15,6,3,1,0,0,0.5,0.5
69,134,65,2025,11,23,15,6,3,1,0,0,0.48507462686567165,0.48507462686567165
64,134,70,2025,11,23,16,6,3,1,0,0,0.5223880597014925,0.5223880597014925
56,134,78,2025,11,23,16,6,3,1,0,0,0.582089552238806,0.582089552238806
51,134,83,2025,11,23,17,6,3,1,0,0,0.6194029850746269,0.6194029850746269
55,134,79,2025,11,23,17,6,3,1,0,0,0.5895522388059702,0.5895522388059702
50,134,84,2025,11,23,18,6,3,1,0,0,0.6268656716417911,0.6268656716417911
48,134,86,2025,11,23,18,6,3,1,0,0,0.6417910447761194,0.6417910447761194
39,134,95,2025,11,23,19,6,3,1,0,0,0.7089552238805971,0.7089552238805971
39,134,95,2025,11,23,19,6,3,1,0,0,0.7089552238805971,0.7089552238805971
35,134,99,2025,11,23,20,6,3,1,0,0,0.7388059701492538,0.7388059701492538
37,134,97,2025,11,23,20,6,3,1,0,0,0.7238805970149254,0.7238805970149254
24,134,110,2025,11,23,21,6,3,1,0,0,0.8208955223880597,0.8208955223880597
28,134,106,2025,11,23,22,6,3,1,0,0,0.7910447761194029,0.7910447761194029
30,134,104,2025,11,23,22,6,3,1,0,0,0.7761194029850746,0.7761194029850746
34,134,100,2025,11,23,23,6,3,1,0,0,0.746268656716418,0.746268656716418
39,134,95,2025,11,23,23,6,3,1,0,0,0.7089552238805971,0.7089552238805971
50,134,84,2025,11,24,0,0,3,1,0,0,0.6268656716417911,0.6268656716417911
55,134,79,2025,11,24,0,0,3,1,0,0,0.5895522388059702,0.5895522388059702
133,134,1,2025,11,24,6,0,3,1,0,0,0.007462686567164179,0.007462686567164179
134,134,0,2025,11,24,6,0,3,1,0,0,0.0,0.0
133,134,1,2025,11,24,7,0,3,1,0,0,0.007462686567164179,0.007462686567164179
132,134,2,2025,11,24,7,0,3,1,0,0,0.014925373134328358,0.014925373134328358
130,134,4,2025,11,24,8,0,3,1,0,0,0.029850746268656716,0.029850746268656716
123,134,11,2025,11,24,8,0,3,1,0,0,0.08208955223880597,0.08208955223880597
109,134,25,2025,11,24,10,0,3,1,0,0,0.1865671641791045,0.1865671641791045
89,134,45,2025,11,24,12,0,3,1,0,0,0.3358208955223881,0.3358208955223881
85,134,49,2025,11,24,13,0,3,1,0,0,0.3656716417910448,0.3656716417910448
74,134,60,2025,11,24,13,0,3,1,0,0,0.44776119402985076,0.44776119402985076
65,134,69,2025,11,24,14,0,3,1,0,0,0.5149253731343284,0.5149253731343284
63,134,71,2025,11,24,14,0,3,1,0,0,0.5298507462686567,0.5298507462686567
40,134,94,2025,11,24,15,0,3,1,0,0,0.7014925373134329,0.7014925373134329
34,134,100,2025,11,24,15,0,3,1,0,0,0.746268656716418,0.746268656716418
32,134,102,2025,11,24,16,0,3,1,0,0,0.7611940298507462,0.7611940298507462
29,134,105,2025,11,24,16,0,3,1,0,0,0.7835820895522388,0.7835820895522388
10,134,124,2025,11,24,17,0,3,1,0,0,0.9253731343283582,0.9253731343283582
4,134,130,2025,11,24,17,0,3,1,0,0,0.9701492537313433,0.9701492537313433
5,134,129,2025,11,24,18,0,3,1,0,0,0.9626865671641791,0.9626865671641791
4,134,130,2025,11,24,18,0,3,1,0,0,0.9701492537313433,0.9701492537313433
3,134,131,2025,11,24,19,0,3,1,0,0,0.9776119402985075,0.9776119402985075
2,134,132,2025,11,24,19,0,3,1,0,0,0.9850746268656716,0.9850746268656716
0,134,134,2025,11,24,20,0,3,1,0,0,1.0,1.0
1,134,133,2025,11,24,20,0,3,1,0,0,0.9925373134328358,0.9925373134328358
3,134,131,2025,11,24,21,0,3,1,0,0,0.9776119402985075,0.9776119402985075
13,134,121,2025,11,24,22,0,3,1,0,0,0.9029850746268657,0.9029850746268657
29,134,105,2025,11,24,23,0,3,1,0,0,0.7835820895522388,0.7835820895522388
34,134,100,2025,11,24,23,0,3,1,0,0,0.746268656716418,0.746268656716418
55,134,79,2025,11,25,0,1,3,1,0,0,0.5895522388059702,0.5895522388059702
58,134,76,2025,11,25,0,1,3,1,0,0,0.5671641791044776,0.5671641791044776
133,134,1,2025,11,25,6,1,3,1,0,0,0.007462686567164179,0.007462686567164179
133,134,1,2025,11,25,6,1,3,1,0,0,0.007462686567164179,0.007462686567164179
131,134,3,2025,11,25,7,1,3,1,0,0,0.022388059701492536,0.022388059701492536
130,134,4,2025,11,25,7,1,3,1,0,0,0.029850746268656716,0.029850746268656716
130,134,4,2025,11,25,8,1,3,1,0,0,0.029850746268656716,0.029850746268656716
123,134,11,2025,11,25,8,1,3,1,0,0,0.08208955223880597,0.08208955223880597
110,134,24,2025,11,25,10,1,3,1,0,0,0.1791044776119403,0.1791044776119403
94,134,40,2025,11,25,11,1,3,1,0,0,0.29850746268656714,0.29850746268656714
85,134,49,2025,11,25,12,1,3,1,0,0,0.3656716417910448,0.3656716417910448
75,134,59,2025,11,25,13,1,3,1,0,0,0.44029850746268656,0.44029850746268656
64,134,70,2025,11,25,13,1,3,1,0,0,0.5223880597014925,0.5223880597014925
57,134,77,2025,11,25,14,1,3,1,0,0,0.5746268656716418,0.5746268656716418
45,134,89,2025,11,25,14,1,3,1,0,0,0.664179104477612,0.664179104477612
22,134,112,2025,11,25,15,1,3,1,0,0,0.835820895522388,0.835820895522388
19,134,115,2025,11,25,15,1,3,1,0,0,0.8582089552238806,0.8582089552238806
21,134,113,2025,11,25,16,1,3,1,0,0,0.8432835820895522,0.8432835820895522
2,134,132,2025,11,25,17,1,3,1,0,0,0.9850746268656716,0.9850746268656716
3,134,131,2025,11,25,17,1,3,1,0,0,0.9776119402985075,0.9776119402985075
0,134,134,2025,11,25,18,1,3,1,0,0,1.0,1.0
1,134,133,2025,11,25,18,1,3,1,0,0,0.9925373134328358,0.9925373134328358
0,134,134,2025,11,25,19,1,3,1,0,0,1.0,1.0
0,134,134,2025,11,25,19,1,3,1,0,0,1.0,1.0
0,134,134,2025,11,25,20,1,3,1,0,0,1.0,1.0
0,134,134,2025,11,25,20,1,3,1,0,0,1.0,1.0
8,134,126,2025,11,25,21,1,3,1,0,0,0.9402985074626866,0.9402985074626866
15,134,119,2025,11,25,22,1,3,1,0,0,0.8880597014925373,0.8880597014925373
29,134,105,2025,11,25,23,1,3,1,0,0,0.7835820895522388,0.7835820895522388
44,134,90,2025,11,25,23,1,3,1,0,0,0.6716417910447762,0.6716417910447762
58,134,76,2025,11,26,0,2,3,1,0,0,0.5671641791044776,0.5671641791044776
70,134,64,2025,11,26,0,2,3,1,0,0,0.47761194029850745,0.47761194029850745
133,134,1,2025,11,26,6,2,3,1,0,0,0.007462686567164179,0.007462686567164179
133,134,1,2025,11,26,6,2,3,1,0,0,0.007462686567164179,0.007462686567164179
132,134,2,2025,11,26,7,2,3,1,0,0,0.014925373134328358,0.014925373134328358
131,134,3,2025,11,26,7,2,3,1,0,0,0.022388059701492536,0.022388059701492536
128,134,6,2025,11,26,8,2,3,1,0,0,0.04477611940298507,0.04477611940298507
126,134,8,2025,11,26,8,2,3,1,0,0,0.05970149253731343,0.05970149253731343
106,134,28,2025,11,26,10,2,3,1,0,0,0.208955223880597,0.208955223880597
82,134,52,2025,11,26,11,2,3,1,0,0,0.3880597014925373,0.3880597014925373
71,134,63,2025,11,26,12,2,3,1,0,0,0.4701492537313433,0.4701492537313433
63,134,71,2025,11,26,13,2,3,1,0,0,0.5298507462686567,0.5298507462686567
49,134,85,2025,11,26,13,2,3,1,0,0,0.6343283582089553,0.6343283582089553
37,134,97,2025,11,26,14,2,3,1,0,0,0.7238805970149254,0.7238805970149254
35,134,99,2025,11,26,14,2,3,1,0,0,0.7388059701492538,0.7388059701492538
0,134,134,2025,11,26,15,2,3,1,0,0,1.0,1.0
1,134,133,2025,11,26,15,2,3,1,0,0,0.9925373134328358,0.9925373134328358
0,134,134,2025,11,26,16,2,3,1,0,0,1.0,1.0
0,134,134,2025,11,26,16,2,3,1,0,0,1.0,1.0
0,134,134,2025,11,26,17,2,3,1,0,0,1.0,1.0
1,134,133,2025,11,26,17,2,3,1,0,0,0.9925373134328358,0.9925373134328358
0,134,134,2025,11,26,18,2,3,1,0,0,1.0,1.0
0,134,134,2025,11,26,18,2,3,1,0,0,1.0,1.0
0,134,134,2025,11,26,19,2,3,1,0,0,1.0,1.0
0,134,134,2025,11,26,19,2,3,1,0,0,1.0,1.0
1,134,133,2025,11,26,20,2,3,1,0,0,0.9925373134328358,0.9925373134328358
1,134,133,2025,11,26,20,2,3,1,0,0,0.9925373134328358,0.9925373134328358
4,134,130,2025,11,26,21,2,3,1,0,0,0.9701492537313433,0.9701492537313433
15,134,119,2025,11,26,22,2,3,1,0,0,0.8880597014925373,0.8880597014925373
30,134,104,2025,11,26,23,2,3,1,0,0,0.7761194029850746,0.7761194029850746
42,134,92,2025,11,26,23,2,3,1,0,0,0.6865671641791045,0.6865671641791045
58,134,76,2025,11,27,0,3,3,1,0,0,0.5671641791044776,0.5671641791044776
66,134,68,2025,11,27,0,3,3,1,0,0,0.5074626865671642,0.5074626865671642
132,134,2,2025,11,27,6,3,3,1,0,0,0.014925373134328358,0.014925373134328358
131,134,3,2025,11,27,6,3,3,1,0,0,0.022388059701492536,0.022388059701492536
130,134,4,2025,11,27,7,3,3,1,0,0,0.029850746268656716,0.029850746268656716
130,134,4,2025,11,27,7,3,3,1,0,0,0.029850746268656716,0.029850746268656716
127,134,7,2025,11,27,8,3,3,1,0,0,0.05223880597014925,0.05223880597014925
125,134,9,2025,11,27,8,3,3,1,0,0,0.06716417910447761,0.06716417910447761
116,134,18,2025,11,27,10,3,3,1,0,0,0.13432835820895522,0.13432835820895522
86,134,48,2025,11,27,11,3,3,1,0,0,0.3582089552238806,0.3582089552238806
78,134,56,2025,11,27,12,3,3,1,0,0,0.417910447761194,0.417910447761194
66,134,68,2025,11,27,13,3,3,1,0,0,0.5074626865671642,0.5074626865671642
54,134,80,2025,11,27,13,3,3,1,0,0,0.5970149253731343,0.5970149253731343
46,134,88,2025,11,27,14,3,3,1,0,0,0.6567164179104478,0.6567164179104478
24,134,110,2025,11,27,14,3,3,1,0,0,0.8208955223880597,0.8208955223880597
0,134,134,2025,11,27,15,3,3,1,0,0,1.0,1.0
0,134,134,2025,11,27,15,3,3,1,0,0,1.0,1.0
0,134,134,2025,11,27,16,3,3,1,0,0,1.0,1.0
0,134,134,2025,11,27,16,3,3,1,0,0,1.0,1.0
3,134,131,2025,11,27,17,3,3,1,0,0,0.9776119402985075,0.9776119402985075
6,134,128,2025,11,27,17,3,3,1,0,0,0.9552238805970149,0.9552238805970149
8,134,126,2025,11,27,18,3,3,1,0,0,0.9402985074626866,0.9402985074626866
6,134,128,2025,11,27,18,3,3,1,0,0,0.9552238805970149,0.9552238805970149
4,134,130,2025,11,27,19,3,3,1,0,0,0.9701492537313433,0.9701492537313433
4,134,130,2025,11,27,19,3,3,1,0,0,0.9701492537313433,0.9701492537313433
1,134,133,2025,11,27,20,3,3,1,0,0,0.9925373134328358,0.9925373134328358
0,134,134,2025,11,27,20,3,3,1,0,0,1.0,1.0
2,134,132,2025,11,27,21,3,3,1,0,0,0.9850746268656716,0.9850746268656716
17,134,117,2025,11,27,22,3,3,1,0,0,0.8731343283582089,0.8731343283582089
28,134,106,2025,11,27,23,3,3,1,0,0,0.7910447761194029,0.7910447761194029
42,134,92,2025,11,27,23,3,3,1,0,0,0.6865671641791045,0.6865671641791045
49,134,85,2025,11,28,0,4,3,1,0,0,0.6343283582089553,0.6343283582089553
63,134,71,2025,11,28,0,4,3,1,0,0,0.5298507462686567,0.5298507462686567
133,134,1,2025,11,28,6,4,3,1,0,0,0.007462686567164179,0.007462686567164179
134,134,0,2025,11,28,6,4,3,1,0,0,0.0,0.0
132,134,2,2025,11,28,7,4,3,1,0,0,0.014925373134328358,0.014925373134328358
131,134,3,2025,11,28,7,4,3,1,0,0,0.022388059701492536,0.022388059701492536
128,134,6,2025,11,28,8,4,3,1,0,0,0.04477611940298507,0.04477611940298507
124,134,10,2025,11,28,8,4,3,1,0,0,0.07462686567164178,0.07462686567164178
106,134,28,2025,11,28,10,4,3,1,0,0,0.208955223880597,0.208955223880597
86,134,48,2025,11,28,11,4,3,1,0,0,0.3582089552238806,0.3582089552238806
78,134,56,2025,11,28,12,4,3,1,0,0,0.417910447761194,0.417910447761194
67,134,67,2025,11,28,13,4,3,1,0,0,0.5,0.5
67,134,67,2025,11,28,13,4,3,1,0,0,0.5,0.5
62,134,72,2025,11,28,14,4,3,1,0,0,0.5373134328358209,0.5373134328358209
55,134,79,2025,11,28,14,4,3,1,0,0,0.5895522388059702,0.5895522388059702
45,134,89,2025,11,28,15,4,3,1,0,0,0.664179104477612,0.664179104477612
39,134,95,2025,11,28,15,4,3,1,0,0,0.7089552238805971,0.7089552238805971
35,134,99,2025,11,28,16,4,3,1,0,0,0.7388059701492538,0.7388059701492538
34,134,100,2025,11,28,16,4,3,1,0,0,0.746268656716418,0.746268656716418
19,134,115,2025,11,28,17,4,3,1,0,0,0.8582089552238806,0.8582089552238806
18,134,116,2025,11,28,17,4,3,1,0,0,0.8656716417910447,0.8656716417910447
14,134,120,2025,11,28,18,4,3,1,0,0,0.8955223880597015,0.8955223880597015
12,134,122,2025,11,28,18,4,3,1,0,0,0.9104477611940298,0.9104477611940298
9,134,125,2025,11,28,19,4,3,1,0,0,0.9328358208955224,0.9328358208955224
9,134,125,2025,11,28,19,4,3,1,0,0,0.9328358208955224,0.9328358208955224
10,134,124,2025,11,28,20,4,3,1,0,0,0.9253731343283582,0.9253731343283582
9,134,125,2025,11,28,20,4,3,1,0,0,0.9328358208955224,0.9328358208955224
11,134,123,2025,11,28,21,4,3,1,0,0,0.917910447761194,0.917910447761194
21,134,113,2025,11,28,22,4,3,1,0,0,0.8432835820895522,0.8432835820895522
26,134,108,2025,11,28,22,4,3,1,0,0,0.8059701492537313,0.8059701492537313
38,134,96,2025,11,28,23,4,3,1,0,0,0.7164179104477612,0.7164179104477612
41,134,93,2025,11,28,23,4,3,1,0,0,0.6940298507462687,0.6940298507462687
57,134,77,2025,11,29,0,5,3,1,0,0,0.5746268656716418,0.5746268656716418
62,134,72,2025,11,29,0,5,3,1,0,0,0.5373134328358209,0.5373134328358209
132,134,2,2025,11,29,6,5,3,1,0,0,0.014925373134328358,0.014925373134328358
132,134,2,2025,11,29,6,5,3,1,0,0,0.014925373134328358,0.014925373134328358
131,134,3,2025,11,29,7,5,3,1,0,0,0.022388059701492536,0.022388059701492536
131,134,3,2025,11,29,7,5,3,1,0,0,0.022388059701492536,0.022388059701492536
130,134,4,2025,11,29,8,5,3,1,0,0,0.029850746268656716,0.029850746268656716
127,134,7,2025,11,29,8,5,3,1,0,0,0.05223880597014925,0.05223880597014925
121,134,13,2025,11,29,10,5,3,1,0,0,0.09701492537313433,0.09701492537313433
98,134,36,2025,11,29,11,5,3,1,0,0,0.26865671641791045,0.26865671641791045
84,134,50,2025,11,29,12,5,3,1,0,0,0.373134328358209,0.373134328358209
70,134,64,2025,11,29,13,5,3,1,0,0,0.47761194029850745,0.47761194029850745
59,134,75,2025,11,29,13,5,3,1,0,0,0.5597014925373134,0.5597014925373134
45,134,89,2025,11,29,14,5,3,1,0,0,0.664179104477612,0.664179104477612
35,134,99,2025,11,29,14,5,3,1,0,0,0.7388059701492538,0.7388059701492538
10,134,124,2025,11,29,15,5,3,1,0,0,0.9253731343283582,0.9253731343283582
2,134,132,2025,11,29,15,5,3,1,0,0,0.9850746268656716,0.9850746268656716
0,134,134,2025,11,29,16,5,3,1,0,0,1.0,1.0
1,134,133,2025,11,29,16,5,3,1,0,0,0.9925373134328358,0.9925373134328358
1,134,133,2025,11,29,17,5,3,1,0,0,0.9925373134328358,0.9925373134328358
0,134,134,2025,11,29,18,5,3,1,0,0,1.0,1.0
7,134,127,2025,11,29,18,5,3,1,0,0,0.9477611940298507,0.9477611940298507
2,134,132,2025,11,29,19,5,3,1,0,0,0.9850746268656716,0.9850746268656716
3,134,131,2025,11,29,19,5,3,1,0,0,0.9776119402985075,0.9776119402985075
4,134,130,2025,11,29,20,5,3,1,0,0,0.9701492537313433,0.9701492537313433
6,134,128,2025,11,29,20,5,3,1,0,0,0.9552238805970149,0.9552238805970149
13,134,121,2025,11,29,21,5,3,1,0,0,0.9029850746268657,0.9029850746268657
26,134,108,2025,11,29,22,5,3,1,0,0,0.8059701492537313,0.8059701492537313
29,134,105,2025,11,29,22,5,3,1,0,0,0.7835820895522388,0.7835820895522388
43,134,91,2025,11,29,23,5,3,1,0,0,0.6791044776119403,0.6791044776119403
52,134,82,2025,11,29,23,5,3,1,0,0,0.6119402985074627,0.6119402985074627
65,134,69,2025,11,30,0,6,3,1,0,0,0.5149253731343284,0.5149253731343284
69,134,65,2025,11,30,0,6,3,1,0,0,0.48507462686567165,0.48507462686567165
133,134,1,2025,11,30,6,6,3,1,0,0,0.007462686567164179,0.007462686567164179
132,134,2,2025,11,30,6,6,3,1,0,0,0.014925373134328358,0.014925373134328358
132,134,2,2025,11,30,7,6,3,1,0,0,0.014925373134328358,0.014925373134328358
132,134,2,2025,11,30,7,6,3,1,0,0,0.014925373134328358,0.014925373134328358
131,134,3,2025,11,30,8,6,3,1,0,0,0.022388059701492536,0.022388059701492536
131,134,3,2025,11,30,8,6,3,1,0,0,0.022388059701492536,0.022388059701492536
70,134,64,2025,11,30,12,6,3,1,0,0,0.47761194029850745,0.47761194029850745
45,134,89,2025,11,30,13,6,3,1,0,0,0.664179104477612,0.664179104477612
16,134,118,2025,11,30,13,6,3,1,0,0,0.8805970149253731,0.8805970149253731
2,134,132,2025,11,30,14,6,3,1,0,0,0.9850746268656716,0.9850746268656716
60,62,2,2025,9,25,6,3,4,0,0,0,0.03225806451612903,0.03225806451612903
60,62,2,2025,9,25,6,3,4,0,0,0,0.03225806451612903,0.03225806451612903
59,62,3,2025,9,25,7,3,4,0,0,0,0.04838709677419355,0.04838709677419355
59,62,3,2025,9,25,7,3,4,0,0,0,0.04838709677419355,0.04838709677419355
59,62,3,2025,9,25,8,3,4,0,0,0,0.04838709677419355,0.04838709677419355
57,62,5,2025,9,25,8,3,4,0,0,0,0.08064516129032258,0.08064516129032258
55,62,7,2025,9,25,10,3,4,0,0,0,0.11290322580645161,0.11290322580645161
53,62,9,2025,9,25,12,3,4,0,0,0,0.14516129032258066,0.14516129032258066
52,62,10,2025,9,25,12,3,4,0,0,0,0.16129032258064516,0.16129032258064516
51,62,11,2025,9,25,13,3,4,0,0,0,0.1774193548387097,0.1774193548387097
51,62,11,2025,9,25,13,3,4,0,0,0,0.1774193548387097,0.1774193548387097
48,62,14,2025,9,25,14,3,4,0,0,0,0.22580645161290322,0.22580645161290322
48,62,14,2025,9,25,14,3,4,0,0,0,0.22580645161290322,0.22580645161290322
47,62,15,2025,9,25,15,3,4,0,0,0,0.24193548387096775,0.24193548387096775
42,62,20,2025,9,25,16,3,4,0,0,0,0.3225806451612903,0.3225806451612903
41,62,21,2025,9,25,16,3,4,0,0,0,0.3387096774193548,0.3387096774193548
40,62,22,2025,9,25,17,3,4,0,0,0,0.3548387096774194,0.3548387096774194
40,62,22,2025,9,25,18,3,4,0,0,0,0.3548387096774194,0.3548387096774194
41,62,21,2025,9,25,18,3,4,0,0,0,0.3387096774193548,0.3387096774193548
41,62,21,2025,9,25,19,3,4,0,0,0,0.3387096774193548,0.3387096774193548
41,62,21,2025,9,25,19,3,4,0,0,0,0.3387096774193548,0.3387096774193548
41,62,21,2025,9,25,20,3,4,0,0,0,0.3387096774193548,0.3387096774193548
40,62,22,2025,9,25,20,3,4,0,0,0,0.3548387096774194,0.3548387096774194
38,62,24,2025,9,25,21,3,4,0,0,0,0.3870967741935484,0.3870967741935484
43,62,19,2025,9,25,21,3,4,0,0,0,0.3064516129032258,0.3064516129032258
45,62,17,2025,9,25,22,3,4,0,0,0,0.27419354838709675,0.27419354838709675
46,62,16,2025,9,25,22,3,4,0,0,0,0.25806451612903225,0.25806451612903225
50,62,12,2025,9,25,23,3,4,0,0,0,0.1935483870967742,0.1935483870967742
51,62,11,2025,9,25,23,3,4,0,0,0,0.1774193548387097,0.1774193548387097
51,62,11,2025,9,26,0,4,4,0,0,0,0.1774193548387097,0.1774193548387097
61,62,1,2025,9,26,6,4,4,0,0,0,0.016129032258064516,0.016129032258064516
61,62,1,2025,9,26,6,4,4,0,0,0,0.016129032258064516,0.016129032258064516
60,62,2,2025,9,26,7,4,4,0,0,0,0.03225806451612903,0.03225806451612903
61,62,1,2025,9,26,7,4,4,0,0,0,0.016129032258064516,0.016129032258064516
61,62,1,2025,9,26,8,4,4,0,0,0,0.016129032258064516,0.016129032258064516
59,62,3,2025,9,26,8,4,4,0,0,0,0.04838709677419355,0.04838709677419355
57,62,5,2025,9,26,9,4,4,0,0,0,0.08064516129032258,0.08064516129032258
57,62,5,2025,9,26,9,4,4,0,0,0,0.08064516129032258,0.08064516129032258
56,62,6,2025,9,26,10,4,4,0,0,0,0.0967741935483871,0.0967741935483871
56,62,6,2025,9,26,10,4,4,0,0,0,0.0967741935483871,0.0967741935483871
55,62,7,2025,9,26,11,4,4,0,0,0,0.11290322580645161,0.11290322580645161
54,62,8,2025,9,26,11,4,4,0,0,0,0.12903225806451613,0.12903225806451613
54,62,8,2025,9,26,12,4,4,0,0,0,0.12903225806451613,0.12903225806451613
53,62,9,2025,9,26,12,4,4,0,0,0,0.14516129032258066,0.14516129032258066
50,62,12,2025,9,26,13,4,4,0,0,0,0.1935483870967742,0.1935483870967742
50,62,12,2025,9,26,13,4,4,0,0,0,0.1935483870967742,0.1935483870967742
49,62,13,2025,9,26,14,4,4,0,0,0,0.20967741935483872,0.20967741935483872
49,62,13,2025,9,26,14,4,4,0,0,0,0.20967741935483872,0.20967741935483872
49,62,13,2025,9,26,15,4,4,0,0,0,0.20967741935483872,0.20967741935483872
48,62,14,2025,9,26,15,4,4,0,0,0,0.22580645161290322,0.22580645161290322
45,62,17,2025,9,26,16,4,4,0,0,0,0.27419354838709675,0.27419354838709675
47,62,15,2025,9,26,16,4,4,0,0,0,0.24193548387096775,0.24193548387096775
47,62,15,2025,9,26,17,4,4,0,0,0,0.24193548387096775,0.24193548387096775
46,62,16,2025,9,26,17,4,4,0,0,0,0.25806451612903225,0.25806451612903225
46,62,16,2025,9,26,18,4,4,0,0,0,0.25806451612903225,0.25806451612903225
46,62,16,2025,9,26,18,4,4,0,0,0,0.25806451612903225,0.25806451612903225
47,62,15,2025,9,26,19,4,4,0,0,0,0.24193548387096775,0.24193548387096775
47,62,15,2025,9,26,19,4,4,0,0,0,0.24193548387096775,0.24193548387096775
48,62,14,2025,9,26,20,4,4,0,0,0,0.22580645161290322,0.22580645161290322
48,62,14,2025,9,26,20,4,4,0,0,0,0.22580645161290322,0.22580645161290322
51,62,11,2025,9,26,21,4,4,0,0,0,0.1774193548387097,0.1774193548387097
50,62,12,2025,9,26,21,4,4,0,0,0,0.1935483870967742,0.1935483870967742
53,62,9,2025,9,26,22,4,4,0,0,0,0.14516129032258066,0.14516129032258066
53,62,9,2025,9,26,22,4,4,0,0,0,0.14516129032258066,0.14516129032258066
52,62,10,2025,9,26,22,4,4,0,0,0,0.16129032258064516,0.16129032258064516
54,62,8,2025,9,26,23,4,4,0,0,0,0.12903225806451613,0.12903225806451613
55,62,7,2025,9,26,23,4,4,0,0,0,0.11290322580645161,0.11290322580645161
62,62,0,2025,9,27,6,5,4,0,0,0,0.0,0.0
62,62,0,2025,9,27,6,5,4,0,0,0,0.0,0.0
61,62,1,2025,9,27,7,5,4,0,0,0,0.016129032258064516,0.016129032258064516
61,62,1,2025,9,27,7,5,4,0,0,0,0.016129032258064516,0.016129032258064516
61,62,1,2025,9,27,8,5,4,0,0,0,0.016129032258064516,0.016129032258064516
61,62,1,2025,9,27,8,5,4,0,0,0,0.016129032258064516,0.016129032258064516
58,62,4,2025,9,27,10,5,4,0,0,0,0.06451612903225806,0.06451612903225806
56,62,6,2025,9,27,11,5,4,0,0,0,0.0967741935483871,0.0967741935483871
54,62,8,2025,9,27,12,5,4,0,0,0,0.12903225806451613,0.12903225806451613
55,62,7,2025,9,27,12,5,4,0,0,0,0.11290322580645161,0.11290322580645161
53,62,9,2025,9,27,12,5,4,0,0,0,0.14516129032258066,0.14516129032258066
53,62,9,2025,9,27,13,5,4,0,0,0,0.14516129032258066,0.14516129032258066
52,62,10,2025,9,27,13,5,4,0,0,0,0.16129032258064516,0.16129032258064516
52,62,10,2025,9,27,14,5,4,0,0,0,0.16129032258064516,0.16129032258064516
51,62,11,2025,9,27,14,5,4,0,0,0,0.1774193548387097,0.1774193548387097
52,62,10,2025,9,27,15,5,4,0,0,0,0.16129032258064516,0.16129032258064516
52,62,10,2025,9,27,15,5,4,0,0,0,0.16129032258064516,0.16129032258064516
53,62,9,2025,9,27,16,5,4,0,0,0,0.14516129032258066,0.14516129032258066
53,62,9,2025,9,27,16,5,4,0,0,0,0.14516129032258066,0.14516129032258066
51,62,11,2025,9,27,17,5,4,0,0,0,0.1774193548387097,0.1774193548387097
51,62,11,2025,9,27,17,5,4,0,0,0,0.1774193548387097,0.1774193548387097
52,62,10,2025,9,27,18,5,4,0,0,0,0.16129032258064516,0.16129032258064516
52,62,10,2025,9,27,18,5,4,0,0,0,0.16129032258064516,0.16129032258064516
49,62,13,2025,9,27,19,5,4,0,0,0,0.20967741935483872,0.20967741935483872
51,62,11,2025,9,27,19,5,4,0,0,0,0.1774193548387097,0.1774193548387097
52,62,10,2025,9,27,20,5,4,0,0,0,0.16129032258064516,0.16129032258064516
50,62,12,2025,9,27,20,5,4,0,0,0,0.1935483870967742,0.1935483870967742
50,62,12,2025,9,27,21,5,4,0,0,0,0.1935483870967742,0.1935483870967742
49,62,13,2025,9,27,22,5,4,0,0,0,0.20967741935483872,0.20967741935483872
49,62,13,2025,9,27,22,5,4,0,0,0,0.20967741935483872,0.20967741935483872
53,62,9,2025,9,27,23,5,4,0,0,0,0.14516129032258066,0.14516129032258066
54,62,8,2025,9,27,23,5,4,0,0,0,0.12903225806451613,0.12903225806451613
62,62,0,2025,9,28,6,6,4,0,0,0,0.0,0.0
62,62,0,2025,9,28,6,6,4,0,0,0,0.0,0.0
62,62,0,2025,9,28,7,6,4,0,0,0,0.0,0.0
62,62,0,2025,9,28,7,6,4,0,0,0,0.0,0.0
62,62,0,2025,9,28,8,6,4,0,0,0,0.0,0.0
62,62,0,2025,9,28,8,6,4,0,0,0,0.0,0.0
60,62,2,2025,9,28,10,6,4,0,0,0,0.03225806451612903,0.03225806451612903
60,62,2,2025,9,28,11,6,4,0,0,0,0.03225806451612903,0.03225806451612903
60,62,2,2025,9,28,11,6,4,0,0,0,0.03225806451612903,0.03225806451612903
58,62,4,2025,9,28,12,6,4,0,0,0,0.06451612903225806,0.06451612903225806
57,62,5,2025,9,28,13,6,4,0,0,0,0.08064516129032258,0.08064516129032258
56,62,6,2025,9,28,13,6,4,0,0,0,0.0967741935483871,0.0967741935483871
55,62,7,2025,9,28,14,6,4,0,0,0,0.11290322580645161,0.11290322580645161
55,62,7,2025,9,28,14,6,4,0,0,0,0.11290322580645161,0.11290322580645161
51,62,11,2025,9,28,15,6,4,0,0,0,0.1774193548387097,0.1774193548387097
49,62,13,2025,9,28,15,6,4,0,0,0,0.20967741935483872,0.20967741935483872
51,62,11,2025,9,28,16,6,4,0,0,0,0.1774193548387097,0.1774193548387097
51,62,11,2025,9,28,16,6,4,0,0,0,0.1774193548387097,0.1774193548387097
48,62,14,2025,9,28,17,6,4,0,0,0,0.22580645161290322,0.22580645161290322
47,62,15,2025,9,28,17,6,4,0,0,0,0.24193548387096775,0.24193548387096775
48,62,14,2025,9,28,18,6,4,0,0,0,0.22580645161290322,0.22580645161290322
48,62,14,2025,9,28,18,6,4,0,0,0,0.22580645161290322,0.22580645161290322
49,62,13,2025,9,28,19,6,4,0,0,0,0.20967741935483872,0.20967741935483872
48,62,14,2025,9,28,19,6,4,0,0,0,0.22580645161290322,0.22580645161290322
49,62,13,2025,9,28,20,6,4,0,0,0,0.20967741935483872,0.20967741935483872
51,62,11,2025,9,28,20,6,4,0,0,0,0.1774193548387097,0.1774193548387097
50,62,12,2025,9,28,21,6,4,0,0,0,0.1935483870967742,0.1935483870967742
49,62,13,2025,9,28,22,6,4,0,0,0,0.20967741935483872,0.20967741935483872
49,62,13,2025,9,28,22,6,4,0,0,0,0.20967741935483872,0.20967741935483872
53,62,9,2025,9,28,23,6,4,0,0,0,0.14516129032258066,0.14516129032258066
54,62,8,2025,9,28,23,6,4,0,0,0,0.12903225806451613,0.12903225806451613
61,62,1,2025,9,29,6,0,4,0,0,0,0.016129032258064516,0.016129032258064516
60,62,2,2025,9,29,6,0,4,0,0,0,0.03225806451612903,0.03225806451612903
60,62,2,2025,9,29,7,0,4,0,0,0,0.03225806451612903,0.03225806451612903
60,62,2,2025,9,29,7,0,4,0,0,0,0.03225806451612903,0.03225806451612903
60,62,2,2025,9,29,8,0,4,0,0,0,0.03225806451612903,0.03225806451612903
60,62,2,2025,9,29,8,0,4,0,0,0,0.03225806451612903,0.03225806451612903
56,62,6,2025,9,29,9,0,4,0,0,0,0.0967741935483871,0.0967741935483871
50,62,12,2025,9,29,10,0,4,0,0,0,0.1935483870967742,0.1935483870967742
50,62,12,2025,9,29,11,0,4,0,0,0,0.1935483870967742,0.1935483870967742
50,62,12,2025,9,29,11,0,4,0,0,0,0.1935483870967742,0.1935483870967742
49,62,13,2025,9,29,12,0,4,0,0,0,0.20967741935483872,0.20967741935483872
49,62,13,2025,9,29,12,0,4,0,0,0,0.20967741935483872,0.20967741935483872
49,62,13,2025,9,29,13,0,4,0,0,0,0.20967741935483872,0.20967741935483872
47,62,15,2025,9,29,13,0,4,0,0,0,0.24193548387096775,0.24193548387096775
45,62,17,2025,9,29,14,0,4,0,0,0,0.27419354838709675,0.27419354838709675
45,62,17,2025,9,29,14,0,4,0,0,0,0.27419354838709675,0.27419354838709675
44,62,18,2025,9,29,15,0,4,0,0,0,0.2903225806451613,0.2903225806451613
45,62,17,2025,9,29,15,0,4,0,0,0,0.27419354838709675,0.27419354838709675
45,62,17,2025,9,29,16,0,4,0,0,0,0.27419354838709675,0.27419354838709675
44,62,18,2025,9,29,16,0,4,0,0,0,0.2903225806451613,0.2903225806451613
44,62,18,2025,9,29,17,0,4,0,0,0,0.2903225806451613,0.2903225806451613
45,62,17,2025,9,29,17,0,4,0,0,0,0.27419354838709675,0.27419354838709675
45,62,17,2025,9,29,18,0,4,0,0,0,0.27419354838709675,0.27419354838709675
45,62,17,2025,9,29,18,0,4,0,0,0,0.27419354838709675,0.27419354838709675
44,62,18,2025,9,29,19,0,4,0,0,0,0.2903225806451613,0.2903225806451613
43,62,19,2025,9,29,19,0,4,0,0,0,0.3064516129032258,0.3064516129032258
42,62,20,2025,9,29,20,0,4,0,0,0,0.3225806451612903,0.3225806451612903
41,62,21,2025,9,29,20,0,4,0,0,0,0.3387096774193548,0.3387096774193548
40,62,22,2025,9,29,21,0,4,0,0,0,0.3548387096774194,0.3548387096774194
47,62,15,2025,9,29,22,0,4,0,0,0,0.24193548387096775,0.24193548387096775
47,62,15,2025,9,29,22,0,4,0,0,0,0.24193548387096775,0.24193548387096775
48,62,14,2025,9,29,23,0,4,0,0,0,0.22580645161290322,0.22580645161290322
48,62,14,2025,9,29,23,0,4,0,0,0,0.22580645161290322,0.22580645161290322
60,62,2,2025,9,30,6,1,4,0,0,0,0.03225806451612903,0.03225806451612903
60,62,2,2025,9,30,6,1,4,0,0,0,0.03225806451612903,0.03225806451612903
60,62,2,2025,9,30,7,1,4,0,0,0,0.03225806451612903,0.03225806451612903
58,62,4,2025,9,30,7,1,4,0,0,0,0.06451612903225806,0.06451612903225806
58,62,4,2025,9,30,8,1,4,0,0,0,0.06451612903225806,0.06451612903225806
56,62,6,2025,9,30,8,1,4,0,0,0,0.0967741935483871,0.0967741935483871
55,62,7,2025,9,30,9,1,4,0,0,0,0.11290322580645161,0.11290322580645161
54,62,8,2025,9,30,9,1,4,0,0,0,0.12903225806451613,0.12903225806451613
50,62,12,2025,9,30,10,1,4,0,0,0,0.1935483870967742,0.1935483870967742
50,62,12,2025,9,30,10,1,4,0,0,0,0.1935483870967742,0.1935483870967742
50,62,12,2025,9,30,10,1,4,0,0,0,0.1935483870967742,0.1935483870967742
49,62,13,2025,9,30,11,1,4,0,0,0,0.20967741935483872,0.20967741935483872
49,62,13,2025,9,30,11,1,4,0,0,0,0.20967741935483872,0.20967741935483872
49,62,13,2025,9,30,12,1,4,0,0,0,0.20967741935483872,0.20967741935483872
48,62,14,2025,9,30,13,1,4,0,0,0,0.22580645161290322,0.22580645161290322
48,62,14,2025,9,30,13,1,4,0,0,0,0.22580645161290322,0.22580645161290322
46,62,16,2025,9,30,14,1,4,0,0,0,0.25806451612903225,0.25806451612903225
46,62,16,2025,9,30,14,1,4,0,0,0,0.25806451612903225,0.25806451612903225
45,62,17,2025,9,30,15,1,4,0,0,0,0.27419354838709675,0.27419354838709675
45,62,17,2025,9,30,15,1,4,0,0,0,0.27419354838709675,0.27419354838709675
45,62,17,2025,9,30,16,1,4,0,0,0,0.27419354838709675,0.27419354838709675
43,62,19,2025,9,30,16,1,4,0,0,0,0.3064516129032258,0.3064516129032258
43,62,19,2025,9,30,17,1,4,0,0,0,0.3064516129032258,0.3064516129032258
43,62,19,2025,9,30,17,1,4,0,0,0,0.3064516129032258,0.3064516129032258
43,62,19,2025,9,30,18,1,4,0,0,0,0.3064516129032258,0.3064516129032258
44,62,18,2025,9,30,18,1,4,0,0,0,0.2903225806451613,0.2903225806451613
43,62,19,2025,9,30,19,1,4,0,0,0,0.3064516129032258,0.3064516129032258
43,62,19,2025,9,30,19,1,4,0,0,0,0.3064516129032258,0.3064516129032258
42,62,20,2025,9,30,20,1,4,0,0,0,0.3225806451612903,0.3225806451612903
43,62,19,2025,9,30,20,1,4,0,0,0,0.3064516129032258,0.3064516129032258
45,62,17,2025,9,30,21,1,4,0,0,0,0.27419354838709675,0.27419354838709675
46,62,16,2025,9,30,22,1,4,0,0,0,0.25806451612903225,0.25806451612903225
47,62,15,2025,9,30,22,1,4,0,0,0,0.24193548387096775,0.24193548387096775
49,62,13,2025,9,30,23,1,4,0,0,0,0.20967741935483872,0.20967741935483872
50,62,12,2025,9,30,23,1,4,0,0,0,0.1935483870967742,0.1935483870967742
62,62,0,2025,10,1,6,2,4,0,0,0,0.0,0.0
60,62,2,2025,10,1,6,2,4,0,0,0,0.03225806451612903,0.03225806451612903
59,62,3,2025,10,1,7,2,4,0,0,0,0.04838709677419355,0.04838709677419355
58,62,4,2025,10,1,7,2,4,0,0,0,0.06451612903225806,0.06451612903225806
58,62,4,2025,10,1,8,2,4,0,0,0,0.06451612903225806,0.06451612903225806
58,62,4,2025,10,1,8,2,4,0,0,0,0.06451612903225806,0.06451612903225806
53,62,9,2025,10,1,10,2,4,0,0,0,0.14516129032258066,0.14516129032258066
52,62,10,2025,10,1,11,2,4,0,0,0,0.16129032258064516,0.16129032258064516
52,62,10,2025,10,1,11,2,4,0,0,0,0.16129032258064516,0.16129032258064516
51,62,11,2025,10,1,12,2,4,0,0,0,0.1774193548387097,0.1774193548387097
50,62,12,2025,10,1,12,2,4,0,0,0,0.1935483870967742,0.1935483870967742
49,62,13,2025,10,1,13,2,4,0,0,0,0.20967741935483872,0.20967741935483872
50,62,12,2025,10,1,13,2,4,0,0,0,0.1935483870967742,0.1935483870967742
47,62,15,2025,10,1,14,2,4,0,0,0,0.24193548387096775,0.24193548387096775
46,62,16,2025,10,1,14,2,4,0,0,0,0.25806451612903225,0.25806451612903225
44,62,18,2025,10,1,15,2,4,0,0,0,0.2903225806451613,0.2903225806451613
45,62,17,2025,10,1,15,2,4,0,0,0,0.27419354838709675,0.27419354838709675
44,62,18,2025,10,1,16,2,4,0,0,0,0.2903225806451613,0.2903225806451613
44,62,18,2025,10,1,16,2,4,0,0,0,0.2903225806451613,0.2903225806451613
44,62,18,2025,10,1,17,2,4,0,0,0,0.2903225806451613,0.2903225806451613
44,62,18,2025,10,1,17,2,4,0,0,0,0.2903225806451613,0.2903225806451613
44,62,18,2025,10,1,18,2,4,0,0,0,0.2903225806451613,0.2903225806451613
45,62,17,2025,10,1,18,2,4,0,0,0,0.27419354838709675,0.27419354838709675
45,62,17,2025,10,1,19,2,4,0,0,0,0.27419354838709675,0.27419354838709675
44,62,18,2025,10,1,19,2,4,0,0,0,0.2903225806451613,0.2903225806451613
45,62,17,2025,10,1,20,2,4,0,0,0,0.27419354838709675,0.27419354838709675
45,62,17,2025,10,1,20,2,4,0,0,0,0.27419354838709675,0.27419354838709675
43,62,19,2025,10,1,21,2,4,0,0,0,0.3064516129032258,0.3064516129032258
45,62,17,2025,10,1,22,2,4,0,0,0,0.27419354838709675,0.27419354838709675
45,62,17,2025,10,1,22,2,4,0,0,0,0.27419354838709675,0.27419354838709675
49,62,13,2025,10,1,23,2,4,0,0,0,0.20967741935483872,0.20967741935483872
48,62,14,2025,10,1,23,2,4,0,0,0,0.22580645161290322,0.22580645161290322
60,62,2,2025,10,2,6,3,4,0,0,0,0.03225806451612903,0.03225806451612903
58,62,4,2025,10,2,6,3,4,0,0,0,0.06451612903225806,0.06451612903225806
58,62,4,2025,10,2,7,3,4,0,0,0,0.06451612903225806,0.06451612903225806
58,62,4,2025,10,2,7,3,4,0,0,0,0.06451612903225806,0.06451612903225806
58,62,4,2025,10,2,8,3,4,0,0,0,0.06451612903225806,0.06451612903225806
57,62,5,2025,10,2,8,3,4,0,0,0,0.08064516129032258,0.08064516129032258
52,62,10,2025,10,2,10,3,4,0,0,0,0.16129032258064516,0.16129032258064516
53,62,9,2025,10,2,10,3,4,0,0,0,0.14516129032258066,0.14516129032258066
50,62,12,2025,10,2,11,3,4,0,0,0,0.1935483870967742,0.1935483870967742
51,62,11,2025,10,2,12,3,4,0,0,0,0.1774193548387097,0.1774193548387097
51,62,11,2025,10,2,12,3,4,0,0,0,0.1774193548387097,0.1774193548387097
51,62,11,2025,10,2,13,3,4,0,0,0,0.1774193548387097,0.1774193548387097
50,62,12,2025,10,2,13,3,4,0,0,0,0.1935483870967742,0.1935483870967742
50,62,12,2025,10,2,14,3,4,0,0,0,0.1935483870967742,0.1935483870967742
50,62,12,2025,10,2,14,3,4,0,0,0,0.1935483870967742,0.1935483870967742
44,62,18,2025,10,2,15,3,4,0,0,0,0.2903225806451613,0.2903225806451613
44,62,18,2025,10,2,15,3,4,0,0,0,0.2903225806451613,0.2903225806451613
45,62,17,2025,10,2,16,3,4,0,0,0,0.27419354838709675,0.27419354838709675
46,62,16,2025,10,2,16,3,4,0,0,0,0.25806451612903225,0.25806451612903225
47,62,15,2025,10,2,17,3,4,0,0,0,0.24193548387096775,0.24193548387096775
47,62,15,2025,10,2,17,3,4,0,0,0,0.24193548387096775,0.24193548387096775
47,62,15,2025,10,2,18,3,4,0,0,0,0.24193548387096775,0.24193548387096775
47,62,15,2025,10,2,18,3,4,0,0,0,0.24193548387096775,0.24193548387096775
47,62,15,2025,10,2,19,3,4,0,0,0,0.24193548387096775,0.24193548387096775
47,62,15,2025,10,2,19,3,4,0,0,0,0.24193548387096775,0.24193548387096775
48,62,14,2025,10,2,20,3,4,0,0,0,0.22580645161290322,0.22580645161290322
49,62,13,2025,10,2,20,3,4,0,0,0,0.20967741935483872,0.20967741935483872
52,62,10,2025,10,2,21,3,4,0,0,0,0.16129032258064516,0.16129032258064516
56,62,6,2025,10,2,22,3,4,0,0,0,0.0967741935483871,0.0967741935483871
56,62,6,2025,10,2,22,3,4,0,0,0,0.0967741935483871,0.0967741935483871
56,62,6,2025,10,2,23,3,4,0,0,0,0.0967741935483871,0.0967741935483871
58,62,4,2025,10,2,23,3,4,0,0,0,0.06451612903225806,0.06451612903225806
62,62,0,2025,10,3,6,4,4,0,1,0,0.0,0.0
62,62,0,2025,10,3,6,4,4,0,1,0,0.0,0.0
62,62,0,2025,10,3,7,4,4,0,1,0,0.0,0.0
61,62,1,2025,10,3,7,4,4,0,1,0,0.016129032258064516,0.016129032258064516
61,62,1,2025,10,3,8,4,4,0,1,0,0.016129032258064516,0.016129032258064516
59,62,3,2025,10,3,8,4,4,0,1,0,0.04838709677419355,0.04838709677419355
56,62,6,2025,10,3,10,4,4,0,1,0,0.0967741935483871,0.0967741935483871
56,62,6,2025,10,3,10,4,4,0,1,0,0.0967741935483871,0.0967741935483871
54,62,8,2025,10,3,10,4,4,0,1,0,0.12903225806451613,0.12903225806451613
55,62,7,2025,10,3,11,4,4,0,1,0,0.11290322580645161,0.11290322580645161
55,62,7,2025,10,3,12,4,4,0,1,0,0.11290322580645161,0.11290322580645161
55,62,7,2025,10,3,12,4,4,0,1,0,0.11290322580645161,0.11290322580645161
54,62,8,2025,10,3,13,4,4,0,1,0,0.12903225806451613,0.12903225806451613
54,62,8,2025,10,3,13,4,4,0,1,0,0.12903225806451613,0.12903225806451613
54,62,8,2025,10,3,14,4,4,0,1,0,0.12903225806451613,0.12903225806451613
55,62,7,2025,10,3,14,4,4,0,1,0,0.11290322580645161,0.11290322580645161
53,62,9,2025,10,3,15,4,4,0,1,0,0.14516129032258066,0.14516129032258066
52,62,10,2025,10,3,15,4,4,0,1,0,0.16129032258064516,0.16129032258064516
52,62,10,2025,10,3,16,4,4,0,1,0,0.16129032258064516,0.16129032258064516
52,62,10,2025,10,3,16,4,4,0,1,0,0.16129032258064516,0.16129032258064516
50,62,12,2025,10,3,17,4,4,0,1,0,0.1935483870967742,0.1935483870967742
51,62,11,2025,10,3,17,4,4,0,1,0,0.1774193548387097,0.1774193548387097
51,62,11,2025,10,3,18,4,4,0,1,0,0.1774193548387097,0.1774193548387097
50,62,12,2025,10,3,18,4,4,0,1,0,0.1935483870967742,0.1935483870967742
51,62,11,2025,10,3,19,4,4,0,1,0,0.1774193548387097,0.1774193548387097
51,62,11,2025,10,3,19,4,4,0,1,0,0.1774193548387097,0.1774193548387097
51,62,11,2025,10,3,20,4,4,0,1,0,0.1774193548387097,0.1774193548387097
50,62,12,2025,10,3,20,4,4,0,1,0,0.1935483870967742,0.1935483870967742
51,62,11,2025,10,3,21,4,4,0,1,0,0.1774193548387097,0.1774193548387097
53,62,9,2025,10,3,22,4,4,0,1,0,0.14516129032258066,0.14516129032258066
53,62,9,2025,10,3,22,4,4,0,1,0,0.14516129032258066,0.14516129032258066
54,62,8,2025,10,3,23,4,4,0,1,0,0.12903225806451613,0.12903225806451613
55,62,7,2025,10,3,23,4,4,0,1,0,0.11290322580645161,0.11290322580645161
62,62,0,2025,10,4,6,5,4,0,1,0,0.0,0.0
62,62,0,2025,10,4,6,5,4,0,1,0,0.0,0.0
62,62,0,2025,10,4,7,5,4,0,1,0,0.0,0.0
62,62,0,2025,10,4,7,5,4,0,1,0,0.0,0.0
62,62,0,2025,10,4,8,5,4,0,1,0,0.0,0.0
61,62,1,2025,10,4,8,5,4,0,1,0,0.016129032258064516,0.016129032258064516
61,62,1,2025,10,4,9,5,4,0,1,0,0.016129032258064516,0.016129032258064516
61,62,1,2025,10,4,10,5,4,0,1,0,0.016129032258064516,0.016129032258064516
61,62,1,2025,10,4,10,5,4,0,1,0,0.016129032258064516,0.016129032258064516
61,62,1,2025,10,4,11,5,4,0,1,0,0.016129032258064516,0.016129032258064516
61,62,1,2025,10,4,12,5,4,0,1,0,0.016129032258064516,0.016129032258064516
61,62,1,2025,10,4,12,5,4,0,1,0,0.016129032258064516,0.016129032258064516
58,62,4,2025,10,4,13,5,4,0,1,0,0.06451612903225806,0.06451612903225806
57,62,5,2025,10,4,13,5,4,0,1,0,0.08064516129032258,0.08064516129032258
58,62,4,2025,10,4,14,5,4,0,1,0,0.06451612903225806,0.06451612903225806
56,62,6,2025,10,4,14,5,4,0,1,0,0.0967741935483871,0.0967741935483871
55,62,7,2025,10,4,15,5,4,0,1,0,0.11290322580645161,0.11290322580645161
54,62,8,2025,10,4,15,5,4,0,1,0,0.12903225806451613,0.12903225806451613
53,62,9,2025,10,4,16,5,4,0,1,0,0.14516129032258066,0.14516129032258066
53,62,9,2025,10,4,16,5,4,0,1,0,0.14516129032258066,0.14516129032258066
51,62,11,2025,10,4,17,5,4,0,1,0,0.1774193548387097,0.1774193548387097
51,62,11,2025,10,4,17,5,4,0,1,0,0.1774193548387097,0.1774193548387097
51,62,11,2025,10,4,18,5,4,0,1,0,0.1774193548387097,0.1774193548387097
51,62,11,2025,10,4,18,5,4,0,1,0,0.1774193548387097,0.1774193548387097
53,62,9,2025,10,4,19,5,4,0,1,0,0.14516129032258066,0.14516129032258066
53,62,9,2025,10,4,19,5,4,0,1,0,0.14516129032258066,0.14516129032258066
52,62,10,2025,10,4,20,5,4,0,1,0,0.16129032258064516,0.16129032258064516
54,62,8,2025,10,4,20,5,4,0,1,0,0.12903225806451613,0.12903225806451613
54,62,8,2025,10,4,21,5,4,0,1,0,0.12903225806451613,0.12903225806451613
54,62,8,2025,10,4,22,5,4,0,1,0,0.12903225806451613,0.12903225806451613
54,62,8,2025,10,4,22,5,4,0,1,0,0.12903225806451613,0.12903225806451613
54,62,8,2025,10,4,23,5,4,0,1,0,0.12903225806451613,0.12903225806451613
55,62,7,2025,10,4,23,5,4,0,1,0,0.11290322580645161,0.11290322580645161
62,62,0,2025,10,5,6,6,4,0,1,0,0.0,0.0
62,62,0,2025,10,5,6,6,4,0,1,0,0.0,0.0
62,62,0,2025,10,5,7,6,4,0,1,0,0.0,0.0
62,62,0,2025,10,5,7,6,4,0,1,0,0.0,0.0
62,62,0,2025,10,5,8,6,4,0,1,0,0.0,0.0
62,62,0,2025,10,5,8,6,4,0,1,0,0.0,0.0
60,62,2,2025,10,5,10,6,4,0,1,0,0.03225806451612903,0.03225806451612903
58,62,4,2025,10,5,11,6,4,0,1,0,0.06451612903225806,0.06451612903225806
58,62,4,2025,10,5,11,6,4,0,1,0,0.06451612903225806,0.06451612903225806
58,62,4,2025,10,5,11,6,4,0,1,0,0.06451612903225806,0.06451612903225806
59,62,3,2025,10,5,12,6,4,0,1,0,0.04838709677419355,0.04838709677419355
57,62,5,2025,10,5,13,6,4,0,1,0,0.08064516129032258,0.08064516129032258
56,62,6,2025,10,5,13,6,4,0,1,0,0.0967741935483871,0.0967741935483871
56,62,6,2025,10,5,14,6,4,0,1,0,0.0967741935483871,0.0967741935483871
56,62,6,2025,10,5,14,6,4,0,1,0,0.0967741935483871,0.0967741935483871
58,62,4,2025,10,5,15,6,4,0,1,0,0.06451612903225806,0.06451612903225806
56,62,6,2025,10,5,15,6,4,0,1,0,0.0967741935483871,0.0967741935483871
56,62,6,2025,10,5,16,6,4,0,1,0,0.0967741935483871,0.0967741935483871
56,62,6,2025,10,5,16,6,4,0,1,0,0.0967741935483871,0.0967741935483871
57,62,5,2025,10,5,17,6,4,0,1,0,0.08064516129032258,0.08064516129032258
56,62,6,2025,10,5,17,6,4,0,1,0,0.0967741935483871,0.0967741935483871
56,62,6,2025,10,5,18,6,4,0,1,0,0.0967741935483871,0.0967741935483871
56,62,6,2025,10,5,18,6,4,0,1,0,0.0967741935483871,0.0967741935483871
57,62,5,2025,10,5,19,6,4,0,1,0,0.08064516129032258,0.08064516129032258
56,62,6,2025,10,5,19,6,4,0,1,0,0.0967741935483871,0.0967741935483871
57,62,5,2025,10,5,20,6,4,0,1,0,0.08064516129032258,0.08064516129032258
57,62,5,2025,10,5,20,6,4,0,1,0,0.08064516129032258,0.08064516129032258
59,62,3,2025,10,5,21,6,4,0,1,0,0.04838709677419355,0.04838709677419355
59,62,3,2025,10,5,22,6,4,0,1,0,0.04838709677419355,0.04838709677419355
59,62,3,2025,10,5,22,6,4,0,1,0,0.04838709677419355,0.04838709677419355
61,62,1,2025,10,5,23,6,4,0,1,0,0.016129032258064516,0.016129032258064516
62,62,0,2025,10,5,23,6,4,0,1,0,0.0,0.0
61,62,1,2025,10,6,6,0,4,0,1,0,0.016129032258064516,0.016129032258064516
61,62,1,2025,10,6,6,0,4,0,1,0,0.016129032258064516,0.016129032258064516
61,62,1,2025,10,6,7,0,4,0,1,0,0.016129032258064516,0.016129032258064516
61,62,1,2025,10,6,7,0,4,0,1,0,0.016129032258064516,0.016129032258064516
61,62,1,2025,10,6,8,0,4,0,1,0,0.016129032258064516,0.016129032258064516
61,62,1,2025,10,6,8,0,4,0,1,0,0.016129032258064516,0.016129032258064516
60,62,2,2025,10,6,10,0,4,0,1,0,0.03225806451612903,0.03225806451612903
58,62,4,2025,10,6,11,0,4,0,1,0,0.06451612903225806,0.06451612903225806
57,62,5,2025,10,6,12,0,4,0,1,0,0.08064516129032258,0.08064516129032258
55,62,7,2025,10,6,13,0,4,0,1,0,0.11290322580645161,0.11290322580645161
55,62,7,2025,10,6,13,0,4,0,1,0,0.11290322580645161,0.11290322580645161
55,62,7,2025,10,6,14,0,4,0,1,0,0.11290322580645161,0.11290322580645161
56,62,6,2025,10,6,14,0,4,0,1,0,0.0967741935483871,0.0967741935483871
55,62,7,2025,10,6,15,0,4,0,1,0,0.11290322580645161,0.11290322580645161
55,62,7,2025,10,6,15,0,4,0,1,0,0.11290322580645161,0.11290322580645161
55,62,7,2025,10,6,16,0,4,0,1,0,0.11290322580645161,0.11290322580645161
56,62,6,2025,10,6,16,0,4,0,1,0,0.0967741935483871,0.0967741935483871
54,62,8,2025,10,6,17,0,4,0,1,0,0.12903225806451613,0.12903225806451613
54,62,8,2025,10,6,17,0,4,0,1,0,0.12903225806451613,0.12903225806451613
54,62,8,2025,10,6,18,0,4,0,1,0,0.12903225806451613,0.12903225806451613
55,62,7,2025,10,6,18,0,4,0,1,0,0.11290322580645161,0.11290322580645161
56,62,6,2025,10,6,19,0,4,0,1,0,0.0967741935483871,0.0967741935483871
56,62,6,2025,10,6,19,0,4,0,1,0,0.0967741935483871,0.0967741935483871
56,62,6,2025,10,6,20,0,4,0,1,0,0.0967741935483871,0.0967741935483871
56,62,6,2025,10,6,20,0,4,0,1,0,0.0967741935483871,0.0967741935483871
57,62,5,2025,10,6,21,0,4,0,1,0,0.08064516129032258,0.08064516129032258
58,62,4,2025,10,6,22,0,4,0,1,0,0.06451612903225806,0.06451612903225806
58,62,4,2025,10,6,22,0,4,0,1,0,0.06451612903225806,0.06451612903225806
61,62,1,2025,10,6,23,0,4,0,1,0,0.016129032258064516,0.016129032258064516
62,62,0,2025,10,6,23,0,4,0,1,0,0.0,0.0
61,62,1,2025,10,7,6,1,4,0,1,0,0.016129032258064516,0.016129032258064516
61,62,1,2025,10,7,6,1,4,0,1,0,0.016129032258064516,0.016129032258064516
61,62,1,2025,10,7,7,1,4,0,1,0,0.016129032258064516,0.016129032258064516
61,62,1,2025,10,7,7,1,4,0,1,0,0.016129032258064516,0.016129032258064516
61,62,1,2025,10,7,8,1,4,0,1,0,0.016129032258064516,0.016129032258064516
61,62,1,2025,10,7,8,1,4,0,1,0,0.016129032258064516,0.016129032258064516
59,62,3,2025,10,7,10,1,4,0,1,0,0.04838709677419355,0.04838709677419355
57,62,5,2025,10,7,11,1,4,0,1,0,0.08064516129032258,0.08064516129032258
53,62,9,2025,10,7,11,1,4,0,1,0,0.14516129032258066,0.14516129032258066
53,62,9,2025,10,7,12,1,4,0,1,0,0.14516129032258066,0.14516129032258066
53,62,9,2025,10,7,12,1,4,0,1,0,0.14516129032258066,0.14516129032258066
53,62,9,2025,10,7,13,1,4,0,1,0,0.14516129032258066,0.14516129032258066
52,62,10,2025,10,7,13,1,4,0,1,0,0.16129032258064516,0.16129032258064516
51,62,11,2025,10,7,14,1,4,0,1,0,0.1774193548387097,0.1774193548387097
48,62,14,2025,10,7,14,1,4,0,1,0,0.22580645161290322,0.22580645161290322
47,62,15,2025,10,7,15,1,4,0,1,0,0.24193548387096775,0.24193548387096775
46,62,16,2025,10,7,15,1,4,0,1,0,0.25806451612903225,0.25806451612903225
46,62,16,2025,10,7,16,1,4,0,1,0,0.25806451612903225,0.25806451612903225
48,62,14,2025,10,7,16,1,4,0,1,0,0.22580645161290322,0.22580645161290322
49,62,13,2025,10,7,17,1,4,0,1,0,0.20967741935483872,0.20967741935483872
50,62,12,2025,10,7,17,1,4,0,1,0,0.1935483870967742,0.1935483870967742
49,62,13,2025,10,7,18,1,4,0,1,0,0.20967741935483872,0.20967741935483872
50,62,12,2025,10,7,18,1,4,0,1,0,0.1935483870967742,0.1935483870967742
50,62,12,2025,10,7,19,1,4,0,1,0,0.1935483870967742,0.1935483870967742
49,62,13,2025,10,7,19,1,4,0,1,0,0.20967741935483872,0.20967741935483872
48,62,14,2025,10,7,20,1,4,0,1,0,0.22580645161290322,0.22580645161290322
49,62,13,2025,10,7,20,1,4,0,1,0,0.20967741935483872,0.20967741935483872
50,62,12,2025,10,7,21,1,4,0,1,0,0.1935483870967742,0.1935483870967742
51,62,11,2025,10,7,22,1,4,0,1,0,0.1774193548387097,0.1774193548387097
52,62,10,2025,10,7,22,1,4,0,1,0,0.16129032258064516,0.16129032258064516
55,62,7,2025,10,7,23,1,4,0,1,0,0.11290322580645161,0.11290322580645161
57,62,5,2025,10,7,23,1,4,0,1,0,0.08064516129032258,0.08064516129032258
62,62,0,2025,10,8,6,2,4,0,1,0,0.0,0.0
62,62,0,2025,10,8,6,2,4,0,1,0,0.0,0.0
62,62,0,2025,10,8,7,2,4,0,1,0,0.0,0.0
62,62,0,2025,10,8,7,2,4,0,1,0,0.0,0.0
62,62,0,2025,10,8,8,2,4,0,1,0,0.0,0.0
61,62,1,2025,10,8,8,2,4,0,1,0,0.016129032258064516,0.016129032258064516
61,62,1,2025,10,8,9,2,4,0,1,0,0.016129032258064516,0.016129032258064516
59,62,3,2025,10,8,10,2,4,0,1,0,0.04838709677419355,0.04838709677419355
59,62,3,2025,10,8,11,2,4,0,1,0,0.04838709677419355,0.04838709677419355
56,62,6,2025,10,8,11,2,4,0,1,0,0.0967741935483871,0.0967741935483871
54,62,8,2025,10,8,12,2,4,0,1,0,0.12903225806451613,0.12903225806451613
54,62,8,2025,10,8,12,2,4,0,1,0,0.12903225806451613,0.12903225806451613
53,62,9,2025,10,8,13,2,4,0,1,0,0.14516129032258066,0.14516129032258066
53,62,9,2025,10,8,13,2,4,0,1,0,0.14516129032258066,0.14516129032258066
53,62,9,2025,10,8,14,2,4,0,1,0,0.14516129032258066,0.14516129032258066
52,62,10,2025,10,8,14,2,4,0,1,0,0.16129032258064516,0.16129032258064516
52,62,10,2025,10,8,15,2,4,0,1,0,0.16129032258064516,0.16129032258064516
50,62,12,2025,10,8,15,2,4,0,1,0,0.1935483870967742,0.1935483870967742
47,62,15,2025,10,8,16,2,4,0,1,0,0.24193548387096775,0.24193548387096775
46,62,16,2025,10,8,16,2,4,0,1,0,0.25806451612903225,0.25806451612903225
46,62,16,2025,10,8,17,2,4,0,1,0,0.25806451612903225,0.25806451612903225
47,62,15,2025,10,8,17,2,4,0,1,0,0.24193548387096775,0.24193548387096775
45,62,17,2025,10,8,18,2,4,0,1,0,0.27419354838709675,0.27419354838709675
45,62,17,2025,10,8,18,2,4,0,1,0,0.27419354838709675,0.27419354838709675
48,62,14,2025,10,8,19,2,4,0,1,0,0.22580645161290322,0.22580645161290322
48,62,14,2025,10,8,19,2,4,0,1,0,0.22580645161290322,0.22580645161290322
48,62,14,2025,10,8,20,2,4,0,1,0,0.22580645161290322,0.22580645161290322
48,62,14,2025,10,8,20,2,4,0,1,0,0.22580645161290322,0.22580645161290322
47,62,15,2025,10,8,21,2,4,0,1,0,0.24193548387096775,0.24193548387096775
49,62,13,2025,10,8,22,2,4,0,1,0,0.20967741935483872,0.20967741935483872
51,62,11,2025,10,8,22,2,4,0,1,0,0.1774193548387097,0.1774193548387097
54,62,8,2025,10,8,23,2,4,0,1,0,0.12903225806451613,0.12903225806451613
56,62,6,2025,10,8,23,2,4,0,1,0,0.0967741935483871,0.0967741935483871
62,62,0,2025,10,9,6,3,4,0,1,0,0.0,0.0
62,62,0,2025,10,9,6,3,4,0,1,0,0.0,0.0
62,62,0,2025,10,9,7,3,4,0,1,0,0.0,0.0
61,62,1,2025,10,9,7,3,4,0,1,0,0.016129032258064516,0.016129032258064516
62,62,0,2025,10,9,8,3,4,0,1,0,0.0,0.0
62,62,0,2025,10,9,8,3,4,0,1,0,0.0,0.0
60,62,2,2025,10,9,9,3,4,0,1,0,0.03225806451612903,0.03225806451612903
58,62,4,2025,10,9,9,3,4,0,1,0,0.06451612903225806,0.06451612903225806
56,62,6,2025,10,9,10,3,4,0,1,0,0.0967741935483871,0.0967741935483871
56,62,6,2025,10,9,11,3,4,0,1,0,0.0967741935483871,0.0967741935483871
56,62,6,2025,10,9,12,3,4,0,1,0,0.0967741935483871,0.0967741935483871
54,62,8,2025,10,9,13,3,4,0,1,0,0.12903225806451613,0.12903225806451613
52,62,10,2025,10,9,13,3,4,0,1,0,0.16129032258064516,0.16129032258064516
52,62,10,2025,10,9,14,3,4,0,1,0,0.16129032258064516,0.16129032258064516
52,62,10,2025,10,9,14,3,4,0,1,0,0.16129032258064516,0.16129032258064516
52,62,10,2025,10,9,15,3,4,0,1,0,0.16129032258064516,0.16129032258064516
49,62,13,2025,10,9,15,3,4,0,1,0,0.20967741935483872,0.20967741935483872
49,62,13,2025,10,9,16,3,4,0,1,0,0.20967741935483872,0.20967741935483872
50,62,12,2025,10,9,16,3,4,0,1,0,0.1935483870967742,0.1935483870967742
46,62,16,2025,10,9,17,3,4,0,1,0,0.25806451612903225,0.25806451612903225
47,62,15,2025,10,9,17,3,4,0,1,0,0.24193548387096775,0.24193548387096775
47,62,15,2025,10,9,18,3,4,0,1,0,0.24193548387096775,0.24193548387096775
46,62,16,2025,10,9,18,3,4,0,1,0,0.25806451612903225,0.25806451612903225
46,62,16,2025,10,9,19,3,4,0,1,0,0.25806451612903225,0.25806451612903225
45,62,17,2025,10,9,19,3,4,0,1,0,0.27419354838709675,0.27419354838709675
46,62,16,2025,10,9,20,3,4,0,1,0,0.25806451612903225,0.25806451612903225
46,62,16,2025,10,9,20,3,4,0,1,0,0.25806451612903225,0.25806451612903225
51,62,11,2025,10,9,21,3,4,0,1,0,0.1774193548387097,0.1774193548387097
50,62,12,2025,10,9,22,3,4,0,1,0,0.1935483870967742,0.1935483870967742
50,62,12,2025,10,9,23,3,4,0,1,0,0.1935483870967742,0.1935483870967742
52,62,10,2025,10,10,0,4,4,0,1,0,0.16129032258064516,0.16129032258064516
61,62,1,2025,10,10,6,4,4,0,1,0,0.016129032258064516,0.016129032258064516
61,62,1,2025,10,10,6,4,4,0,1,0,0.016129032258064516,0.016129032258064516
61,62,1,2025,10,10,7,4,4,0,1,0,0.016129032258064516,0.016129032258064516
60,62,2,2025,10,10,7,4,4,0,1,0,0.03225806451612903,0.03225806451612903
59,62,3,2025,10,10,8,4,4,0,1,0,0.04838709677419355,0.04838709677419355
58,62,4,2025,10,10,8,4,4,0,1,0,0.06451612903225806,0.06451612903225806
56,62,6,2025,10,10,9,4,4,0,1,0,0.0967741935483871,0.0967741935483871
56,62,6,2025,10,10,9,4,4,0,1,0,0.0967741935483871,0.0967741935483871
54,62,8,2025,10,10,10,4,4,0,1,0,0.12903225806451613,0.12903225806451613
52,62,10,2025,10,10,11,4,4,0,1,0,0.16129032258064516,0.16129032258064516
49,62,13,2025,10,10,12,4,4,0,1,0,0.20967741935483872,0.20967741935483872
47,62,15,2025,10,10,13,4,4,0,1,0,0.24193548387096775,0.24193548387096775
45,62,17,2025,10,10,13,4,4,0,1,0,0.27419354838709675,0.27419354838709675
44,62,18,2025,10,10,14,4,4,0,1,0,0.2903225806451613,0.2903225806451613
43,62,19,2025,10,10,14,4,4,0,1,0,0.3064516129032258,0.3064516129032258
42,62,20,2025,10,10,15,4,4,0,1,0,0.3225806451612903,0.3225806451612903
41,62,21,2025,10,10,15,4,4,0,1,0,0.3387096774193548,0.3387096774193548
43,62,19,2025,10,10,16,4,4,0,1,0,0.3064516129032258,0.3064516129032258
42,62,20,2025,10,10,16,4,4,0,1,0,0.3225806451612903,0.3225806451612903
41,62,21,2025,10,10,17,4,4,0,1,0,0.3387096774193548,0.3387096774193548
41,62,21,2025,10,10,17,4,4,0,1,0,0.3387096774193548,0.3387096774193548
40,62,22,2025,10,10,18,4,4,0,1,0,0.3548387096774194,0.3548387096774194
43,62,19,2025,10,10,18,4,4,0,1,0,0.3064516129032258,0.3064516129032258
45,62,17,2025,10,10,19,4,4,0,1,0,0.27419354838709675,0.27419354838709675
45,62,17,2025,10,10,19,4,4,0,1,0,0.27419354838709675,0.27419354838709675
44,62,18,2025,10,10,20,4,4,0,1,0,0.2903225806451613,0.2903225806451613
46,62,16,2025,10,10,20,4,4,0,1,0,0.25806451612903225,0.25806451612903225
52,62,10,2025,10,10,21,4,4,0,1,0,0.16129032258064516,0.16129032258064516
54,62,8,2025,10,10,22,4,4,0,1,0,0.12903225806451613,0.12903225806451613
56,62,6,2025,10,10,22,4,4,0,1,0,0.0967741935483871,0.0967741935483871
56,62,6,2025,10,10,23,4,4,0,1,0,0.0967741935483871,0.0967741935483871
58,62,4,2025,10,10,23,4,4,0,1,0,0.06451612903225806,0.06451612903225806
62,62,0,2025,10,11,6,5,4,0,1,0,0.0,0.0
62,62,0,2025,10,11,6,5,4,0,1,0,0.0,0.0
62,62,0,2025,10,11,7,5,4,0,1,0,0.0,0.0
62,62,0,2025,10,11,7,5,4,0,1,0,0.0,0.0
62,62,0,2025,10,11,8,5,4,0,1,0,0.0,0.0
62,62,0,2025,10,11,8,5,4,0,1,0,0.0,0.0
61,62,1,2025,10,11,9,5,4,0,1,0,0.016129032258064516,0.016129032258064516
59,62,3,2025,10,11,10,5,4,0,1,0,0.04838709677419355,0.04838709677419355
54,62,8,2025,10,11,11,5,4,0,1,0,0.12903225806451613,0.12903225806451613
52,62,10,2025,10,11,12,5,4,0,1,0,0.16129032258064516,0.16129032258064516
51,62,11,2025,10,11,12,5,4,0,1,0,0.1774193548387097,0.1774193548387097
50,62,12,2025,10,11,13,5,4,0,1,0,0.1935483870967742,0.1935483870967742
50,62,12,2025,10,11,13,5,4,0,1,0,0.1935483870967742,0.1935483870967742
46,62,16,2025,10,11,14,5,4,0,1,0,0.25806451612903225,0.25806451612903225
46,62,16,2025,10,11,14,5,4,0,1,0,0.25806451612903225,0.25806451612903225
43,62,19,2025,10,11,15,5,4,0,1,0,0.3064516129032258,0.3064516129032258
43,62,19,2025,10,11,15,5,4,0,1,0,0.3064516129032258,0.3064516129032258
44,62,18,2025,10,11,16,5,4,0,1,0,0.2903225806451613,0.2903225806451613
42,62,20,2025,10,11,16,5,4,0,1,0,0.3225806451612903,0.3225806451612903
40,62,22,2025,10,11,17,5,4,0,1,0,0.3548387096774194,0.3548387096774194
39,62,23,2025,10,11,17,5,4,0,1,0,0.3709677419354839,0.3709677419354839
42,62,20,2025,10,11,18,5,4,0,1,0,0.3225806451612903,0.3225806451612903
42,62,20,2025,10,11,18,5,4,0,1,0,0.3225806451612903,0.3225806451612903
41,62,21,2025,10,11,19,5,4,0,1,0,0.3387096774193548,0.3387096774193548
42,62,20,2025,10,11,19,5,4,0,1,0,0.3225806451612903,0.3225806451612903
42,62,20,2025,10,11,20,5,4,0,1,0,0.3225806451612903,0.3225806451612903
42,62,20,2025,10,11,20,5,4,0,1,0,0.3225806451612903,0.3225806451612903
47,62,15,2025,10,11,21,5,4,0,1,0,0.24193548387096775,0.24193548387096775
48,62,14,2025,10,11,22,5,4,0,1,0,0.22580645161290322,0.22580645161290322
50,62,12,2025,10,11,22,5,4,0,1,0,0.1935483870967742,0.1935483870967742
53,62,9,2025,10,11,23,5,4,0,1,0,0.14516129032258066,0.14516129032258066
55,62,7,2025,10,11,23,5,4,0,1,0,0.11290322580645161,0.11290322580645161
62,62,0,2025,10,12,6,6,4,0,1,0,0.0,0.0
62,62,0,2025,10,12,6,6,4,0,1,0,0.0,0.0
62,62,0,2025,10,12,7,6,4,0,1,0,0.0,0.0
62,62,0,2025,10,12,7,6,4,0,1,0,0.0,0.0
62,62,0,2025,10,12,8,6,4,0,1,0,0.0,0.0
61,62,1,2025,10,12,8,6,4,0,1,0,0.016129032258064516,0.016129032258064516
55,62,7,2025,10,12,10,6,4,0,1,0,0.11290322580645161,0.11290322580645161
54,62,8,2025,10,12,10,6,4,0,1,0,0.12903225806451613,0.12903225806451613
49,62,13,2025,10,12,11,6,4,0,1,0,0.20967741935483872,0.20967741935483872
48,62,14,2025,10,12,12,6,4,0,1,0,0.22580645161290322,0.22580645161290322
48,62,14,2025,10,12,13,6,4,0,1,0,0.22580645161290322,0.22580645161290322
46,62,16,2025,10,12,13,6,4,0,1,0,0.25806451612903225,0.25806451612903225
44,62,18,2025,10,12,14,6,4,0,1,0,0.2903225806451613,0.2903225806451613
46,62,16,2025,10,12,14,6,4,0,1,0,0.25806451612903225,0.25806451612903225
42,62,20,2025,10,12,15,6,4,0,1,0,0.3225806451612903,0.3225806451612903
42,62,20,2025,10,12,15,6,4,0,1,0,0.3225806451612903,0.3225806451612903
41,62,21,2025,10,12,16,6,4,0,1,0,0.3387096774193548,0.3387096774193548
40,62,22,2025,10,12,16,6,4,0,1,0,0.3548387096774194,0.3548387096774194
39,62,23,2025,10,12,17,6,4,0,1,0,0.3709677419354839,0.3709677419354839
38,62,24,2025,10,12,17,6,4,0,1,0,0.3870967741935484,0.3870967741935484
41,62,21,2025,10,12,18,6,4,0,1,0,0.3387096774193548,0.3387096774193548
42,62,20,2025,10,12,18,6,4,0,1,0,0.3225806451612903,0.3225806451612903
43,62,19,2025,10,12,19,6,4,0,1,0,0.3064516129032258,0.3064516129032258
41,62,21,2025,10,12,19,6,4,0,1,0,0.3387096774193548,0.3387096774193548
41,62,21,2025,10,12,20,6,4,0,1,0,0.3387096774193548,0.3387096774193548
42,62,20,2025,10,12,20,6,4,0,1,0,0.3225806451612903,0.3225806451612903
45,62,17,2025,10,12,21,6,4,0,1,0,0.27419354838709675,0.27419354838709675
47,62,15,2025,10,12,22,6,4,0,1,0,0.24193548387096775,0.24193548387096775
48,62,14,2025,10,12,22,6,4,0,1,0,0.22580645161290322,0.22580645161290322
50,62,12,2025,10,12,23,6,4,0,1,0,0.1935483870967742,0.1935483870967742
50,62,12,2025,10,12,23,6,4,0,1,0,0.1935483870967742,0.1935483870967742
60,62,2,2025,10,13,6,0,4,0,0,1,0.03225806451612903,0.03225806451612903
60,62,2,2025,10,13,6,0,4,0,0,1,0.03225806451612903,0.03225806451612903
59,62,3,2025,10,13,7,0,4,0,0,1,0.04838709677419355,0.04838709677419355
58,62,4,2025,10,13,7,0,4,0,0,1,0.06451612903225806,0.06451612903225806
59,62,3,2025,10,13,8,0,4,0,0,1,0.04838709677419355,0.04838709677419355
55,62,7,2025,10,13,8,0,4,0,0,1,0.11290322580645161,0.11290322580645161
50,62,12,2025,10,13,10,0,4,0,0,1,0.1935483870967742,0.1935483870967742
49,62,13,2025,10,13,11,0,4,0,0,1,0.20967741935483872,0.20967741935483872
45,62,17,2025,10,13,12,0,4,0,0,1,0.27419354838709675,0.27419354838709675
39,62,23,2025,10,13,13,0,4,0,0,1,0.3709677419354839,0.3709677419354839
38,62,24,2025,10,13,13,0,4,0,0,1,0.3870967741935484,0.3870967741935484
37,62,25,2025,10,13,14,0,4,0,0,1,0.4032258064516129,0.4032258064516129
36,62,26,2025,10,13,14,0,4,0,0,1,0.41935483870967744,0.41935483870967744
36,62,26,2025,10,13,15,0,4,0,0,1,0.41935483870967744,0.41935483870967744
40,62,22,2025,10,13,15,0,4,0,0,1,0.3548387096774194,0.3548387096774194
41,62,21,2025,10,13,16,0,4,0,0,1,0.3387096774193548,0.3387096774193548
42,62,20,2025,10,13,16,0,4,0,0,1,0.3225806451612903,0.3225806451612903
41,62,21,2025,10,13,17,0,4,0,0,1,0.3387096774193548,0.3387096774193548
41,62,21,2025,10,13,17,0,4,0,0,1,0.3387096774193548,0.3387096774193548
43,62,19,2025,10,13,18,0,4,0,0,1,0.3064516129032258,0.3064516129032258
42,62,20,2025,10,13,18,0,4,0,0,1,0.3225806451612903,0.3225806451612903
43,62,19,2025,10,13,19,0,4,0,0,1,0.3064516129032258,0.3064516129032258
42,62,20,2025,10,13,19,0,4,0,0,1,0.3225806451612903,0.3225806451612903
40,62,22,2025,10,13,20,0,4,0,0,1,0.3548387096774194,0.3548387096774194
40,62,22,2025,10,13,20,0,4,0,0,1,0.3548387096774194,0.3548387096774194
39,62,23,2025,10,13,21,0,4,0,0,1,0.3709677419354839,0.3709677419354839
39,62,23,2025,10,13,21,0,4,0,0,1,0.3709677419354839,0.3709677419354839
45,62,17,2025,10,13,22,0,4,0,0,1,0.27419354838709675,0.27419354838709675
44,62,18,2025,10,13,22,0,4,0,0,1,0.2903225806451613,0.2903225806451613
45,62,17,2025,10,13,23,0,4,0,0,1,0.27419354838709675,0.27419354838709675
46,62,16,2025,10,13,23,0,4,0,0,1,0.25806451612903225,0.25806451612903225
62,62,0,2025,10,14,6,1,4,0,0,1,0.0,0.0
60,62,2,2025,10,14,6,1,4,0,0,1,0.03225806451612903,0.03225806451612903
58,62,4,2025,10,14,7,1,4,0,0,1,0.06451612903225806,0.06451612903225806
59,62,3,2025,10,14,7,1,4,0,0,1,0.04838709677419355,0.04838709677419355
59,62,3,2025,10,14,8,1,4,0,0,1,0.04838709677419355,0.04838709677419355
58,62,4,2025,10,14,8,1,4,0,0,1,0.06451612903225806,0.06451612903225806
49,62,13,2025,10,14,9,1,4,0,0,1,0.20967741935483872,0.20967741935483872
49,62,13,2025,10,14,9,1,4,0,0,1,0.20967741935483872,0.20967741935483872
48,62,14,2025,10,14,10,1,4,0,0,1,0.22580645161290322,0.22580645161290322
48,62,14,2025,10,14,10,1,4,0,0,1,0.22580645161290322,0.22580645161290322
44,62,18,2025,10,14,11,1,4,0,0,1,0.2903225806451613,0.2903225806451613
42,62,20,2025,10,14,11,1,4,0,0,1,0.3225806451612903,0.3225806451612903
41,62,21,2025,10,14,12,1,4,0,0,1,0.3387096774193548,0.3387096774193548
40,62,22,2025,10,14,13,1,4,0,0,1,0.3548387096774194,0.3548387096774194
40,62,22,2025,10,14,13,1,4,0,0,1,0.3548387096774194,0.3548387096774194
36,62,26,2025,10,14,14,1,4,0,0,1,0.41935483870967744,0.41935483870967744
35,62,27,2025,10,14,14,1,4,0,0,1,0.43548387096774194,0.43548387096774194
35,62,27,2025,10,14,15,1,4,0,0,1,0.43548387096774194,0.43548387096774194
33,62,29,2025,10,14,15,1,4,0,0,1,0.46774193548387094,0.46774193548387094
33,62,29,2025,10,14,16,1,4,0,0,1,0.46774193548387094,0.46774193548387094
33,62,29,2025,10,14,16,1,4,0,0,1,0.46774193548387094,0.46774193548387094
32,62,30,2025,10,14,17,1,4,0,0,1,0.4838709677419355,0.4838709677419355
33,62,29,2025,10,14,17,1,4,0,0,1,0.46774193548387094,0.46774193548387094
35,62,27,2025,10,14,18,1,4,0,0,1,0.43548387096774194,0.43548387096774194
37,62,25,2025,10,14,18,1,4,0,0,1,0.4032258064516129,0.4032258064516129
36,62,26,2025,10,14,19,1,4,0,0,1,0.41935483870967744,0.41935483870967744
35,62,27,2025,10,14,19,1,4,0,0,1,0.43548387096774194,0.43548387096774194
37,62,25,2025,10,14,20,1,4,0,0,1,0.4032258064516129,0.4032258064516129
36,62,26,2025,10,14,20,1,4,0,0,1,0.41935483870967744,0.41935483870967744
38,62,24,2025,10,14,21,1,4,0,0,1,0.3870967741935484,0.3870967741935484
39,62,23,2025,10,14,22,1,4,0,0,1,0.3709677419354839,0.3709677419354839
39,62,23,2025,10,14,22,1,4,0,0,1,0.3709677419354839,0.3709677419354839
41,62,21,2025,10,14,23,1,4,0,0,1,0.3387096774193548,0.3387096774193548
46,62,16,2025,10,14,23,1,4,0,0,1,0.25806451612903225,0.25806451612903225
60,62,2,2025,10,15,6,2,4,0,0,1,0.03225806451612903,0.03225806451612903
59,62,3,2025,10,15,6,2,4,0,0,1,0.04838709677419355,0.04838709677419355
59,62,3,2025,10,15,7,2,4,0,0,1,0.04838709677419355,0.04838709677419355
60,62,2,2025,10,15,7,2,4,0,0,1,0.03225806451612903,0.03225806451612903
59,62,3,2025,10,15,8,2,4,0,0,1,0.04838709677419355,0.04838709677419355
58,62,4,2025,10,15,8,2,4,0,0,1,0.06451612903225806,0.06451612903225806
47,62,15,2025,10,15,10,2,4,0,0,1,0.24193548387096775,0.24193548387096775
46,62,16,2025,10,15,11,2,4,0,0,1,0.25806451612903225,0.25806451612903225
44,62,18,2025,10,15,12,2,4,0,0,1,0.2903225806451613,0.2903225806451613
43,62,19,2025,10,15,13,2,4,0,0,1,0.3064516129032258,0.3064516129032258
41,62,21,2025,10,15,13,2,4,0,0,1,0.3387096774193548,0.3387096774193548
39,62,23,2025,10,15,14,2,4,0,0,1,0.3709677419354839,0.3709677419354839
37,62,25,2025,10,15,14,2,4,0,0,1,0.4032258064516129,0.4032258064516129
39,62,23,2025,10,15,15,2,4,0,0,1,0.3709677419354839,0.3709677419354839
39,62,23,2025,10,15,15,2,4,0,0,1,0.3709677419354839,0.3709677419354839
41,62,21,2025,10,15,16,2,4,0,0,1,0.3387096774193548,0.3387096774193548
41,62,21,2025,10,15,16,2,4,0,0,1,0.3387096774193548,0.3387096774193548
41,62,21,2025,10,15,17,2,4,0,0,1,0.3387096774193548,0.3387096774193548
42,62,20,2025,10,15,17,2,4,0,0,1,0.3225806451612903,0.3225806451612903
41,62,21,2025,10,15,18,2,4,0,0,1,0.3387096774193548,0.3387096774193548
39,62,23,2025,10,15,18,2,4,0,0,1,0.3709677419354839,0.3709677419354839
39,62,23,2025,10,15,19,2,4,0,0,1,0.3709677419354839,0.3709677419354839
39,62,23,2025,10,15,19,2,4,0,0,1,0.3709677419354839,0.3709677419354839
38,62,24,2025,10,15,20,2,4,0,0,1,0.3870967741935484,0.3870967741935484
39,62,23,2025,10,15,20,2,4,0,0,1,0.3709677419354839,0.3709677419354839
39,62,23,2025,10,15,21,2,4,0,0,1,0.3709677419354839,0.3709677419354839
45,62,17,2025,10,15,22,2,4,0,0,1,0.27419354838709675,0.27419354838709675
46,62,16,2025,10,15,23,2,4,0,0,1,0.25806451612903225,0.25806451612903225
47,62,15,2025,10,15,23,2,4,0,0,1,0.24193548387096775,0.24193548387096775
60,62,2,2025,10,16,6,3,4,0,0,1,0.03225806451612903,0.03225806451612903
60,62,2,2025,10,16,6,3,4,0,0,1,0.03225806451612903,0.03225806451612903
60,62,2,2025,10,16,7,3,4,0,0,1,0.03225806451612903,0.03225806451612903
61,62,1,2025,10,16,7,3,4,0,0,1,0.016129032258064516,0.016129032258064516
60,62,2,2025,10,16,8,3,4,0,0,1,0.03225806451612903,0.03225806451612903
60,62,2,2025,10,16,8,3,4,0,0,1,0.03225806451612903,0.03225806451612903
50,62,12,2025,10,16,10,3,4,0,0,1,0.1935483870967742,0.1935483870967742
48,62,14,2025,10,16,10,3,4,0,0,1,0.22580645161290322,0.22580645161290322
46,62,16,2025,10,16,11,3,4,0,0,1,0.25806451612903225,0.25806451612903225
43,62,19,2025,10,16,12,3,4,0,0,1,0.3064516129032258,0.3064516129032258
40,62,22,2025,10,16,13,3,4,0,0,1,0.3548387096774194,0.3548387096774194
39,62,23,2025,10,16,13,3,4,0,0,1,0.3709677419354839,0.3709677419354839
37,62,25,2025,10,16,14,3,4,0,0,1,0.4032258064516129,0.4032258064516129
38,62,24,2025,10,16,14,3,4,0,0,1,0.3870967741935484,0.3870967741935484
36,62,26,2025,10,16,15,3,4,0,0,1,0.41935483870967744,0.41935483870967744
36,62,26,2025,10,16,15,3,4,0,0,1,0.41935483870967744,0.41935483870967744
36,62,26,2025,10,16,16,3,4,0,0,1,0.41935483870967744,0.41935483870967744
35,62,27,2025,10,16,17,3,4,0,0,1,0.43548387096774194,0.43548387096774194
39,62,23,2025,10,16,19,3,4,0,0,1,0.3709677419354839,0.3709677419354839
41,62,21,2025,10,16,19,3,4,0,0,1,0.3387096774193548,0.3387096774193548
43,62,19,2025,10,16,20,3,4,0,0,1,0.3064516129032258,0.3064516129032258
44,62,18,2025,10,16,20,3,4,0,0,1,0.2903225806451613,0.2903225806451613
49,62,13,2025,10,16,21,3,4,0,0,1,0.20967741935483872,0.20967741935483872
50,62,12,2025,10,16,22,3,4,0,0,1,0.1935483870967742,0.1935483870967742
50,62,12,2025,10,16,22,3,4,0,0,1,0.1935483870967742,0.1935483870967742
51,62,11,2025,10,16,23,3,4,0,0,1,0.1774193548387097,0.1774193548387097
52,62,10,2025,10,16,23,3,4,0,0,1,0.16129032258064516,0.16129032258064516
62,62,0,2025,10,17,6,4,4,0,0,0,0.0,0.0
62,62,0,2025,10,17,6,4,4,0,0,0,0.0,0.0
62,62,0,2025,10,17,7,4,4,0,0,0,0.0,0.0
62,62,0,2025,10,17,7,4,4,0,0,0,0.0,0.0
62,62,0,2025,10,17,8,4,4,0,0,0,0.0,0.0
62,62,0,2025,10,17,8,4,4,0,0,0,0.0,0.0
55,62,7,2025,10,17,10,4,4,0,0,0,0.11290322580645161,0.11290322580645161
49,62,13,2025,10,17,11,4,4,0,0,0,0.20967741935483872,0.20967741935483872
45,62,17,2025,10,17,12,4,4,0,0,0,0.27419354838709675,0.27419354838709675
46,62,16,2025,10,17,13,4,4,0,0,0,0.25806451612903225,0.25806451612903225
46,62,16,2025,10,17,13,4,4,0,0,0,0.25806451612903225,0.25806451612903225
42,62,20,2025,10,17,14,4,4,0,0,0,0.3225806451612903,0.3225806451612903
40,62,22,2025,10,17,14,4,4,0,0,0,0.3548387096774194,0.3548387096774194
38,62,24,2025,10,17,15,4,4,0,0,0,0.3870967741935484,0.3870967741935484
37,62,25,2025,10,17,15,4,4,0,0,0,0.4032258064516129,0.4032258064516129
35,62,27,2025,10,17,16,4,4,0,0,0,0.43548387096774194,0.43548387096774194
38,62,24,2025,10,17,16,4,4,0,0,0,0.3870967741935484,0.3870967741935484
37,62,25,2025,10,17,17,4,4,0,0,0,0.4032258064516129,0.4032258064516129
37,62,25,2025,10,17,17,4,4,0,0,0,0.4032258064516129,0.4032258064516129
42,62,20,2025,10,17,18,4,4,0,0,0,0.3225806451612903,0.3225806451612903
40,62,22,2025,10,17,18,4,4,0,0,0,0.3548387096774194,0.3548387096774194
40,62,22,2025,10,17,19,4,4,0,0,0,0.3548387096774194,0.3548387096774194
39,62,23,2025,10,17,19,4,4,0,0,0,0.3709677419354839,0.3709677419354839
40,62,22,2025,10,17,20,4,4,0,0,0,0.3548387096774194,0.3548387096774194
37,62,25,2025,10,17,20,4,4,0,0,0,0.4032258064516129,0.4032258064516129
40,62,22,2025,10,17,21,4,4,0,0,0,0.3548387096774194,0.3548387096774194
41,62,21,2025,10,17,22,4,4,0,0,0,0.3387096774193548,0.3387096774193548
41,62,21,2025,10,17,22,4,4,0,0,0,0.3387096774193548,0.3387096774193548
42,62,20,2025,10,17,23,4,4,0,0,0,0.3225806451612903,0.3225806451612903
44,62,18,2025,10,17,23,4,4,0,0,0,0.2903225806451613,0.2903225806451613
59,62,3,2025,10,18,6,5,4,0,0,0,0.04838709677419355,0.04838709677419355
58,62,4,2025,10,18,6,5,4,0,0,0,0.06451612903225806,0.06451612903225806
58,62,4,2025,10,18,7,5,4,0,0,0,0.06451612903225806,0.06451612903225806
56,62,6,2025,10,18,7,5,4,0,0,0,0.0967741935483871,0.0967741935483871
54,62,8,2025,10,18,8,5,4,0,0,0,0.12903225806451613,0.12903225806451613
56,62,6,2025,10,18,8,5,4,0,0,0,0.0967741935483871,0.0967741935483871
50,62,12,2025,10,18,10,5,4,0,0,0,0.1935483870967742,0.1935483870967742
43,62,19,2025,10,18,11,5,4,0,0,0,0.3064516129032258,0.3064516129032258
40,62,22,2025,10,18,12,5,4,0,0,0,0.3548387096774194,0.3548387096774194
40,62,22,2025,10,18,12,5,4,0,0,0,0.3548387096774194,0.3548387096774194
38,62,24,2025,10,18,13,5,4,0,0,0,0.3870967741935484,0.3870967741935484
39,62,23,2025,10,18,13,5,4,0,0,0,0.3709677419354839,0.3709677419354839
39,62,23,2025,10,18,14,5,4,0,0,0,0.3709677419354839,0.3709677419354839
39,62,23,2025,10,18,14,5,4,0,0,0,0.3709677419354839,0.3709677419354839
36,62,26,2025,10,18,15,5,4,0,0,0,0.41935483870967744,0.41935483870967744
36,62,26,2025,10,18,15,5,4,0,0,0,0.41935483870967744,0.41935483870967744
34,62,28,2025,10,18,16,5,4,0,0,0,0.45161290322580644,0.45161290322580644
34,62,28,2025,10,18,16,5,4,0,0,0,0.45161290322580644,0.45161290322580644
31,62,31,2025,10,18,17,5,4,0,0,0,0.5,0.5
30,62,32,2025,10,18,17,5,4,0,0,0,0.5161290322580645,0.5161290322580645
33,62,29,2025,10,18,18,5,4,0,0,0,0.46774193548387094,0.46774193548387094
34,62,28,2025,10,18,18,5,4,0,0,0,0.45161290322580644,0.45161290322580644
33,62,29,2025,10,18,19,5,4,0,0,0,0.46774193548387094,0.46774193548387094
34,62,28,2025,10,18,19,5,4,0,0,0,0.45161290322580644,0.45161290322580644
32,62,30,2025,10,18,20,5,4,0,0,0,0.4838709677419355,0.4838709677419355
32,62,30,2025,10,18,20,5,4,0,0,0,0.4838709677419355,0.4838709677419355
35,62,27,2025,10,18,21,5,4,0,0,0,0.43548387096774194,0.43548387096774194
34,62,28,2025,10,18,22,5,4,0,0,0,0.45161290322580644,0.45161290322580644
34,62,28,2025,10,18,22,5,4,0,0,0,0.45161290322580644,0.45161290322580644
40,62,22,2025,10,18,23,5,4,0,0,0,0.3548387096774194,0.3548387096774194
42,62,20,2025,10,18,23,5,4,0,0,0,0.3225806451612903,0.3225806451612903
60,62,2,2025,10,19,6,6,4,0,0,0,0.03225806451612903,0.03225806451612903
61,62,1,2025,10,19,6,6,4,0,0,0,0.016129032258064516,0.016129032258064516
60,62,2,2025,10,19,7,6,4,0,0,0,0.03225806451612903,0.03225806451612903
60,62,2,2025,10,19,7,6,4,0,0,0,0.03225806451612903,0.03225806451612903
60,62,2,2025,10,19,8,6,4,0,0,0,0.03225806451612903,0.03225806451612903
60,62,2,2025,10,19,8,6,4,0,0,0,0.03225806451612903,0.03225806451612903
48,62,14,2025,10,19,10,6,4,0,0,0,0.22580645161290322,0.22580645161290322
41,62,21,2025,10,19,12,6,4,0,0,0,0.3387096774193548,0.3387096774193548
36,62,26,2025,10,19,12,6,4,0,0,0,0.41935483870967744,0.41935483870967744
35,62,27,2025,10,19,13,6,4,0,0,0,0.43548387096774194,0.43548387096774194
34,62,28,2025,10,19,14,6,4,0,0,0,0.45161290322580644,0.45161290322580644
30,62,32,2025,10,19,14,6,4,0,0,0,0.5161290322580645,0.5161290322580645
27,62,35,2025,10,19,15,6,4,0,0,0,0.5645161290322581,0.5645161290322581
27,62,35,2025,10,19,15,6,4,0,0,0,0.5645161290322581,0.5645161290322581
23,62,39,2025,10,19,16,6,4,0,0,0,0.6290322580645161,0.6290322580645161
24,62,38,2025,10,19,16,6,4,0,0,0,0.6129032258064516,0.6129032258064516
26,62,36,2025,10,19,17,6,4,0,0,0,0.5806451612903226,0.5806451612903226
25,62,37,2025,10,19,17,6,4,0,0,0,0.5967741935483871,0.5967741935483871
25,62,37,2025,10,19,18,6,4,0,0,0,0.5967741935483871,0.5967741935483871
27,62,35,2025,10,19,18,6,4,0,0,0,0.5645161290322581,0.5645161290322581
25,62,37,2025,10,19,19,6,4,0,0,0,0.5967741935483871,0.5967741935483871
26,62,36,2025,10,19,19,6,4,0,0,0,0.5806451612903226,0.5806451612903226
30,62,32,2025,10,19,20,6,4,0,0,0,0.5161290322580645,0.5161290322580645
31,62,31,2025,10,19,20,6,4,0,0,0,0.5,0.5
36,62,26,2025,10,19,21,6,4,0,0,0,0.41935483870967744,0.41935483870967744
42,62,20,2025,10,19,22,6,4,0,0,0,0.3225806451612903,0.3225806451612903
44,62,18,2025,10,19,22,6,4,0,0,0,0.2903225806451613,0.2903225806451613
45,62,17,2025,10,19,23,6,4,0,0,0,0.27419354838709675,0.27419354838709675
45,62,17,2025,10,19,23,6,4,0,0,0,0.27419354838709675,0.27419354838709675
60,62,2,2025,10,20,6,0,4,0,0,0,0.03225806451612903,0.03225806451612903
59,62,3,2025,10,20,6,0,4,0,0,0,0.04838709677419355,0.04838709677419355
58,62,4,2025,10,20,7,0,4,0,0,0,0.06451612903225806,0.06451612903225806
57,62,5,2025,10,20,7,0,4,0,0,0,0.08064516129032258,0.08064516129032258
55,62,7,2025,10,20,8,0,4,0,0,0,0.11290322580645161,0.11290322580645161
52,62,10,2025,10,20,8,0,4,0,0,0,0.16129032258064516,0.16129032258064516
48,62,14,2025,10,20,10,0,4,0,0,0,0.22580645161290322,0.22580645161290322
43,62,19,2025,10,20,12,0,4,0,0,0,0.3064516129032258,0.3064516129032258
36,62,26,2025,10,20,12,0,4,0,0,0,0.41935483870967744,0.41935483870967744
33,62,29,2025,10,20,13,0,4,0,0,0,0.46774193548387094,0.46774193548387094
32,62,30,2025,10,20,14,0,4,0,0,0,0.4838709677419355,0.4838709677419355
31,62,31,2025,10,20,14,0,4,0,0,0,0.5,0.5
27,62,35,2025,10,20,15,0,4,0,0,0,0.5645161290322581,0.5645161290322581
25,62,37,2025,10,20,15,0,4,0,0,0,0.5967741935483871,0.5967741935483871
25,62,37,2025,10,20,16,0,4,0,0,0,0.5967741935483871,0.5967741935483871
25,62,37,2025,10,20,16,0,4,0,0,0,0.5967741935483871,0.5967741935483871
27,62,35,2025,10,20,17,0,4,0,0,0,0.5645161290322581,0.5645161290322581
27,62,35,2025,10,20,17,0,4,0,0,0,0.5645161290322581,0.5645161290322581
27,62,35,2025,10,20,18,0,4,0,0,0,0.5645161290322581,0.5645161290322581
26,62,36,2025,10,20,18,0,4,0,0,0,0.5806451612903226,0.5806451612903226
30,62,32,2025,10,20,19,0,4,0,0,0,0.5161290322580645,0.5161290322580645
28,62,34,2025,10,20,19,0,4,0,0,0,0.5483870967741935,0.5483870967741935
27,62,35,2025,10,20,20,0,4,0,0,0,0.5645161290322581,0.5645161290322581
27,62,35,2025,10,20,20,0,4,0,0,0,0.5645161290322581,0.5645161290322581
25,62,37,2025,10,20,21,0,4,0,0,0,0.5967741935483871,0.5967741935483871
31,62,31,2025,10,20,22,0,4,0,0,0,0.5,0.5
31,62,31,2025,10,20,22,0,4,0,0,0,0.5,0.5
32,62,30,2025,10,20,23,0,4,0,0,0,0.4838709677419355,0.4838709677419355
34,62,28,2025,10,20,23,0,4,0,0,0,0.45161290322580644,0.45161290322580644
57,62,5,2025,10,21,6,1,4,0,0,0,0.08064516129032258,0.08064516129032258
57,62,5,2025,10,21,6,1,4,0,0,0,0.08064516129032258,0.08064516129032258
55,62,7,2025,10,21,7,1,4,0,0,0,0.11290322580645161,0.11290322580645161
53,62,9,2025,10,21,7,1,4,0,0,0,0.14516129032258066,0.14516129032258066
52,62,10,2025,10,21,8,1,4,0,0,0,0.16129032258064516,0.16129032258064516
50,62,12,2025,10,21,8,1,4,0,0,0,0.1935483870967742,0.1935483870967742
46,62,16,2025,10,21,10,1,4,0,0,0,0.25806451612903225,0.25806451612903225
39,62,23,2025,10,21,11,1,4,0,0,0,0.3709677419354839,0.3709677419354839
38,62,24,2025,10,21,12,1,4,0,0,0,0.3870967741935484,0.3870967741935484
38,62,24,2025,10,21,13,1,4,0,0,0,0.3870967741935484,0.3870967741935484
39,62,23,2025,10,21,13,1,4,0,0,0,0.3709677419354839,0.3709677419354839
37,62,25,2025,10,21,14,1,4,0,0,0,0.4032258064516129,0.4032258064516129
34,62,28,2025,10,21,14,1,4,0,0,0,0.45161290322580644,0.45161290322580644
31,62,31,2025,10,21,15,1,4,0,0,0,0.5,0.5
28,62,34,2025,10,21,15,1,4,0,0,0,0.5483870967741935,0.5483870967741935
27,62,35,2025,10,21,16,1,4,0,0,0,0.5645161290322581,0.5645161290322581
27,62,35,2025,10,21,16,1,4,0,0,0,0.5645161290322581,0.5645161290322581
29,62,33,2025,10,21,17,1,4,0,0,0,0.532258064516129,0.532258064516129
28,62,34,2025,10,21,17,1,4,0,0,0,0.5483870967741935,0.5483870967741935
28,62,34,2025,10,21,18,1,4,0,0,0,0.5483870967741935,0.5483870967741935
27,62,35,2025,10,21,18,1,4,0,0,0,0.5645161290322581,0.5645161290322581
26,62,36,2025,10,21,19,1,4,0,0,0,0.5806451612903226,0.5806451612903226
26,62,36,2025,10,21,19,1,4,0,0,0,0.5806451612903226,0.5806451612903226
29,62,33,2025,10,21,20,1,4,0,0,0,0.532258064516129,0.532258064516129
31,62,31,2025,10,21,20,1,4,0,0,0,0.5,0.5
34,62,28,2025,10,21,21,1,4,0,0,0,0.45161290322580644,0.45161290322580644
38,62,24,2025,10,21,22,1,4,0,0,0,0.3870967741935484,0.3870967741935484
40,62,22,2025,10,21,23,1,4,0,0,0,0.3548387096774194,0.3548387096774194
40,62,22,2025,10,21,23,1,4,0,0,0,0.3548387096774194,0.3548387096774194
58,62,4,2025,10,22,6,2,4,0,0,0,0.06451612903225806,0.06451612903225806
57,62,5,2025,10,22,6,2,4,0,0,0,0.08064516129032258,0.08064516129032258
56,62,6,2025,10,22,7,2,4,0,0,0,0.0967741935483871,0.0967741935483871
54,62,8,2025,10,22,7,2,4,0,0,0,0.12903225806451613,0.12903225806451613
53,62,9,2025,10,22,8,2,4,0,0,0,0.14516129032258066,0.14516129032258066
50,62,12,2025,10,22,8,2,4,0,0,0,0.1935483870967742,0.1935483870967742
44,62,18,2025,10,22,10,2,4,0,0,0,0.2903225806451613,0.2903225806451613
41,62,21,2025,10,22,11,2,4,0,0,0,0.3387096774193548,0.3387096774193548
41,62,21,2025,10,22,12,2,4,0,0,0,0.3387096774193548,0.3387096774193548
37,62,25,2025,10,22,13,2,4,0,0,0,0.4032258064516129,0.4032258064516129
36,62,26,2025,10,22,13,2,4,0,0,0,0.41935483870967744,0.41935483870967744
37,62,25,2025,10,22,14,2,4,0,0,0,0.4032258064516129,0.4032258064516129
37,62,25,2025,10,22,14,2,4,0,0,0,0.4032258064516129,0.4032258064516129
37,62,25,2025,10,22,15,2,4,0,0,0,0.4032258064516129,0.4032258064516129
37,62,25,2025,10,22,15,2,4,0,0,0,0.4032258064516129,0.4032258064516129
36,62,26,2025,10,22,16,2,4,0,0,0,0.41935483870967744,0.41935483870967744
35,62,27,2025,10,22,16,2,4,0,0,0,0.43548387096774194,0.43548387096774194
35,62,27,2025,10,22,17,2,4,0,0,0,0.43548387096774194,0.43548387096774194
37,62,25,2025,10,22,17,2,4,0,0,0,0.4032258064516129,0.4032258064516129
35,62,27,2025,10,22,18,2,4,0,0,0,0.43548387096774194,0.43548387096774194
35,62,27,2025,10,22,18,2,4,0,0,0,0.43548387096774194,0.43548387096774194
38,62,24,2025,10,22,19,2,4,0,0,0,0.3870967741935484,0.3870967741935484
37,62,25,2025,10,22,19,2,4,0,0,0,0.4032258064516129,0.4032258064516129
36,62,26,2025,10,22,20,2,4,0,0,0,0.41935483870967744,0.41935483870967744
36,62,26,2025,10,22,20,2,4,0,0,0,0.41935483870967744,0.41935483870967744
38,62,24,2025,10,22,21,2,4,0,0,0,0.3870967741935484,0.3870967741935484
43,62,19,2025,10,22,22,2,4,0,0,0,0.3064516129032258,0.3064516129032258
47,62,15,2025,10,22,23,2,4,0,0,0,0.24193548387096775,0.24193548387096775
48,62,14,2025,10,22,23,2,4,0,0,0,0.22580645161290322,0.22580645161290322
58,62,4,2025,10,23,6,3,4,0,0,0,0.06451612903225806,0.06451612903225806
57,62,5,2025,10,23,6,3,4,0,0,0,0.08064516129032258,0.08064516129032258
56,62,6,2025,10,23,7,3,4,0,0,0,0.0967741935483871,0.0967741935483871
57,62,5,2025,10,23,7,3,4,0,0,0,0.08064516129032258,0.08064516129032258
55,62,7,2025,10,23,8,3,4,0,0,0,0.11290322580645161,0.11290322580645161
55,62,7,2025,10,23,8,3,4,0,0,0,0.11290322580645161,0.11290322580645161
45,62,17,2025,10,23,10,3,4,0,0,0,0.27419354838709675,0.27419354838709675
43,62,19,2025,10,23,11,3,4,0,0,0,0.3064516129032258,0.3064516129032258
42,62,20,2025,10,23,12,3,4,0,0,0,0.3225806451612903,0.3225806451612903
42,62,20,2025,10,23,13,3,4,0,0,0,0.3225806451612903,0.3225806451612903
42,62,20,2025,10,23,13,3,4,0,0,0,0.3225806451612903,0.3225806451612903
41,62,21,2025,10,23,14,3,4,0,0,0,0.3387096774193548,0.3387096774193548
40,62,22,2025,10,23,14,3,4,0,0,0,0.3548387096774194,0.3548387096774194
43,62,19,2025,10,23,15,3,4,0,0,0,0.3064516129032258,0.3064516129032258
45,62,17,2025,10,23,15,3,4,0,0,0,0.27419354838709675,0.27419354838709675
47,62,15,2025,10,23,16,3,4,0,0,0,0.24193548387096775,0.24193548387096775
45,62,17,2025,10,23,16,3,4,0,0,0,0.27419354838709675,0.27419354838709675
43,62,19,2025,10,23,17,3,4,0,0,0,0.3064516129032258,0.3064516129032258
43,62,19,2025,10,23,17,3,4,0,0,0,0.3064516129032258,0.3064516129032258
41,62,21,2025,10,23,18,3,4,0,0,0,0.3387096774193548,0.3387096774193548
42,62,20,2025,10,23,18,3,4,0,0,0,0.3225806451612903,0.3225806451612903
40,62,22,2025,10,23,19,3,4,0,0,0,0.3548387096774194,0.3548387096774194
40,62,22,2025,10,23,19,3,4,0,0,0,0.3548387096774194,0.3548387096774194
39,62,23,2025,10,23,20,3,4,0,0,0,0.3709677419354839,0.3709677419354839
40,62,22,2025,10,23,20,3,4,0,0,0,0.3548387096774194,0.3548387096774194
45,62,17,2025,10,23,21,3,4,0,0,0,0.27419354838709675,0.27419354838709675
46,62,16,2025,10,23,22,3,4,0,0,0,0.25806451612903225,0.25806451612903225
49,62,13,2025,10,23,23,3,4,0,0,0,0.20967741935483872,0.20967741935483872
50,62,12,2025,10,23,23,3,4,0,0,0,0.1935483870967742,0.1935483870967742
60,62,2,2025,10,24,6,4,4,0,0,0,0.03225806451612903,0.03225806451612903
58,62,4,2025,10,24,6,4,4,0,0,0,0.06451612903225806,0.06451612903225806
58,62,4,2025,10,24,7,4,4,0,0,0,0.06451612903225806,0.06451612903225806
57,62,5,2025,10,24,7,4,4,0,0,0,0.08064516129032258,0.08064516129032258
56,62,6,2025,10,24,8,4,4,0,0,0,0.0967741935483871,0.0967741935483871
57,62,5,2025,10,24,8,4,4,0,0,0,0.08064516129032258,0.08064516129032258
47,62,15,2025,10,24,10,4,4,0,0,0,0.24193548387096775,0.24193548387096775
48,62,14,2025,10,24,11,4,4,0,0,0,0.22580645161290322,0.22580645161290322
45,62,17,2025,10,24,12,4,4,0,0,0,0.27419354838709675,0.27419354838709675
46,62,16,2025,10,24,13,4,4,0,0,0,0.25806451612903225,0.25806451612903225
47,62,15,2025,10,24,13,4,4,0,0,0,0.24193548387096775,0.24193548387096775
46,62,16,2025,10,24,14,4,4,0,0,0,0.25806451612903225,0.25806451612903225
44,62,18,2025,10,24,14,4,4,0,0,0,0.2903225806451613,0.2903225806451613
43,62,19,2025,10,24,15,4,4,0,0,0,0.3064516129032258,0.3064516129032258
42,62,20,2025,10,24,15,4,4,0,0,0,0.3225806451612903,0.3225806451612903
41,62,21,2025,10,24,16,4,4,0,0,0,0.3387096774193548,0.3387096774193548
42,62,20,2025,10,24,16,4,4,0,0,0,0.3225806451612903,0.3225806451612903
42,62,20,2025,10,24,17,4,4,0,0,0,0.3225806451612903,0.3225806451612903
42,62,20,2025,10,24,17,4,4,0,0,0,0.3225806451612903,0.3225806451612903
42,62,20,2025,10,24,18,4,4,0,0,0,0.3225806451612903,0.3225806451612903
42,62,20,2025,10,24,18,4,4,0,0,0,0.3225806451612903,0.3225806451612903
43,62,19,2025,10,24,19,4,4,0,0,0,0.3064516129032258,0.3064516129032258
43,62,19,2025,10,24,19,4,4,0,0,0,0.3064516129032258,0.3064516129032258
42,62,20,2025,10,24,20,4,4,0,0,0,0.3225806451612903,0.3225806451612903
43,62,19,2025,10,24,20,4,4,0,0,0,0.3064516129032258,0.3064516129032258
45,62,17,2025,10,24,21,4,4,0,0,0,0.27419354838709675,0.27419354838709675
49,62,13,2025,10,24,22,4,4,0,0,0,0.20967741935483872,0.20967741935483872
50,62,12,2025,10,24,22,4,4,0,0,0,0.1935483870967742,0.1935483870967742
52,62,10,2025,10,24,23,4,4,0,0,0,0.16129032258064516,0.16129032258064516
52,62,10,2025,10,24,23,4,4,0,0,0,0.16129032258064516,0.16129032258064516
61,62,1,2025,10,25,6,5,4,0,0,0,0.016129032258064516,0.016129032258064516
61,62,1,2025,10,25,6,5,4,0,0,0,0.016129032258064516,0.016129032258064516
60,62,2,2025,10,25,7,5,4,0,0,0,0.03225806451612903,0.03225806451612903
60,62,2,2025,10,25,7,5,4,0,0,0,0.03225806451612903,0.03225806451612903
60,62,2,2025,10,25,8,5,4,0,0,0,0.03225806451612903,0.03225806451612903
59,62,3,2025,10,25,8,5,4,0,0,0,0.04838709677419355,0.04838709677419355
56,62,6,2025,10,25,10,5,4,0,0,0,0.0967741935483871,0.0967741935483871
55,62,7,2025,10,25,11,5,4,0,0,0,0.11290322580645161,0.11290322580645161
55,62,7,2025,10,25,12,5,4,0,0,0,0.11290322580645161,0.11290322580645161
51,62,11,2025,10,25,13,5,4,0,0,0,0.1774193548387097,0.1774193548387097
51,62,11,2025,10,25,13,5,4,0,0,0,0.1774193548387097,0.1774193548387097
49,62,13,2025,10,25,14,5,4,0,0,0,0.20967741935483872,0.20967741935483872
48,62,14,2025,10,25,14,5,4,0,0,0,0.22580645161290322,0.22580645161290322
47,62,15,2025,10,25,15,5,4,0,0,0,0.24193548387096775,0.24193548387096775
47,62,15,2025,10,25,15,5,4,0,0,0,0.24193548387096775,0.24193548387096775
46,62,16,2025,10,25,16,5,4,0,0,0,0.25806451612903225,0.25806451612903225
46,62,16,2025,10,25,16,5,4,0,0,0,0.25806451612903225,0.25806451612903225
44,62,18,2025,10,25,17,5,4,0,0,0,0.2903225806451613,0.2903225806451613
44,62,18,2025,10,25,17,5,4,0,0,0,0.2903225806451613,0.2903225806451613
45,62,17,2025,10,25,18,5,4,0,0,0,0.27419354838709675,0.27419354838709675
45,62,17,2025,10,25,18,5,4,0,0,0,0.27419354838709675,0.27419354838709675
46,62,16,2025,10,25,19,5,4,0,0,0,0.25806451612903225,0.25806451612903225
46,62,16,2025,10,25,19,5,4,0,0,0,0.25806451612903225,0.25806451612903225
47,62,15,2025,10,25,20,5,4,0,0,0,0.24193548387096775,0.24193548387096775
48,62,14,2025,10,25,20,5,4,0,0,0,0.22580645161290322,0.22580645161290322
51,62,11,2025,10,25,21,5,4,0,0,0,0.1774193548387097,0.1774193548387097
50,62,12,2025,10,25,22,5,4,0,0,0,0.1935483870967742,0.1935483870967742
50,62,12,2025,10,25,22,5,4,0,0,0,0.1935483870967742,0.1935483870967742
52,62,10,2025,10,25,23,5,4,0,0,0,0.16129032258064516,0.16129032258064516
54,62,8,2025,10,25,23,5,4,0,0,0,0.12903225806451613,0.12903225806451613
62,62,0,2025,10,26,6,6,4,0,0,0,0.0,0.0
62,62,0,2025,10,26,6,6,4,0,0,0,0.0,0.0
62,62,0,2025,10,26,7,6,4,0,0,0,0.0,0.0
62,62,0,2025,10,26,7,6,4,0,0,0,0.0,0.0
62,62,0,2025,10,26,8,6,4,0,0,0,0.0,0.0
62,62,0,2025,10,26,8,6,4,0,0,0,0.0,0.0
59,62,3,2025,10,26,10,6,4,0,0,0,0.04838709677419355,0.04838709677419355
58,62,4,2025,10,26,11,6,4,0,0,0,0.06451612903225806,0.06451612903225806
57,62,5,2025,10,26,12,6,4,0,0,0,0.08064516129032258,0.08064516129032258
55,62,7,2025,10,26,13,6,4,0,0,0,0.11290322580645161,0.11290322580645161
53,62,9,2025,10,26,13,6,4,0,0,0,0.14516129032258066,0.14516129032258066
51,62,11,2025,10,26,14,6,4,0,0,0,0.1774193548387097,0.1774193548387097
49,62,13,2025,10,26,14,6,4,0,0,0,0.20967741935483872,0.20967741935483872
49,62,13,2025,10,26,15,6,4,0,0,0,0.20967741935483872,0.20967741935483872
46,62,16,2025,10,26,15,6,4,0,0,0,0.25806451612903225,0.25806451612903225
47,62,15,2025,10,26,16,6,4,0,0,0,0.24193548387096775,0.24193548387096775
49,62,13,2025,10,26,16,6,4,0,0,0,0.20967741935483872,0.20967741935483872
49,62,13,2025,10,26,17,6,4,0,0,0,0.20967741935483872,0.20967741935483872
49,62,13,2025,10,26,17,6,4,0,0,0,0.20967741935483872,0.20967741935483872
49,62,13,2025,10,26,18,6,4,0,0,0,0.20967741935483872,0.20967741935483872
49,62,13,2025,10,26,18,6,4,0,0,0,0.20967741935483872,0.20967741935483872
49,62,13,2025,10,26,19,6,4,0,0,0,0.20967741935483872,0.20967741935483872
49,62,13,2025,10,26,19,6,4,0,0,0,0.20967741935483872,0.20967741935483872
50,62,12,2025,10,26,20,6,4,0,0,0,0.1935483870967742,0.1935483870967742
50,62,12,2025,10,26,20,6,4,0,0,0,0.1935483870967742,0.1935483870967742
51,62,11,2025,10,26,21,6,4,0,0,0,0.1774193548387097,0.1774193548387097
52,62,10,2025,10,26,22,6,4,0,0,0,0.16129032258064516,0.16129032258064516
54,62,8,2025,10,26,22,6,4,0,0,0,0.12903225806451613,0.12903225806451613
55,62,7,2025,10,26,23,6,4,0,0,0,0.11290322580645161,0.11290322580645161
55,62,7,2025,10,26,23,6,4,0,0,0,0.11290322580645161,0.11290322580645161
61,62,1,2025,10,27,6,0,4,0,0,0,0.016129032258064516,0.016129032258064516
61,62,1,2025,10,27,6,0,4,0,0,0,0.016129032258064516,0.016129032258064516
60,62,2,2025,10,27,7,0,4,0,0,0,0.03225806451612903,0.03225806451612903
60,62,2,2025,10,27,7,0,4,0,0,0,0.03225806451612903,0.03225806451612903
57,62,5,2025,10,27,8,0,4,0,0,0,0.08064516129032258,0.08064516129032258
56,62,6,2025,10,27,8,0,4,0,0,0,0.0967741935483871,0.0967741935483871
50,62,12,2025,10,27,10,0,4,0,0,0,0.1935483870967742,0.1935483870967742
47,62,15,2025,10,27,12,0,4,0,0,0,0.24193548387096775,0.24193548387096775
42,62,20,2025,10,27,13,0,4,0,0,0,0.3225806451612903,0.3225806451612903
38,62,24,2025,10,27,13,0,4,0,0,0,0.3870967741935484,0.3870967741935484
38,62,24,2025,10,27,14,0,4,0,0,0,0.3870967741935484,0.3870967741935484
37,62,25,2025,10,27,14,0,4,0,0,0,0.4032258064516129,0.4032258064516129
38,62,24,2025,10,27,15,0,4,0,0,0,0.3870967741935484,0.3870967741935484
37,62,25,2025,10,27,16,0,4,0,0,0,0.4032258064516129,0.4032258064516129
35,62,27,2025,10,27,16,0,4,0,0,0,0.43548387096774194,0.43548387096774194
33,62,29,2025,10,27,17,0,4,0,0,0,0.46774193548387094,0.46774193548387094
35,62,27,2025,10,27,17,0,4,0,0,0,0.43548387096774194,0.43548387096774194
34,62,28,2025,10,27,18,0,4,0,0,0,0.45161290322580644,0.45161290322580644
33,62,29,2025,10,27,18,0,4,0,0,0,0.46774193548387094,0.46774193548387094
36,62,26,2025,10,27,19,0,4,0,0,0,0.41935483870967744,0.41935483870967744
37,62,25,2025,10,27,19,0,4,0,0,0,0.4032258064516129,0.4032258064516129
38,62,24,2025,10,27,20,0,4,0,0,0,0.3870967741935484,0.3870967741935484
39,62,23,2025,10,27,20,0,4,0,0,0,0.3709677419354839,0.3709677419354839
39,62,23,2025,10,27,21,0,4,0,0,0,0.3709677419354839,0.3709677419354839
42,62,20,2025,10,27,22,0,4,0,0,0,0.3225806451612903,0.3225806451612903
48,62,14,2025,10,27,23,0,4,0,0,0,0.22580645161290322,0.22580645161290322
51,62,11,2025,10,27,23,0,4,0,0,0,0.1774193548387097,0.1774193548387097
61,62,1,2025,10,28,6,1,4,0,0,0,0.016129032258064516,0.016129032258064516
61,62,1,2025,10,28,6,1,4,0,0,0,0.016129032258064516,0.016129032258064516
58,62,4,2025,10,28,7,1,4,0,0,0,0.06451612903225806,0.06451612903225806
58,62,4,2025,10,28,7,1,4,0,0,0,0.06451612903225806,0.06451612903225806
56,62,6,2025,10,28,8,1,4,0,0,0,0.0967741935483871,0.0967741935483871
56,62,6,2025,10,28,8,1,4,0,0,0,0.0967741935483871,0.0967741935483871
50,62,12,2025,10,28,10,1,4,0,0,0,0.1935483870967742,0.1935483870967742
48,62,14,2025,10,28,11,1,4,0,0,0,0.22580645161290322,0.22580645161290322
49,62,13,2025,10,28,12,1,4,0,0,0,0.20967741935483872,0.20967741935483872
48,62,14,2025,10,28,13,1,4,0,0,0,0.22580645161290322,0.22580645161290322
48,62,14,2025,10,28,13,1,4,0,0,0,0.22580645161290322,0.22580645161290322
49,62,13,2025,10,28,14,1,4,0,0,0,0.20967741935483872,0.20967741935483872
45,62,17,2025,10,28,14,1,4,0,0,0,0.27419354838709675,0.27419354838709675
42,62,20,2025,10,28,15,1,4,0,0,0,0.3225806451612903,0.3225806451612903
39,62,23,2025,10,28,15,1,4,0,0,0,0.3709677419354839,0.3709677419354839
39,62,23,2025,10,28,16,1,4,0,0,0,0.3709677419354839,0.3709677419354839
38,62,24,2025,10,28,16,1,4,0,0,0,0.3870967741935484,0.3870967741935484
38,62,24,2025,10,28,17,1,4,0,0,0,0.3870967741935484,0.3870967741935484
39,62,23,2025,10,28,17,1,4,0,0,0,0.3709677419354839,0.3709677419354839
35,62,27,2025,10,28,18,1,4,0,0,0,0.43548387096774194,0.43548387096774194
36,62,26,2025,10,28,18,1,4,0,0,0,0.41935483870967744,0.41935483870967744
38,62,24,2025,10,28,19,1,4,0,0,0,0.3870967741935484,0.3870967741935484
38,62,24,2025,10,28,19,1,4,0,0,0,0.3870967741935484,0.3870967741935484
38,62,24,2025,10,28,20,1,4,0,0,0,0.3870967741935484,0.3870967741935484
41,62,21,2025,10,28,20,1,4,0,0,0,0.3387096774193548,0.3387096774193548
45,62,17,2025,10,28,21,1,4,0,0,0,0.27419354838709675,0.27419354838709675
47,62,15,2025,10,28,22,1,4,0,0,0,0.24193548387096775,0.24193548387096775
48,62,14,2025,10,28,22,1,4,0,0,0,0.22580645161290322,0.22580645161290322
48,62,14,2025,10,28,23,1,4,0,0,0,0.22580645161290322,0.22580645161290322
48,62,14,2025,10,28,23,1,4,0,0,0,0.22580645161290322,0.22580645161290322
61,62,1,2025,10,29,6,2,4,0,0,0,0.016129032258064516,0.016129032258064516
61,62,1,2025,10,29,6,2,4,0,0,0,0.016129032258064516,0.016129032258064516
60,62,2,2025,10,29,7,2,4,0,0,0,0.03225806451612903,0.03225806451612903
60,62,2,2025,10,29,7,2,4,0,0,0,0.03225806451612903,0.03225806451612903
59,62,3,2025,10,29,8,2,4,0,0,0,0.04838709677419355,0.04838709677419355
58,62,4,2025,10,29,8,2,4,0,0,0,0.06451612903225806,0.06451612903225806
55,62,7,2025,10,29,9,2,4,0,0,0,0.11290322580645161,0.11290322580645161
54,62,8,2025,10,29,10,2,4,0,0,0,0.12903225806451613,0.12903225806451613
53,62,9,2025,10,29,10,2,4,0,0,0,0.14516129032258066,0.14516129032258066
50,62,12,2025,10,29,12,2,4,0,0,0,0.1935483870967742,0.1935483870967742
45,62,17,2025,10,29,12,2,4,0,0,0,0.27419354838709675,0.27419354838709675
41,62,21,2025,10,29,13,2,4,0,0,0,0.3387096774193548,0.3387096774193548
38,62,24,2025,10,29,14,2,4,0,0,0,0.3870967741935484,0.3870967741935484
38,62,24,2025,10,29,14,2,4,0,0,0,0.3870967741935484,0.3870967741935484
39,62,23,2025,10,29,15,2,4,0,0,0,0.3709677419354839,0.3709677419354839
38,62,24,2025,10,29,15,2,4,0,0,0,0.3870967741935484,0.3870967741935484
39,62,23,2025,10,29,16,2,4,0,0,0,0.3709677419354839,0.3709677419354839
37,62,25,2025,10,29,16,2,4,0,0,0,0.4032258064516129,0.4032258064516129
37,62,25,2025,10,29,17,2,4,0,0,0,0.4032258064516129,0.4032258064516129
37,62,25,2025,10,29,17,2,4,0,0,0,0.4032258064516129,0.4032258064516129
39,62,23,2025,10,29,18,2,4,0,0,0,0.3709677419354839,0.3709677419354839
39,62,23,2025,10,29,18,2,4,0,0,0,0.3709677419354839,0.3709677419354839
43,62,19,2025,10,29,19,2,4,0,0,0,0.3064516129032258,0.3064516129032258
43,62,19,2025,10,29,19,2,4,0,0,0,0.3064516129032258,0.3064516129032258
44,62,18,2025,10,29,20,2,4,0,0,0,0.2903225806451613,0.2903225806451613
44,62,18,2025,10,29,20,2,4,0,0,0,0.2903225806451613,0.2903225806451613
41,62,21,2025,10,29,21,2,4,0,0,0,0.3387096774193548,0.3387096774193548
44,62,18,2025,10,29,22,2,4,0,0,0,0.2903225806451613,0.2903225806451613
49,62,13,2025,10,29,23,2,4,0,0,0,0.20967741935483872,0.20967741935483872
50,62,12,2025,10,29,23,2,4,0,0,0,0.1935483870967742,0.1935483870967742
53,62,9,2025,10,30,0,3,4,0,0,0,0.14516129032258066,0.14516129032258066
53,62,9,2025,10,30,0,3,4,0,0,0,0.14516129032258066,0.14516129032258066
61,62,1,2025,10,30,6,3,4,0,0,0,0.016129032258064516,0.016129032258064516
61,62,1,2025,10,30,6,3,4,0,0,0,0.016129032258064516,0.016129032258064516
60,62,2,2025,10,30,7,3,4,0,0,0,0.03225806451612903,0.03225806451612903
59,62,3,2025,10,30,7,3,4,0,0,0,0.04838709677419355,0.04838709677419355
58,62,4,2025,10,30,8,3,4,0,0,0,0.06451612903225806,0.06451612903225806
53,62,9,2025,10,30,8,3,4,0,0,0,0.14516129032258066,0.14516129032258066
53,62,9,2025,10,30,9,3,4,0,0,0,0.14516129032258066,0.14516129032258066
48,62,14,2025,10,30,10,3,4,0,0,0,0.22580645161290322,0.22580645161290322
48,62,14,2025,10,30,10,3,4,0,0,0,0.22580645161290322,0.22580645161290322
46,62,16,2025,10,30,11,3,4,0,0,0,0.25806451612903225,0.25806451612903225
43,62,19,2025,10,30,11,3,4,0,0,0,0.3064516129032258,0.3064516129032258
42,62,20,2025,10,30,12,3,4,0,0,0,0.3225806451612903,0.3225806451612903
40,62,22,2025,10,30,13,3,4,0,0,0,0.3548387096774194,0.3548387096774194
38,62,24,2025,10,30,13,3,4,0,0,0,0.3870967741935484,0.3870967741935484
39,62,23,2025,10,30,14,3,4,0,0,0,0.3709677419354839,0.3709677419354839
38,62,24,2025,10,30,14,3,4,0,0,0,0.3870967741935484,0.3870967741935484
33,62,29,2025,10,30,15,3,4,0,0,0,0.46774193548387094,0.46774193548387094
35,62,27,2025,10,30,15,3,4,0,0,0,0.43548387096774194,0.43548387096774194
35,62,27,2025,10,30,16,3,4,0,0,0,0.43548387096774194,0.43548387096774194
35,62,27,2025,10,30,16,3,4,0,0,0,0.43548387096774194,0.43548387096774194
36,62,26,2025,10,30,17,3,4,0,0,0,0.41935483870967744,0.41935483870967744
37,62,25,2025,10,30,17,3,4,0,0,0,0.4032258064516129,0.4032258064516129
36,62,26,2025,10,30,18,3,4,0,0,0,0.41935483870967744,0.41935483870967744
37,62,25,2025,10,30,18,3,4,0,0,0,0.4032258064516129,0.4032258064516129
38,62,24,2025,10,30,19,3,4,0,0,0,0.3870967741935484,0.3870967741935484
38,62,24,2025,10,30,19,3,4,0,0,0,0.3870967741935484,0.3870967741935484
40,62,22,2025,10,30,20,3,4,0,0,0,0.3548387096774194,0.3548387096774194
40,62,22,2025,10,30,20,3,4,0,0,0,0.3548387096774194,0.3548387096774194
47,62,15,2025,10,30,21,3,4,0,0,0,0.24193548387096775,0.24193548387096775
49,62,13,2025,10,30,22,3,4,0,0,0,0.20967741935483872,0.20967741935483872
52,62,10,2025,10,30,22,3,4,0,0,0,0.16129032258064516,0.16129032258064516
52,62,10,2025,10,30,23,3,4,0,0,0,0.16129032258064516,0.16129032258064516
54,62,8,2025,10,30,23,3,4,0,0,0,0.12903225806451613,0.12903225806451613
56,62,6,2025,10,31,0,4,4,0,0,0,0.0967741935483871,0.0967741935483871
57,62,5,2025,10,31,0,4,4,0,0,0,0.08064516129032258,0.08064516129032258
60,62,2,2025,10,31,6,4,4,0,0,0,0.03225806451612903,0.03225806451612903
58,62,4,2025,10,31,6,4,4,0,0,0,0.06451612903225806,0.06451612903225806
60,62,2,2025,10,31,7,4,4,0,0,0,0.03225806451612903,0.03225806451612903
60,62,2,2025,10,31,7,4,4,0,0,0,0.03225806451612903,0.03225806451612903
57,62,5,2025,10,31,8,4,4,0,0,0,0.08064516129032258,0.08064516129032258
57,62,5,2025,10,31,8,4,4,0,0,0,0.08064516129032258,0.08064516129032258
54,62,8,2025,10,31,10,4,4,0,0,0,0.12903225806451613,0.12903225806451613
51,62,11,2025,10,31,11,4,4,0,0,0,0.1774193548387097,0.1774193548387097
50,62,12,2025,10,31,12,4,4,0,0,0,0.1935483870967742,0.1935483870967742
48,62,14,2025,10,31,13,4,4,0,0,0,0.22580645161290322,0.22580645161290322
47,62,15,2025,10,31,13,4,4,0,0,0,0.24193548387096775,0.24193548387096775
46,62,16,2025,10,31,14,4,4,0,0,0,0.25806451612903225,0.25806451612903225
45,62,17,2025,10,31,14,4,4,0,0,0,0.27419354838709675,0.27419354838709675
43,62,19,2025,10,31,15,4,4,0,0,0,0.3064516129032258,0.3064516129032258
43,62,19,2025,10,31,15,4,4,0,0,0,0.3064516129032258,0.3064516129032258
43,62,19,2025,10,31,16,4,4,0,0,0,0.3064516129032258,0.3064516129032258
43,62,19,2025,10,31,16,4,4,0,0,0,0.3064516129032258,0.3064516129032258
45,62,17,2025,10,31,17,4,4,0,0,0,0.27419354838709675,0.27419354838709675
46,62,16,2025,10,31,17,4,4,0,0,0,0.25806451612903225,0.25806451612903225
45,62,17,2025,10,31,18,4,4,0,0,0,0.27419354838709675,0.27419354838709675
44,62,18,2025,10,31,18,4,4,0,0,0,0.2903225806451613,0.2903225806451613
46,62,16,2025,10,31,19,4,4,0,0,0,0.25806451612903225,0.25806451612903225
46,62,16,2025,10,31,19,4,4,0,0,0,0.25806451612903225,0.25806451612903225
47,62,15,2025,10,31,20,4,4,0,0,0,0.24193548387096775,0.24193548387096775
49,62,13,2025,10,31,20,4,4,0,0,0,0.20967741935483872,0.20967741935483872
49,62,13,2025,10,31,21,4,4,0,0,0,0.20967741935483872,0.20967741935483872
51,62,11,2025,10,31,22,4,4,0,0,0,0.1774193548387097,0.1774193548387097
51,62,11,2025,10,31,22,4,4,0,0,0,0.1774193548387097,0.1774193548387097
53,62,9,2025,10,31,23,4,4,0,0,0,0.14516129032258066,0.14516129032258066
54,62,8,2025,10,31,23,4,4,0,0,0,0.12903225806451613,0.12903225806451613
57,62,5,2025,11,1,0,5,4,0,0,0,0.08064516129032258,0.08064516129032258
57,62,5,2025,11,1,0,5,4,0,0,0,0.08064516129032258,0.08064516129032258
62,62,0,2025,11,1,6,5,4,0,0,0,0.0,0.0
61,62,1,2025,11,1,6,5,4,0,0,0,0.016129032258064516,0.016129032258064516
60,62,2,2025,11,1,7,5,4,0,0,0,0.03225806451612903,0.03225806451612903
60,62,2,2025,11,1,7,5,4,0,0,0,0.03225806451612903,0.03225806451612903
60,62,2,2025,11,1,8,5,4,0,0,0,0.03225806451612903,0.03225806451612903
60,62,2,2025,11,1,8,5,4,0,0,0,0.03225806451612903,0.03225806451612903
59,62,3,2025,11,1,9,5,4,0,0,0,0.04838709677419355,0.04838709677419355
57,62,5,2025,11,1,10,5,4,0,0,0,0.08064516129032258,0.08064516129032258
51,62,11,2025,11,1,11,5,4,0,0,0,0.1774193548387097,0.1774193548387097
52,62,10,2025,11,1,12,5,4,0,0,0,0.16129032258064516,0.16129032258064516
51,62,11,2025,11,1,13,5,4,0,0,0,0.1774193548387097,0.1774193548387097
50,62,12,2025,11,1,13,5,4,0,0,0,0.1935483870967742,0.1935483870967742
49,62,13,2025,11,1,14,5,4,0,0,0,0.20967741935483872,0.20967741935483872
48,62,14,2025,11,1,14,5,4,0,0,0,0.22580645161290322,0.22580645161290322
46,62,16,2025,11,1,15,5,4,0,0,0,0.25806451612903225,0.25806451612903225
46,62,16,2025,11,1,15,5,4,0,0,0,0.25806451612903225,0.25806451612903225
45,62,17,2025,11,1,16,5,4,0,0,0,0.27419354838709675,0.27419354838709675
46,62,16,2025,11,1,16,5,4,0,0,0,0.25806451612903225,0.25806451612903225
44,62,18,2025,11,1,17,5,4,0,0,0,0.2903225806451613,0.2903225806451613
47,62,15,2025,11,1,17,5,4,0,0,0,0.24193548387096775,0.24193548387096775
48,62,14,2025,11,1,18,5,4,0,0,0,0.22580645161290322,0.22580645161290322
48,62,14,2025,11,1,18,5,4,0,0,0,0.22580645161290322,0.22580645161290322
48,62,14,2025,11,1,19,5,4,0,0,0,0.22580645161290322,0.22580645161290322
48,62,14,2025,11,1,19,5,4,0,0,0,0.22580645161290322,0.22580645161290322
48,62,14,2025,11,1,20,5,4,0,0,0,0.22580645161290322,0.22580645161290322
47,62,15,2025,11,1,20,5,4,0,0,0,0.24193548387096775,0.24193548387096775
48,62,14,2025,11,1,21,5,4,0,0,0,0.22580645161290322,0.22580645161290322
48,62,14,2025,11,1,21,5,4,0,0,0,0.22580645161290322,0.22580645161290322
48,62,14,2025,11,1,22,5,4,0,0,0,0.22580645161290322,0.22580645161290322
49,62,13,2025,11,1,22,5,4,0,0,0,0.20967741935483872,0.20967741935483872
50,62,12,2025,11,1,23,5,4,0,0,0,0.1935483870967742,0.1935483870967742
53,62,9,2025,11,1,23,5,4,0,0,0,0.14516129032258066,0.14516129032258066
56,62,6,2025,11,2,0,6,4,0,0,0,0.0967741935483871,0.0967741935483871
56,62,6,2025,11,2,0,6,4,0,0,0,0.0967741935483871,0.0967741935483871
61,62,1,2025,11,2,6,6,4,0,0,0,0.016129032258064516,0.016129032258064516
61,62,1,2025,11,2,6,6,4,0,0,0,0.016129032258064516,0.016129032258064516
61,62,1,2025,11,2,7,6,4,0,0,0,0.016129032258064516,0.016129032258064516
61,62,1,2025,11,2,7,6,4,0,0,0,0.016129032258064516,0.016129032258064516
60,62,2,2025,11,2,8,6,4,0,0,0,0.03225806451612903,0.03225806451612903
60,62,2,2025,11,2,8,6,4,0,0,0,0.03225806451612903,0.03225806451612903
60,62,2,2025,11,2,9,6,4,0,0,0,0.03225806451612903,0.03225806451612903
56,62,6,2025,11,2,10,6,4,0,0,0,0.0967741935483871,0.0967741935483871
56,62,6,2025,11,2,10,6,4,0,0,0,0.0967741935483871,0.0967741935483871
54,62,8,2025,11,2,11,6,4,0,0,0,0.12903225806451613,0.12903225806451613
51,62,11,2025,11,2,11,6,4,0,0,0,0.1774193548387097,0.1774193548387097
51,62,11,2025,11,2,12,6,4,0,0,0,0.1774193548387097,0.1774193548387097
49,62,13,2025,11,2,13,6,4,0,0,0,0.20967741935483872,0.20967741935483872
50,62,12,2025,11,2,13,6,4,0,0,0,0.1935483870967742,0.1935483870967742
49,62,13,2025,11,2,14,6,4,0,0,0,0.20967741935483872,0.20967741935483872
48,62,14,2025,11,2,14,6,4,0,0,0,0.22580645161290322,0.22580645161290322
48,62,14,2025,11,2,15,6,4,0,0,0,0.22580645161290322,0.22580645161290322
47,62,15,2025,11,2,15,6,4,0,0,0,0.24193548387096775,0.24193548387096775
49,62,13,2025,11,2,16,6,4,0,0,0,0.20967741935483872,0.20967741935483872
48,62,14,2025,11,2,16,6,4,0,0,0,0.22580645161290322,0.22580645161290322
47,62,15,2025,11,2,17,6,4,0,0,0,0.24193548387096775,0.24193548387096775
47,62,15,2025,11,2,17,6,4,0,0,0,0.24193548387096775,0.24193548387096775
48,62,14,2025,11,2,18,6,4,0,0,0,0.22580645161290322,0.22580645161290322
48,62,14,2025,11,2,18,6,4,0,0,0,0.22580645161290322,0.22580645161290322
49,62,13,2025,11,2,19,6,4,0,0,0,0.20967741935483872,0.20967741935483872
49,62,13,2025,11,2,19,6,4,0,0,0,0.20967741935483872,0.20967741935483872
49,62,13,2025,11,2,20,6,4,0,0,0,0.20967741935483872,0.20967741935483872
48,62,14,2025,11,2,20,6,4,0,0,0,0.22580645161290322,0.22580645161290322
50,62,12,2025,11,2,21,6,4,0,0,0,0.1935483870967742,0.1935483870967742
53,62,9,2025,11,2,22,6,4,0,0,0,0.14516129032258066,0.14516129032258066
53,62,9,2025,11,2,22,6,4,0,0,0,0.14516129032258066,0.14516129032258066
54,62,8,2025,11,2,23,6,4,0,0,0,0.12903225806451613,0.12903225806451613
56,62,6,2025,11,2,23,6,4,0,0,0,0.0967741935483871,0.0967741935483871
57,62,5,2025,11,3,0,0,4,0,0,0,0.08064516129032258,0.08064516129032258
57,62,5,2025,11,3,0,0,4,0,0,0,0.08064516129032258,0.08064516129032258
62,62,0,2025,11,3,6,0,4,0,0,0,0.0,0.0
61,62,1,2025,11,3,6,0,4,0,0,0,0.016129032258064516,0.016129032258064516
61,62,1,2025,11,3,7,0,4,0,0,0,0.016129032258064516,0.016129032258064516
60,62,2,2025,11,3,7,0,4,0,0,0,0.03225806451612903,0.03225806451612903
60,62,2,2025,11,3,8,0,4,0,0,0,0.03225806451612903,0.03225806451612903
58,62,4,2025,11,3,8,0,4,0,0,0,0.06451612903225806,0.06451612903225806
47,62,15,2025,11,3,10,0,4,0,0,0,0.24193548387096775,0.24193548387096775
46,62,16,2025,11,3,12,0,4,0,0,0,0.25806451612903225,0.25806451612903225
44,62,18,2025,11,3,13,0,4,0,0,0,0.2903225806451613,0.2903225806451613
41,62,21,2025,11,3,13,0,4,0,0,0,0.3387096774193548,0.3387096774193548
41,62,21,2025,11,3,14,0,4,0,0,0,0.3387096774193548,0.3387096774193548
41,62,21,2025,11,3,14,0,4,0,0,0,0.3387096774193548,0.3387096774193548
41,62,21,2025,11,3,15,0,4,0,0,0,0.3387096774193548,0.3387096774193548
41,62,21,2025,11,3,15,0,4,0,0,0,0.3387096774193548,0.3387096774193548
39,62,23,2025,11,3,16,0,4,0,0,0,0.3709677419354839,0.3709677419354839
39,62,23,2025,11,3,16,0,4,0,0,0,0.3709677419354839,0.3709677419354839
39,62,23,2025,11,3,17,0,4,0,0,0,0.3709677419354839,0.3709677419354839
40,62,22,2025,11,3,17,0,4,0,0,0,0.3548387096774194,0.3548387096774194
36,62,26,2025,11,3,18,0,4,0,0,0,0.41935483870967744,0.41935483870967744
36,62,26,2025,11,3,18,0,4,0,0,0,0.41935483870967744,0.41935483870967744
36,62,26,2025,11,3,19,0,4,0,0,0,0.41935483870967744,0.41935483870967744
37,62,25,2025,11,3,19,0,4,0,0,0,0.4032258064516129,0.4032258064516129
38,62,24,2025,11,3,20,0,4,0,0,0,0.3870967741935484,0.3870967741935484
39,62,23,2025,11,3,20,0,4,0,0,0,0.3709677419354839,0.3709677419354839
43,62,19,2025,11,3,21,0,4,0,0,0,0.3064516129032258,0.3064516129032258
44,62,18,2025,11,3,22,0,4,0,0,0,0.2903225806451613,0.2903225806451613
44,62,18,2025,11,3,22,0,4,0,0,0,0.2903225806451613,0.2903225806451613
45,62,17,2025,11,3,23,0,4,0,0,0,0.27419354838709675,0.27419354838709675
45,62,17,2025,11,3,23,0,4,0,0,0,0.27419354838709675,0.27419354838709675
50,62,12,2025,11,4,0,1,4,0,0,0,0.1935483870967742,0.1935483870967742
53,62,9,2025,11,4,0,1,4,0,0,0,0.14516129032258066,0.14516129032258066
60,62,2,2025,11,4,6,1,4,0,0,0,0.03225806451612903,0.03225806451612903
60,62,2,2025,11,4,6,1,4,0,0,0,0.03225806451612903,0.03225806451612903
60,62,2,2025,11,4,7,1,4,0,0,0,0.03225806451612903,0.03225806451612903
58,62,4,2025,11,4,7,1,4,0,0,0,0.06451612903225806,0.06451612903225806
56,62,6,2025,11,4,8,1,4,0,0,0,0.0967741935483871,0.0967741935483871
54,62,8,2025,11,4,8,1,4,0,0,0,0.12903225806451613,0.12903225806451613
51,62,11,2025,11,4,9,1,4,0,0,0,0.1774193548387097,0.1774193548387097
49,62,13,2025,11,4,10,1,4,0,0,0,0.20967741935483872,0.20967741935483872
41,62,21,2025,11,4,11,1,4,0,0,0,0.3387096774193548,0.3387096774193548
41,62,21,2025,11,4,11,1,4,0,0,0,0.3387096774193548,0.3387096774193548
39,62,23,2025,11,4,12,1,4,0,0,0,0.3709677419354839,0.3709677419354839
41,62,21,2025,11,4,13,1,4,0,0,0,0.3387096774193548,0.3387096774193548
41,62,21,2025,11,4,13,1,4,0,0,0,0.3387096774193548,0.3387096774193548
41,62,21,2025,11,4,14,1,4,0,0,0,0.3387096774193548,0.3387096774193548
40,62,22,2025,11,4,14,1,4,0,0,0,0.3548387096774194,0.3548387096774194
40,62,22,2025,11,4,15,1,4,0,0,0,0.3548387096774194,0.3548387096774194
40,62,22,2025,11,4,15,1,4,0,0,0,0.3548387096774194,0.3548387096774194
39,62,23,2025,11,4,16,1,4,0,0,0,0.3709677419354839,0.3709677419354839
41,62,21,2025,11,4,16,1,4,0,0,0,0.3387096774193548,0.3387096774193548
42,62,20,2025,11,4,17,1,4,0,0,0,0.3225806451612903,0.3225806451612903
41,62,21,2025,11,4,17,1,4,0,0,0,0.3387096774193548,0.3387096774193548
42,62,20,2025,11,4,18,1,4,0,0,0,0.3225806451612903,0.3225806451612903
42,62,20,2025,11,4,18,1,4,0,0,0,0.3225806451612903,0.3225806451612903
41,62,21,2025,11,4,19,1,4,0,0,0,0.3387096774193548,0.3387096774193548
41,62,21,2025,11,4,19,1,4,0,0,0,0.3387096774193548,0.3387096774193548
40,62,22,2025,11,4,20,1,4,0,0,0,0.3548387096774194,0.3548387096774194
40,62,22,2025,11,4,20,1,4,0,0,0,0.3548387096774194,0.3548387096774194
43,62,19,2025,11,4,21,1,4,0,0,0,0.3064516129032258,0.3064516129032258
42,62,20,2025,11,4,21,1,4,0,0,0,0.3225806451612903,0.3225806451612903
48,62,14,2025,11,4,22,1,4,0,0,0,0.22580645161290322,0.22580645161290322
52,62,10,2025,11,4,23,1,4,0,0,0,0.16129032258064516,0.16129032258064516
53,62,9,2025,11,4,23,1,4,0,0,0,0.14516129032258066,0.14516129032258066
52,62,10,2025,11,5,0,2,4,0,0,0,0.16129032258064516,0.16129032258064516
53,62,9,2025,11,5,0,2,4,0,0,0,0.14516129032258066,0.14516129032258066
61,62,1,2025,11,5,6,2,4,0,0,0,0.016129032258064516,0.016129032258064516
61,62,1,2025,11,5,6,2,4,0,0,0,0.016129032258064516,0.016129032258064516
61,62,1,2025,11,5,7,2,4,0,0,0,0.016129032258064516,0.016129032258064516
60,62,2,2025,11,5,7,2,4,0,0,0,0.03225806451612903,0.03225806451612903
60,62,2,2025,11,5,8,2,4,0,0,0,0.03225806451612903,0.03225806451612903
57,62,5,2025,11,5,8,2,4,0,0,0,0.08064516129032258,0.08064516129032258
53,62,9,2025,11,5,9,2,4,0,0,0,0.14516129032258066,0.14516129032258066
50,62,12,2025,11,5,10,2,4,0,0,0,0.1935483870967742,0.1935483870967742
46,62,16,2025,11,5,11,2,4,0,0,0,0.25806451612903225,0.25806451612903225
45,62,17,2025,11,5,12,2,4,0,0,0,0.27419354838709675,0.27419354838709675
44,62,18,2025,11,5,13,2,4,0,0,0,0.2903225806451613,0.2903225806451613
44,62,18,2025,11,5,13,2,4,0,0,0,0.2903225806451613,0.2903225806451613
43,62,19,2025,11,5,14,2,4,0,0,0,0.3064516129032258,0.3064516129032258
41,62,21,2025,11,5,14,2,4,0,0,0,0.3387096774193548,0.3387096774193548
43,62,19,2025,11,5,15,2,4,0,0,0,0.3064516129032258,0.3064516129032258
43,62,19,2025,11,5,15,2,4,0,0,0,0.3064516129032258,0.3064516129032258
44,62,18,2025,11,5,16,2,4,0,0,0,0.2903225806451613,0.2903225806451613
43,62,19,2025,11,5,16,2,4,0,0,0,0.3064516129032258,0.3064516129032258
44,62,18,2025,11,5,17,2,4,0,0,0,0.2903225806451613,0.2903225806451613
45,62,17,2025,11,5,17,2,4,0,0,0,0.27419354838709675,0.27419354838709675
43,62,19,2025,11,5,18,2,4,0,0,0,0.3064516129032258,0.3064516129032258
43,62,19,2025,11,5,18,2,4,0,0,0,0.3064516129032258,0.3064516129032258
44,62,18,2025,11,5,19,2,4,0,0,0,0.2903225806451613,0.2903225806451613
47,62,15,2025,11,5,19,2,4,0,0,0,0.24193548387096775,0.24193548387096775
48,62,14,2025,11,5,20,2,4,0,0,0,0.22580645161290322,0.22580645161290322
49,62,13,2025,11,5,20,2,4,0,0,0,0.20967741935483872,0.20967741935483872
46,62,16,2025,11,5,21,2,4,0,0,0,0.25806451612903225,0.25806451612903225
46,62,16,2025,11,5,22,2,4,0,0,0,0.25806451612903225,0.25806451612903225
51,62,11,2025,11,5,23,2,4,0,0,0,0.1774193548387097,0.1774193548387097
51,62,11,2025,11,5,23,2,4,0,0,0,0.1774193548387097,0.1774193548387097
52,62,10,2025,11,6,0,3,4,0,0,0,0.16129032258064516,0.16129032258064516
52,62,10,2025,11,6,0,3,4,0,0,0,0.16129032258064516,0.16129032258064516
61,62,1,2025,11,6,6,3,4,0,0,0,0.016129032258064516,0.016129032258064516
60,62,2,2025,11,6,6,3,4,0,0,0,0.03225806451612903,0.03225806451612903
60,62,2,2025,11,6,7,3,4,0,0,0,0.03225806451612903,0.03225806451612903
60,62,2,2025,11,6,7,3,4,0,0,0,0.03225806451612903,0.03225806451612903
58,62,4,2025,11,6,8,3,4,0,0,0,0.06451612903225806,0.06451612903225806
53,62,9,2025,11,6,8,3,4,0,0,0,0.14516129032258066,0.14516129032258066
53,62,9,2025,11,6,9,3,4,0,0,0,0.14516129032258066,0.14516129032258066
49,62,13,2025,11,6,9,3,4,0,0,0,0.20967741935483872,0.20967741935483872
49,62,13,2025,11,6,10,3,4,0,0,0,0.20967741935483872,0.20967741935483872
49,62,13,2025,11,6,10,3,4,0,0,0,0.20967741935483872,0.20967741935483872
48,62,14,2025,11,6,10,3,4,0,0,0,0.22580645161290322,0.22580645161290322
43,62,19,2025,11,6,11,3,4,0,0,0,0.3064516129032258,0.3064516129032258
42,62,20,2025,11,6,12,3,4,0,0,0,0.3225806451612903,0.3225806451612903
41,62,21,2025,11,6,13,3,4,0,0,0,0.3387096774193548,0.3387096774193548
40,62,22,2025,11,6,13,3,4,0,0,0,0.3548387096774194,0.3548387096774194
40,62,22,2025,11,6,14,3,4,0,0,0,0.3548387096774194,0.3548387096774194
41,62,21,2025,11,6,14,3,4,0,0,0,0.3387096774193548,0.3387096774193548
41,62,21,2025,11,6,15,3,4,0,0,0,0.3387096774193548,0.3387096774193548
40,62,22,2025,11,6,15,3,4,0,0,0,0.3548387096774194,0.3548387096774194
41,62,21,2025,11,6,16,3,4,0,0,0,0.3387096774193548,0.3387096774193548
40,62,22,2025,11,6,16,3,4,0,0,0,0.3548387096774194,0.3548387096774194
40,62,22,2025,11,6,17,3,4,0,0,0,0.3548387096774194,0.3548387096774194
41,62,21,2025,11,6,17,3,4,0,0,0,0.3387096774193548,0.3387096774193548
38,62,24,2025,11,6,18,3,4,0,0,0,0.3870967741935484,0.3870967741935484
39,62,23,2025,11,6,18,3,4,0,0,0,0.3709677419354839,0.3709677419354839
38,62,24,2025,11,6,19,3,4,0,0,0,0.3870967741935484,0.3870967741935484
36,62,26,2025,11,6,19,3,4,0,0,0,0.41935483870967744,0.41935483870967744
37,62,25,2025,11,6,20,3,4,0,0,0,0.4032258064516129,0.4032258064516129
37,62,25,2025,11,6,20,3,4,0,0,0,0.4032258064516129,0.4032258064516129
36,62,26,2025,11,6,21,3,4,0,0,0,0.41935483870967744,0.41935483870967744
40,62,22,2025,11,6,22,3,4,0,0,0,0.3548387096774194,0.3548387096774194
42,62,20,2025,11,6,22,3,4,0,0,0,0.3225806451612903,0.3225806451612903
41,62,21,2025,11,6,23,3,4,0,0,0,0.3387096774193548,0.3387096774193548
42,62,20,2025,11,6,23,3,4,0,0,0,0.3225806451612903,0.3225806451612903
48,62,14,2025,11,7,0,4,4,0,0,0,0.22580645161290322,0.22580645161290322
51,62,11,2025,11,7,0,4,4,0,0,0,0.1774193548387097,0.1774193548387097
60,62,2,2025,11,7,6,4,4,0,0,0,0.03225806451612903,0.03225806451612903
60,62,2,2025,11,7,6,4,4,0,0,0,0.03225806451612903,0.03225806451612903
60,62,2,2025,11,7,7,4,4,0,0,0,0.03225806451612903,0.03225806451612903
60,62,2,2025,11,7,7,4,4,0,0,0,0.03225806451612903,0.03225806451612903
56,62,6,2025,11,7,8,4,4,0,0,0,0.0967741935483871,0.0967741935483871
54,62,8,2025,11,7,8,4,4,0,0,0,0.12903225806451613,0.12903225806451613
53,62,9,2025,11,7,10,4,4,0,0,0,0.14516129032258066,0.14516129032258066
51,62,11,2025,11,7,11,4,4,0,0,0,0.1774193548387097,0.1774193548387097
50,62,12,2025,11,7,12,4,4,0,0,0,0.1935483870967742,0.1935483870967742
47,62,15,2025,11,7,13,4,4,0,0,0,0.24193548387096775,0.24193548387096775
47,62,15,2025,11,7,13,4,4,0,0,0,0.24193548387096775,0.24193548387096775
47,62,15,2025,11,7,14,4,4,0,0,0,0.24193548387096775,0.24193548387096775
47,62,15,2025,11,7,14,4,4,0,0,0,0.24193548387096775,0.24193548387096775
44,62,18,2025,11,7,15,4,4,0,0,0,0.2903225806451613,0.2903225806451613
44,62,18,2025,11,7,15,4,4,0,0,0,0.2903225806451613,0.2903225806451613
44,62,18,2025,11,7,16,4,4,0,0,0,0.2903225806451613,0.2903225806451613
43,62,19,2025,11,7,16,4,4,0,0,0,0.3064516129032258,0.3064516129032258
45,62,17,2025,11,7,17,4,4,0,0,0,0.27419354838709675,0.27419354838709675
45,62,17,2025,11,7,17,4,4,0,0,0,0.27419354838709675,0.27419354838709675
47,62,15,2025,11,7,18,4,4,0,0,0,0.24193548387096775,0.24193548387096775
47,62,15,2025,11,7,18,4,4,0,0,0,0.24193548387096775,0.24193548387096775
47,62,15,2025,11,7,19,4,4,0,0,0,0.24193548387096775,0.24193548387096775
45,62,17,2025,11,7,19,4,4,0,0,0,0.27419354838709675,0.27419354838709675
44,62,18,2025,11,7,20,4,4,0,0,0,0.2903225806451613,0.2903225806451613
45,62,17,2025,11,7,20,4,4,0,0,0,0.27419354838709675,0.27419354838709675
43,62,19,2025,11,7,22,4,4,0,0,0,0.3064516129032258,0.3064516129032258
46,62,16,2025,11,7,22,4,4,0,0,0,0.25806451612903225,0.25806451612903225
49,62,13,2025,11,7,23,4,4,0,0,0,0.20967741935483872,0.20967741935483872
50,62,12,2025,11,7,23,4,4,0,0,0,0.1935483870967742,0.1935483870967742
53,62,9,2025,11,8,0,5,4,0,0,0,0.14516129032258066,0.14516129032258066
53,62,9,2025,11,8,0,5,4,0,0,0,0.14516129032258066,0.14516129032258066
59,62,3,2025,11,8,6,5,4,0,0,0,0.04838709677419355,0.04838709677419355
59,62,3,2025,11,8,6,5,4,0,0,0,0.04838709677419355,0.04838709677419355
59,62,3,2025,11,8,7,5,4,0,0,0,0.04838709677419355,0.04838709677419355
59,62,3,2025,11,8,7,5,4,0,0,0,0.04838709677419355,0.04838709677419355
57,62,5,2025,11,8,8,5,4,0,0,0,0.08064516129032258,0.08064516129032258
58,62,4,2025,11,8,8,5,4,0,0,0,0.06451612903225806,0.06451612903225806
57,62,5,2025,11,8,9,5,4,0,0,0,0.08064516129032258,0.08064516129032258
56,62,6,2025,11,8,10,5,4,0,0,0,0.0967741935483871,0.0967741935483871
51,62,11,2025,11,8,11,5,4,0,0,0,0.1774193548387097,0.1774193548387097
51,62,11,2025,11,8,12,5,4,0,0,0,0.1774193548387097,0.1774193548387097
51,62,11,2025,11,8,13,5,4,0,0,0,0.1774193548387097,0.1774193548387097
50,62,12,2025,11,8,13,5,4,0,0,0,0.1935483870967742,0.1935483870967742
48,62,14,2025,11,8,14,5,4,0,0,0,0.22580645161290322,0.22580645161290322
48,62,14,2025,11,8,14,5,4,0,0,0,0.22580645161290322,0.22580645161290322
46,62,16,2025,11,8,15,5,4,0,0,0,0.25806451612903225,0.25806451612903225
46,62,16,2025,11,8,15,5,4,0,0,0,0.25806451612903225,0.25806451612903225
46,62,16,2025,11,8,16,5,4,0,0,0,0.25806451612903225,0.25806451612903225
46,62,16,2025,11,8,16,5,4,0,0,0,0.25806451612903225,0.25806451612903225
46,62,16,2025,11,8,17,5,4,0,0,0,0.25806451612903225,0.25806451612903225
46,62,16,2025,11,8,17,5,4,0,0,0,0.25806451612903225,0.25806451612903225
47,62,15,2025,11,8,18,5,4,0,0,0,0.24193548387096775,0.24193548387096775
47,62,15,2025,11,8,18,5,4,0,0,0,0.24193548387096775,0.24193548387096775
48,62,14,2025,11,8,19,5,4,0,0,0,0.22580645161290322,0.22580645161290322
48,62,14,2025,11,8,19,5,4,0,0,0,0.22580645161290322,0.22580645161290322
48,62,14,2025,11,8,20,5,4,0,0,0,0.22580645161290322,0.22580645161290322
48,62,14,2025,11,8,20,5,4,0,0,0,0.22580645161290322,0.22580645161290322
50,62,12,2025,11,8,21,5,4,0,0,0,0.1935483870967742,0.1935483870967742
51,62,11,2025,11,8,22,5,4,0,0,0,0.1774193548387097,0.1774193548387097
51,62,11,2025,11,8,22,5,4,0,0,0,0.1774193548387097,0.1774193548387097
53,62,9,2025,11,8,23,5,4,0,0,0,0.14516129032258066,0.14516129032258066
53,62,9,2025,11,8,23,5,4,0,0,0,0.14516129032258066,0.14516129032258066
56,62,6,2025,11,9,0,6,4,0,0,0,0.0967741935483871,0.0967741935483871
57,62,5,2025,11,9,0,6,4,0,0,0,0.08064516129032258,0.08064516129032258
61,62,1,2025,11,9,6,6,4,0,0,0,0.016129032258064516,0.016129032258064516
62,62,0,2025,11,9,6,6,4,0,0,0,0.0,0.0
61,62,1,2025,11,9,7,6,4,0,0,0,0.016129032258064516,0.016129032258064516
61,62,1,2025,11,9,7,6,4,0,0,0,0.016129032258064516,0.016129032258064516
61,62,1,2025,11,9,8,6,4,0,0,0,0.016129032258064516,0.016129032258064516
60,62,2,2025,11,9,8,6,4,0,0,0,0.03225806451612903,0.03225806451612903
57,62,5,2025,11,9,10,6,4,0,0,0,0.08064516129032258,0.08064516129032258
52,62,10,2025,11,9,11,6,4,0,0,0,0.16129032258064516,0.16129032258064516
48,62,14,2025,11,9,12,6,4,0,0,0,0.22580645161290322,0.22580645161290322
47,62,15,2025,11,9,13,6,4,0,0,0,0.24193548387096775,0.24193548387096775
46,62,16,2025,11,9,13,6,4,0,0,0,0.25806451612903225,0.25806451612903225
45,62,17,2025,11,9,14,6,4,0,0,0,0.27419354838709675,0.27419354838709675
45,62,17,2025,11,9,14,6,4,0,0,0,0.27419354838709675,0.27419354838709675
45,62,17,2025,11,9,15,6,4,0,0,0,0.27419354838709675,0.27419354838709675
45,62,17,2025,11,9,15,6,4,0,0,0,0.27419354838709675,0.27419354838709675
46,62,16,2025,11,9,16,6,4,0,0,0,0.25806451612903225,0.25806451612903225
48,62,14,2025,11,9,16,6,4,0,0,0,0.22580645161290322,0.22580645161290322
41,62,21,2025,11,9,17,6,4,0,0,0,0.3387096774193548,0.3387096774193548
42,62,20,2025,11,9,17,6,4,0,0,0,0.3225806451612903,0.3225806451612903
44,62,18,2025,11,9,18,6,4,0,0,0,0.2903225806451613,0.2903225806451613
43,62,19,2025,11,9,18,6,4,0,0,0,0.3064516129032258,0.3064516129032258
44,62,18,2025,11,9,19,6,4,0,0,0,0.2903225806451613,0.2903225806451613
45,62,17,2025,11,9,19,6,4,0,0,0,0.27419354838709675,0.27419354838709675
46,62,16,2025,11,9,20,6,4,0,0,0,0.25806451612903225,0.25806451612903225
46,62,16,2025,11,9,20,6,4,0,0,0,0.25806451612903225,0.25806451612903225
45,62,17,2025,11,9,21,6,4,0,0,0,0.27419354838709675,0.27419354838709675
45,62,17,2025,11,9,22,6,4,0,0,0,0.27419354838709675,0.27419354838709675
45,62,17,2025,11,9,22,6,4,0,0,0,0.27419354838709675,0.27419354838709675
52,62,10,2025,11,9,23,6,4,0,0,0,0.16129032258064516,0.16129032258064516
53,62,9,2025,11,9,23,6,4,0,0,0,0.14516129032258066,0.14516129032258066
56,62,6,2025,11,10,0,0,4,0,0,0,0.0967741935483871,0.0967741935483871
58,62,4,2025,11,10,0,0,4,0,0,0,0.06451612903225806,0.06451612903225806
60,62,2,2025,11,10,6,0,4,0,0,0,0.03225806451612903,0.03225806451612903
60,62,2,2025,11,10,6,0,4,0,0,0,0.03225806451612903,0.03225806451612903
60,62,2,2025,11,10,7,0,4,0,0,0,0.03225806451612903,0.03225806451612903
59,62,3,2025,11,10,7,0,4,0,0,0,0.04838709677419355,0.04838709677419355
56,62,6,2025,11,10,8,0,4,0,0,0,0.0967741935483871,0.0967741935483871
53,62,9,2025,11,10,8,0,4,0,0,0,0.14516129032258066,0.14516129032258066
49,62,13,2025,11,10,10,0,4,0,0,0,0.20967741935483872,0.20967741935483872
47,62,15,2025,11,10,10,0,4,0,0,0,0.24193548387096775,0.24193548387096775
46,62,16,2025,11,10,12,0,4,0,0,0,0.25806451612903225,0.25806451612903225
41,62,21,2025,11,10,13,0,4,0,0,0,0.3387096774193548,0.3387096774193548
41,62,21,2025,11,10,13,0,4,0,0,0,0.3387096774193548,0.3387096774193548
41,62,21,2025,11,10,14,0,4,0,0,0,0.3387096774193548,0.3387096774193548
43,62,19,2025,11,10,14,0,4,0,0,0,0.3064516129032258,0.3064516129032258
42,62,20,2025,11,10,15,0,4,0,0,0,0.3225806451612903,0.3225806451612903
42,62,20,2025,11,10,15,0,4,0,0,0,0.3225806451612903,0.3225806451612903
42,62,20,2025,11,10,16,0,4,0,0,0,0.3225806451612903,0.3225806451612903
40,62,22,2025,11,10,16,0,4,0,0,0,0.3548387096774194,0.3548387096774194
41,62,21,2025,11,10,17,0,4,0,0,0,0.3387096774193548,0.3387096774193548
39,62,23,2025,11,10,17,0,4,0,0,0,0.3709677419354839,0.3709677419354839
39,62,23,2025,11,10,18,0,4,0,0,0,0.3709677419354839,0.3709677419354839
39,62,23,2025,11,10,18,0,4,0,0,0,0.3709677419354839,0.3709677419354839
40,62,22,2025,11,10,19,0,4,0,0,0,0.3548387096774194,0.3548387096774194
43,62,19,2025,11,10,19,0,4,0,0,0,0.3064516129032258,0.3064516129032258
45,62,17,2025,11,10,20,0,4,0,0,0,0.27419354838709675,0.27419354838709675
44,62,18,2025,11,10,20,0,4,0,0,0,0.2903225806451613,0.2903225806451613
47,62,15,2025,11,10,21,0,4,0,0,0,0.24193548387096775,0.24193548387096775
48,62,14,2025,11,10,22,0,4,0,0,0,0.22580645161290322,0.22580645161290322
48,62,14,2025,11,10,22,0,4,0,0,0,0.22580645161290322,0.22580645161290322
50,62,12,2025,11,10,23,0,4,0,0,0,0.1935483870967742,0.1935483870967742
51,62,11,2025,11,10,23,0,4,0,0,0,0.1774193548387097,0.1774193548387097
54,62,8,2025,11,11,0,1,4,0,0,0,0.12903225806451613,0.12903225806451613
56,62,6,2025,11,11,0,1,4,0,0,0,0.0967741935483871,0.0967741935483871
61,62,1,2025,11,11,6,1,4,0,0,0,0.016129032258064516,0.016129032258064516
60,62,2,2025,11,11,6,1,4,0,0,0,0.03225806451612903,0.03225806451612903
60,62,2,2025,11,11,7,1,4,0,0,0,0.03225806451612903,0.03225806451612903
55,62,7,2025,11,11,7,1,4,0,0,0,0.11290322580645161,0.11290322580645161
51,62,11,2025,11,11,8,1,4,0,0,0,0.1774193548387097,0.1774193548387097
49,62,13,2025,11,11,8,1,4,0,0,0,0.20967741935483872,0.20967741935483872
49,62,13,2025,11,11,9,1,4,0,0,0,0.20967741935483872,0.20967741935483872
45,62,17,2025,11,11,10,1,4,0,0,0,0.27419354838709675,0.27419354838709675
42,62,20,2025,11,11,11,1,4,0,0,0,0.3225806451612903,0.3225806451612903
41,62,21,2025,11,11,12,1,4,0,0,0,0.3387096774193548,0.3387096774193548
42,62,20,2025,11,11,13,1,4,0,0,0,0.3225806451612903,0.3225806451612903
44,62,18,2025,11,11,13,1,4,0,0,0,0.2903225806451613,0.2903225806451613
41,62,21,2025,11,11,14,1,4,0,0,0,0.3387096774193548,0.3387096774193548
40,62,22,2025,11,11,14,1,4,0,0,0,0.3548387096774194,0.3548387096774194
38,62,24,2025,11,11,15,1,4,0,0,0,0.3870967741935484,0.3870967741935484
38,62,24,2025,11,11,15,1,4,0,0,0,0.3870967741935484,0.3870967741935484
38,62,24,2025,11,11,16,1,4,0,0,0,0.3870967741935484,0.3870967741935484
39,62,23,2025,11,11,16,1,4,0,0,0,0.3709677419354839,0.3709677419354839
38,62,24,2025,11,11,17,1,4,0,0,0,0.3870967741935484,0.3870967741935484
39,62,23,2025,11,11,17,1,4,0,0,0,0.3709677419354839,0.3709677419354839
38,62,24,2025,11,11,18,1,4,0,0,0,0.3870967741935484,0.3870967741935484
38,62,24,2025,11,11,18,1,4,0,0,0,0.3870967741935484,0.3870967741935484
35,62,27,2025,11,11,19,1,4,0,0,0,0.43548387096774194,0.43548387096774194
34,62,28,2025,11,11,19,1,4,0,0,0,0.45161290322580644,0.45161290322580644
37,62,25,2025,11,11,20,1,4,0,0,0,0.4032258064516129,0.4032258064516129
38,62,24,2025,11,11,20,1,4,0,0,0,0.3870967741935484,0.3870967741935484
43,62,19,2025,11,11,21,1,4,0,0,0,0.3064516129032258,0.3064516129032258
45,62,17,2025,11,11,22,1,4,0,0,0,0.27419354838709675,0.27419354838709675
47,62,15,2025,11,11,22,1,4,0,0,0,0.24193548387096775,0.24193548387096775
49,62,13,2025,11,11,23,1,4,0,0,0,0.20967741935483872,0.20967741935483872
49,62,13,2025,11,11,23,1,4,0,0,0,0.20967741935483872,0.20967741935483872
50,62,12,2025,11,12,0,2,4,0,0,0,0.1935483870967742,0.1935483870967742
51,62,11,2025,11,12,0,2,4,0,0,0,0.1774193548387097,0.1774193548387097
62,62,0,2025,11,12,6,2,4,0,0,0,0.0,0.0
61,62,1,2025,11,12,6,2,4,0,0,0,0.016129032258064516,0.016129032258064516
60,62,2,2025,11,12,7,2,4,0,0,0,0.03225806451612903,0.03225806451612903
60,62,2,2025,11,12,7,2,4,0,0,0,0.03225806451612903,0.03225806451612903
58,62,4,2025,11,12,8,2,4,0,0,0,0.06451612903225806,0.06451612903225806
55,62,7,2025,11,12,8,2,4,0,0,0,0.11290322580645161,0.11290322580645161
50,62,12,2025,11,12,9,2,4,0,0,0,0.1935483870967742,0.1935483870967742
50,62,12,2025,11,12,10,2,4,0,0,0,0.1935483870967742,0.1935483870967742
49,62,13,2025,11,12,10,2,4,0,0,0,0.20967741935483872,0.20967741935483872
45,62,17,2025,11,12,11,2,4,0,0,0,0.27419354838709675,0.27419354838709675
45,62,17,2025,11,12,12,2,4,0,0,0,0.27419354838709675,0.27419354838709675
43,62,19,2025,11,12,13,2,4,0,0,0,0.3064516129032258,0.3064516129032258
42,62,20,2025,11,12,13,2,4,0,0,0,0.3225806451612903,0.3225806451612903
41,62,21,2025,11,12,14,2,4,0,0,0,0.3387096774193548,0.3387096774193548
42,62,20,2025,11,12,14,2,4,0,0,0,0.3225806451612903,0.3225806451612903
44,62,18,2025,11,12,15,2,4,0,0,0,0.2903225806451613,0.2903225806451613
44,62,18,2025,11,12,15,2,4,0,0,0,0.2903225806451613,0.2903225806451613
44,62,18,2025,11,12,16,2,4,0,0,0,0.2903225806451613,0.2903225806451613
44,62,18,2025,11,12,16,2,4,0,0,0,0.2903225806451613,0.2903225806451613
40,62,22,2025,11,12,17,2,4,0,0,0,0.3548387096774194,0.3548387096774194
40,62,22,2025,11,12,17,2,4,0,0,0,0.3548387096774194,0.3548387096774194
39,62,23,2025,11,12,18,2,4,0,0,0,0.3709677419354839,0.3709677419354839
39,62,23,2025,11,12,18,2,4,0,0,0,0.3709677419354839,0.3709677419354839
39,62,23,2025,11,12,19,2,4,0,0,0,0.3709677419354839,0.3709677419354839
38,62,24,2025,11,12,19,2,4,0,0,0,0.3870967741935484,0.3870967741935484
37,62,25,2025,11,12,20,2,4,0,0,0,0.4032258064516129,0.4032258064516129
40,62,22,2025,11,12,20,2,4,0,0,0,0.3548387096774194,0.3548387096774194
43,62,19,2025,11,12,21,2,4,0,0,0,0.3064516129032258,0.3064516129032258
46,62,16,2025,11,12,22,2,4,0,0,0,0.25806451612903225,0.25806451612903225
48,62,14,2025,11,12,23,2,4,0,0,0,0.22580645161290322,0.22580645161290322
51,62,11,2025,11,12,23,2,4,0,0,0,0.1774193548387097,0.1774193548387097
53,62,9,2025,11,13,0,3,4,0,0,0,0.14516129032258066,0.14516129032258066
54,62,8,2025,11,13,0,3,4,0,0,0,0.12903225806451613,0.12903225806451613
61,62,1,2025,11,13,6,3,4,0,0,0,0.016129032258064516,0.016129032258064516
61,62,1,2025,11,13,6,3,4,0,0,0,0.016129032258064516,0.016129032258064516
60,62,2,2025,11,13,7,3,4,0,0,0,0.03225806451612903,0.03225806451612903
58,62,4,2025,11,13,7,3,4,0,0,0,0.06451612903225806,0.06451612903225806
55,62,7,2025,11,13,8,3,4,0,0,0,0.11290322580645161,0.11290322580645161
53,62,9,2025,11,13,8,3,4,0,0,0,0.14516129032258066,0.14516129032258066
45,62,17,2025,11,13,10,3,4,0,0,0,0.27419354838709675,0.27419354838709675
44,62,18,2025,11,13,10,3,4,0,0,0,0.2903225806451613,0.2903225806451613
43,62,19,2025,11,13,11,3,4,0,0,0,0.3064516129032258,0.3064516129032258
42,62,20,2025,11,13,12,3,4,0,0,0,0.3225806451612903,0.3225806451612903
41,62,21,2025,11,13,13,3,4,0,0,0,0.3387096774193548,0.3387096774193548
40,62,22,2025,11,13,13,3,4,0,0,0,0.3548387096774194,0.3548387096774194
40,62,22,2025,11,13,14,3,4,0,0,0,0.3548387096774194,0.3548387096774194
41,62,21,2025,11,13,14,3,4,0,0,0,0.3387096774193548,0.3387096774193548
39,62,23,2025,11,13,15,3,4,0,0,0,0.3709677419354839,0.3709677419354839
36,62,26,2025,11,13,15,3,4,0,0,0,0.41935483870967744,0.41935483870967744
35,62,27,2025,11,13,16,3,4,0,0,0,0.43548387096774194,0.43548387096774194
38,62,24,2025,11,13,16,3,4,0,0,0,0.3870967741935484,0.3870967741935484
37,62,25,2025,11,13,17,3,4,0,0,0,0.4032258064516129,0.4032258064516129
37,62,25,2025,11,13,17,3,4,0,0,0,0.4032258064516129,0.4032258064516129
37,62,25,2025,11,13,18,3,4,0,0,0,0.4032258064516129,0.4032258064516129
38,62,24,2025,11,13,18,3,4,0,0,0,0.3870967741935484,0.3870967741935484
40,62,22,2025,11,13,19,3,4,0,0,0,0.3548387096774194,0.3548387096774194
40,62,22,2025,11,13,19,3,4,0,0,0,0.3548387096774194,0.3548387096774194
40,62,22,2025,11,13,20,3,4,0,0,0,0.3548387096774194,0.3548387096774194
40,62,22,2025,11,13,20,3,4,0,0,0,0.3548387096774194,0.3548387096774194
47,62,15,2025,11,13,21,3,4,0,0,0,0.24193548387096775,0.24193548387096775
50,62,12,2025,11,13,22,3,4,0,0,0,0.1935483870967742,0.1935483870967742
51,62,11,2025,11,13,23,3,4,0,0,0,0.1774193548387097,0.1774193548387097
53,62,9,2025,11,13,23,3,4,0,0,0,0.14516129032258066,0.14516129032258066
55,62,7,2025,11,14,0,4,4,0,0,0,0.11290322580645161,0.11290322580645161
55,62,7,2025,11,14,0,4,4,0,0,0,0.11290322580645161,0.11290322580645161
60,62,2,2025,11,14,6,4,4,0,0,0,0.03225806451612903,0.03225806451612903
61,62,1,2025,11,14,6,4,4,0,0,0,0.016129032258064516,0.016129032258064516
60,62,2,2025,11,14,7,4,4,0,0,0,0.03225806451612903,0.03225806451612903
60,62,2,2025,11,14,7,4,4,0,0,0,0.03225806451612903,0.03225806451612903
58,62,4,2025,11,14,8,4,4,0,0,0,0.06451612903225806,0.06451612903225806
58,62,4,2025,11,14,8,4,4,0,0,0,0.06451612903225806,0.06451612903225806
52,62,10,2025,11,14,10,4,4,0,0,0,0.16129032258064516,0.16129032258064516
48,62,14,2025,11,14,11,4,4,0,0,0,0.22580645161290322,0.22580645161290322
45,62,17,2025,11,14,12,4,4,0,0,0,0.27419354838709675,0.27419354838709675
43,62,19,2025,11,14,13,4,4,0,0,0,0.3064516129032258,0.3064516129032258
42,62,20,2025,11,14,13,4,4,0,0,0,0.3225806451612903,0.3225806451612903
39,62,23,2025,11,14,14,4,4,0,0,0,0.3709677419354839,0.3709677419354839
38,62,24,2025,11,14,14,4,4,0,0,0,0.3870967741935484,0.3870967741935484
37,62,25,2025,11,14,15,4,4,0,0,0,0.4032258064516129,0.4032258064516129
36,62,26,2025,11,14,15,4,4,0,0,0,0.41935483870967744,0.41935483870967744
36,62,26,2025,11,14,16,4,4,0,0,0,0.41935483870967744,0.41935483870967744
36,62,26,2025,11,14,16,4,4,0,0,0,0.41935483870967744,0.41935483870967744
36,62,26,2025,11,14,17,4,4,0,0,0,0.41935483870967744,0.41935483870967744
37,62,25,2025,11,14,17,4,4,0,0,0,0.4032258064516129,0.4032258064516129
37,62,25,2025,11,14,18,4,4,0,0,0,0.4032258064516129,0.4032258064516129
38,62,24,2025,11,14,18,4,4,0,0,0,0.3870967741935484,0.3870967741935484
38,62,24,2025,11,14,19,4,4,0,0,0,0.3870967741935484,0.3870967741935484
38,62,24,2025,11,14,19,4,4,0,0,0,0.3870967741935484,0.3870967741935484
39,62,23,2025,11,14,20,4,4,0,0,0,0.3709677419354839,0.3709677419354839
41,62,21,2025,11,14,20,4,4,0,0,0,0.3387096774193548,0.3387096774193548
42,62,20,2025,11,14,21,4,4,0,0,0,0.3225806451612903,0.3225806451612903
44,62,18,2025,11,14,22,4,4,0,0,0,0.2903225806451613,0.2903225806451613
44,62,18,2025,11,14,22,4,4,0,0,0,0.2903225806451613,0.2903225806451613
47,62,15,2025,11,14,23,4,4,0,0,0,0.24193548387096775,0.24193548387096775
47,62,15,2025,11,14,23,4,4,0,0,0,0.24193548387096775,0.24193548387096775
52,62,10,2025,11,15,0,5,4,0,0,0,0.16129032258064516,0.16129032258064516
52,62,10,2025,11,15,0,5,4,0,0,0,0.16129032258064516,0.16129032258064516
62,62,0,2025,11,15,6,5,4,0,0,0,0.0,0.0
62,62,0,2025,11,15,6,5,4,0,0,0,0.0,0.0
62,62,0,2025,11,15,7,5,4,0,0,0,0.0,0.0
61,62,1,2025,11,15,7,5,4,0,0,0,0.016129032258064516,0.016129032258064516
61,62,1,2025,11,15,8,5,4,0,0,0,0.016129032258064516,0.016129032258064516
60,62,2,2025,11,15,8,5,4,0,0,0,0.03225806451612903,0.03225806451612903
59,62,3,2025,11,15,9,5,4,0,0,0,0.04838709677419355,0.04838709677419355
59,62,3,2025,11,15,9,5,4,0,0,0,0.04838709677419355,0.04838709677419355
56,62,6,2025,11,15,10,5,4,0,0,0,0.0967741935483871,0.0967741935483871
53,62,9,2025,11,15,11,5,4,0,0,0,0.14516129032258066,0.14516129032258066
48,62,14,2025,11,15,12,5,4,0,0,0,0.22580645161290322,0.22580645161290322
47,62,15,2025,11,15,13,5,4,0,0,0,0.24193548387096775,0.24193548387096775
46,62,16,2025,11,15,13,5,4,0,0,0,0.25806451612903225,0.25806451612903225
44,62,18,2025,11,15,14,5,4,0,0,0,0.2903225806451613,0.2903225806451613
43,62,19,2025,11,15,14,5,4,0,0,0,0.3064516129032258,0.3064516129032258
41,62,21,2025,11,15,15,5,4,0,0,0,0.3387096774193548,0.3387096774193548
41,62,21,2025,11,15,15,5,4,0,0,0,0.3387096774193548,0.3387096774193548
41,62,21,2025,11,15,16,5,4,0,0,0,0.3387096774193548,0.3387096774193548
41,62,21,2025,11,15,16,5,4,0,0,0,0.3387096774193548,0.3387096774193548
41,62,21,2025,11,15,17,5,4,0,0,0,0.3387096774193548,0.3387096774193548
41,62,21,2025,11,15,17,5,4,0,0,0,0.3387096774193548,0.3387096774193548
43,62,19,2025,11,15,18,5,4,0,0,0,0.3064516129032258,0.3064516129032258
42,62,20,2025,11,15,18,5,4,0,0,0,0.3225806451612903,0.3225806451612903
45,62,17,2025,11,15,19,5,4,0,0,0,0.27419354838709675,0.27419354838709675
45,62,17,2025,11,15,19,5,4,0,0,0,0.27419354838709675,0.27419354838709675
49,62,13,2025,11,15,20,5,4,0,0,0,0.20967741935483872,0.20967741935483872
49,62,13,2025,11,15,20,5,4,0,0,0,0.20967741935483872,0.20967741935483872
50,62,12,2025,11,15,21,5,4,0,0,0,0.1935483870967742,0.1935483870967742
52,62,10,2025,11,15,22,5,4,0,0,0,0.16129032258064516,0.16129032258064516
52,62,10,2025,11,15,22,5,4,0,0,0,0.16129032258064516,0.16129032258064516
53,62,9,2025,11,15,23,5,4,0,0,0,0.14516129032258066,0.14516129032258066
55,62,7,2025,11,15,23,5,4,0,0,0,0.11290322580645161,0.11290322580645161
56,62,6,2025,11,16,0,6,4,0,0,0,0.0967741935483871,0.0967741935483871
56,62,6,2025,11,16,0,6,4,0,0,0,0.0967741935483871,0.0967741935483871
62,62,0,2025,11,16,6,6,4,0,0,0,0.0,0.0
62,62,0,2025,11,16,6,6,4,0,0,0,0.0,0.0
62,62,0,2025,11,16,7,6,4,0,0,0,0.0,0.0
62,62,0,2025,11,16,7,6,4,0,0,0,0.0,0.0
61,62,1,2025,11,16,8,6,4,0,0,0,0.016129032258064516,0.016129032258064516
60,62,2,2025,11,16,8,6,4,0,0,0,0.03225806451612903,0.03225806451612903
55,62,7,2025,11,16,10,6,4,0,0,0,0.11290322580645161,0.11290322580645161
53,62,9,2025,11,16,12,6,4,0,0,0,0.14516129032258066,0.14516129032258066
49,62,13,2025,11,16,12,6,4,0,0,0,0.20967741935483872,0.20967741935483872
47,62,15,2025,11,16,13,6,4,0,0,0,0.24193548387096775,0.24193548387096775
47,62,15,2025,11,16,14,6,4,0,0,0,0.24193548387096775,0.24193548387096775
46,62,16,2025,11,16,14,6,4,0,0,0,0.25806451612903225,0.25806451612903225
46,62,16,2025,11,16,15,6,4,0,0,0,0.25806451612903225,0.25806451612903225
45,62,17,2025,11,16,15,6,4,0,0,0,0.27419354838709675,0.27419354838709675
45,62,17,2025,11,16,16,6,4,0,0,0,0.27419354838709675,0.27419354838709675
45,62,17,2025,11,16,16,6,4,0,0,0,0.27419354838709675,0.27419354838709675
45,62,17,2025,11,16,17,6,4,0,0,0,0.27419354838709675,0.27419354838709675
44,62,18,2025,11,16,17,6,4,0,0,0,0.2903225806451613,0.2903225806451613
43,62,19,2025,11,16,18,6,4,0,0,0,0.3064516129032258,0.3064516129032258
43,62,19,2025,11,16,18,6,4,0,0,0,0.3064516129032258,0.3064516129032258
44,62,18,2025,11,16,19,6,4,0,0,0,0.2903225806451613,0.2903225806451613
45,62,17,2025,11,16,19,6,4,0,0,0,0.27419354838709675,0.27419354838709675
46,62,16,2025,11,16,20,6,4,0,0,0,0.25806451612903225,0.25806451612903225
48,62,14,2025,11,16,20,6,4,0,0,0,0.22580645161290322,0.22580645161290322
52,62,10,2025,11,16,21,6,4,0,0,0,0.16129032258064516,0.16129032258064516
55,62,7,2025,11,16,22,6,4,0,0,0,0.11290322580645161,0.11290322580645161
55,62,7,2025,11,16,22,6,4,0,0,0,0.11290322580645161,0.11290322580645161
56,62,6,2025,11,16,23,6,4,0,0,0,0.0967741935483871,0.0967741935483871
57,62,5,2025,11,16,23,6,4,0,0,0,0.08064516129032258,0.08064516129032258
57,62,5,2025,11,17,0,0,4,0,0,0,0.08064516129032258,0.08064516129032258
58,62,4,2025,11,17,0,0,4,0,0,0,0.06451612903225806,0.06451612903225806
60,62,2,2025,11,17,6,0,4,1,0,0,0.03225806451612903,0.03225806451612903
60,62,2,2025,11,17,6,0,4,1,0,0,0.03225806451612903,0.03225806451612903
60,62,2,2025,11,17,7,0,4,1,0,0,0.03225806451612903,0.03225806451612903
58,62,4,2025,11,17,7,0,4,1,0,0,0.06451612903225806,0.06451612903225806
57,62,5,2025,11,17,8,0,4,1,0,0,0.08064516129032258,0.08064516129032258
56,62,6,2025,11,17,8,0,4,1,0,0,0.0967741935483871,0.0967741935483871
47,62,15,2025,11,17,10,0,4,1,0,0,0.24193548387096775,0.24193548387096775
45,62,17,2025,11,17,11,0,4,1,0,0,0.27419354838709675,0.27419354838709675
41,62,21,2025,11,17,12,0,4,1,0,0,0.3387096774193548,0.3387096774193548
40,62,22,2025,11,17,13,0,4,1,0,0,0.3548387096774194,0.3548387096774194
38,62,24,2025,11,17,13,0,4,1,0,0,0.3870967741935484,0.3870967741935484
37,62,25,2025,11,17,14,0,4,1,0,0,0.4032258064516129,0.4032258064516129
37,62,25,2025,11,17,14,0,4,1,0,0,0.4032258064516129,0.4032258064516129
34,62,28,2025,11,17,15,0,4,1,0,0,0.45161290322580644,0.45161290322580644
33,62,29,2025,11,17,15,0,4,1,0,0,0.46774193548387094,0.46774193548387094
35,62,27,2025,11,17,16,0,4,1,0,0,0.43548387096774194,0.43548387096774194
34,62,28,2025,11,17,16,0,4,1,0,0,0.45161290322580644,0.45161290322580644
35,62,27,2025,11,17,17,0,4,1,0,0,0.43548387096774194,0.43548387096774194
33,62,29,2025,11,17,17,0,4,1,0,0,0.46774193548387094,0.46774193548387094
34,62,28,2025,11,17,18,0,4,1,0,0,0.45161290322580644,0.45161290322580644
34,62,28,2025,11,17,18,0,4,1,0,0,0.45161290322580644,0.45161290322580644
33,62,29,2025,11,17,19,0,4,1,0,0,0.46774193548387094,0.46774193548387094
34,62,28,2025,11,17,19,0,4,1,0,0,0.45161290322580644,0.45161290322580644
34,62,28,2025,11,17,20,0,4,1,0,0,0.45161290322580644,0.45161290322580644
34,62,28,2025,11,17,20,0,4,1,0,0,0.45161290322580644,0.45161290322580644
40,62,22,2025,11,17,21,0,4,1,0,0,0.3548387096774194,0.3548387096774194
46,62,16,2025,11,17,22,0,4,1,0,0,0.25806451612903225,0.25806451612903225
48,62,14,2025,11,17,23,0,4,1,0,0,0.22580645161290322,0.22580645161290322
48,62,14,2025,11,17,23,0,4,1,0,0,0.22580645161290322,0.22580645161290322
46,62,16,2025,11,18,0,1,4,1,0,0,0.25806451612903225,0.25806451612903225
49,62,13,2025,11,18,0,1,4,1,0,0,0.20967741935483872,0.20967741935483872
60,62,2,2025,11,18,6,1,4,1,0,0,0.03225806451612903,0.03225806451612903
60,62,2,2025,11,18,6,1,4,1,0,0,0.03225806451612903,0.03225806451612903
59,62,3,2025,11,18,7,1,4,1,0,0,0.04838709677419355,0.04838709677419355
57,62,5,2025,11,18,7,1,4,1,0,0,0.08064516129032258,0.08064516129032258
54,62,8,2025,11,18,8,1,4,1,0,0,0.12903225806451613,0.12903225806451613
52,62,10,2025,11,18,8,1,4,1,0,0,0.16129032258064516,0.16129032258064516
48,62,14,2025,11,18,10,1,4,1,0,0,0.22580645161290322,0.22580645161290322
42,62,20,2025,11,18,11,1,4,1,0,0,0.3225806451612903,0.3225806451612903
42,62,20,2025,11,18,12,1,4,1,0,0,0.3225806451612903,0.3225806451612903
43,62,19,2025,11,18,13,1,4,1,0,0,0.3064516129032258,0.3064516129032258
42,62,20,2025,11,18,13,1,4,1,0,0,0.3225806451612903,0.3225806451612903
42,62,20,2025,11,18,14,1,4,1,0,0,0.3225806451612903,0.3225806451612903
41,62,21,2025,11,18,14,1,4,1,0,0,0.3387096774193548,0.3387096774193548
39,62,23,2025,11,18,15,1,4,1,0,0,0.3709677419354839,0.3709677419354839
38,62,24,2025,11,18,15,1,4,1,0,0,0.3870967741935484,0.3870967741935484
42,62,20,2025,11,18,16,1,4,1,0,0,0.3225806451612903,0.3225806451612903
45,62,17,2025,11,18,16,1,4,1,0,0,0.27419354838709675,0.27419354838709675
42,62,20,2025,11,18,17,1,4,1,0,0,0.3225806451612903,0.3225806451612903
41,62,21,2025,11,18,17,1,4,1,0,0,0.3387096774193548,0.3387096774193548
42,62,20,2025,11,18,18,1,4,1,0,0,0.3225806451612903,0.3225806451612903
42,62,20,2025,11,18,18,1,4,1,0,0,0.3225806451612903,0.3225806451612903
41,62,21,2025,11,18,19,1,4,1,0,0,0.3387096774193548,0.3387096774193548
42,62,20,2025,11,18,19,1,4,1,0,0,0.3225806451612903,0.3225806451612903
42,62,20,2025,11,18,20,1,4,1,0,0,0.3225806451612903,0.3225806451612903
43,62,19,2025,11,18,20,1,4,1,0,0,0.3064516129032258,0.3064516129032258
41,62,21,2025,11,18,21,1,4,1,0,0,0.3387096774193548,0.3387096774193548
41,62,21,2025,11,18,22,1,4,1,0,0,0.3387096774193548,0.3387096774193548
43,62,19,2025,11,18,23,1,4,1,0,0,0.3064516129032258,0.3064516129032258
44,62,18,2025,11,18,23,1,4,1,0,0,0.2903225806451613,0.2903225806451613
47,62,15,2025,11,19,0,2,4,1,0,0,0.24193548387096775,0.24193548387096775
52,62,10,2025,11,19,0,2,4,1,0,0,0.16129032258064516,0.16129032258064516
60,62,2,2025,11,19,7,2,4,1,0,0,0.03225806451612903,0.03225806451612903
57,62,5,2025,11,19,7,2,4,1,0,0,0.08064516129032258,0.08064516129032258
56,62,6,2025,11,19,8,2,4,1,0,0,0.0967741935483871,0.0967741935483871
55,62,7,2025,11,19,8,2,4,1,0,0,0.11290322580645161,0.11290322580645161
51,62,11,2025,11,19,10,2,4,1,0,0,0.1774193548387097,0.1774193548387097
50,62,12,2025,11,19,11,2,4,1,0,0,0.1935483870967742,0.1935483870967742
50,62,12,2025,11,19,12,2,4,1,0,0,0.1935483870967742,0.1935483870967742
48,62,14,2025,11,19,13,2,4,1,0,0,0.22580645161290322,0.22580645161290322
46,62,16,2025,11,19,13,2,4,1,0,0,0.25806451612903225,0.25806451612903225
44,62,18,2025,11,19,14,2,4,1,0,0,0.2903225806451613,0.2903225806451613
44,62,18,2025,11,19,14,2,4,1,0,0,0.2903225806451613,0.2903225806451613
41,62,21,2025,11,19,15,2,4,1,0,0,0.3387096774193548,0.3387096774193548
39,62,23,2025,11,19,15,2,4,1,0,0,0.3709677419354839,0.3709677419354839
38,62,24,2025,11,19,16,2,4,1,0,0,0.3870967741935484,0.3870967741935484
38,62,24,2025,11,19,16,2,4,1,0,0,0.3870967741935484,0.3870967741935484
37,62,25,2025,11,19,17,2,4,1,0,0,0.4032258064516129,0.4032258064516129
36,62,26,2025,11,19,17,2,4,1,0,0,0.41935483870967744,0.41935483870967744
37,62,25,2025,11,19,18,2,4,1,0,0,0.4032258064516129,0.4032258064516129
37,62,25,2025,11,19,18,2,4,1,0,0,0.4032258064516129,0.4032258064516129
37,62,25,2025,11,19,19,2,4,1,0,0,0.4032258064516129,0.4032258064516129
38,62,24,2025,11,19,19,2,4,1,0,0,0.3870967741935484,0.3870967741935484
40,62,22,2025,11,19,20,2,4,1,0,0,0.3548387096774194,0.3548387096774194
42,62,20,2025,11,19,20,2,4,1,0,0,0.3225806451612903,0.3225806451612903
46,62,16,2025,11,19,21,2,4,1,0,0,0.25806451612903225,0.25806451612903225
47,62,15,2025,11,19,22,2,4,1,0,0,0.24193548387096775,0.24193548387096775
48,62,14,2025,11,19,23,2,4,1,0,0,0.22580645161290322,0.22580645161290322
52,62,10,2025,11,19,23,2,4,1,0,0,0.16129032258064516,0.16129032258064516
54,62,8,2025,11,20,0,3,4,1,0,0,0.12903225806451613,0.12903225806451613
54,62,8,2025,11,20,0,3,4,1,0,0,0.12903225806451613,0.12903225806451613
61,62,1,2025,11,20,6,3,4,1,0,0,0.016129032258064516,0.016129032258064516
61,62,1,2025,11,20,6,3,4,1,0,0,0.016129032258064516,0.016129032258064516
59,62,3,2025,11,20,7,3,4,1,0,0,0.04838709677419355,0.04838709677419355
58,62,4,2025,11,20,7,3,4,1,0,0,0.06451612903225806,0.06451612903225806
56,62,6,2025,11,20,8,3,4,1,0,0,0.0967741935483871,0.0967741935483871
55,62,7,2025,11,20,8,3,4,1,0,0,0.11290322580645161,0.11290322580645161
49,62,13,2025,11,20,10,3,4,1,0,0,0.20967741935483872,0.20967741935483872
44,62,18,2025,11,20,11,3,4,1,0,0,0.2903225806451613,0.2903225806451613
45,62,17,2025,11,20,12,3,4,1,0,0,0.27419354838709675,0.27419354838709675
44,62,18,2025,11,20,13,3,4,1,0,0,0.2903225806451613,0.2903225806451613
44,62,18,2025,11,20,13,3,4,1,0,0,0.2903225806451613,0.2903225806451613
42,62,20,2025,11,20,14,3,4,1,0,0,0.3225806451612903,0.3225806451612903
41,62,21,2025,11,20,14,3,4,1,0,0,0.3387096774193548,0.3387096774193548
40,62,22,2025,11,20,15,3,4,1,0,0,0.3548387096774194,0.3548387096774194
41,62,21,2025,11,20,15,3,4,1,0,0,0.3387096774193548,0.3387096774193548
38,62,24,2025,11,20,16,3,4,1,0,0,0.3870967741935484,0.3870967741935484
36,62,26,2025,11,20,16,3,4,1,0,0,0.41935483870967744,0.41935483870967744
36,62,26,2025,11,20,17,3,4,1,0,0,0.41935483870967744,0.41935483870967744
37,62,25,2025,11,20,17,3,4,1,0,0,0.4032258064516129,0.4032258064516129
37,62,25,2025,11,20,18,3,4,1,0,0,0.4032258064516129,0.4032258064516129
36,62,26,2025,11,20,18,3,4,1,0,0,0.41935483870967744,0.41935483870967744
37,62,25,2025,11,20,19,3,4,1,0,0,0.4032258064516129,0.4032258064516129
38,62,24,2025,11,20,19,3,4,1,0,0,0.3870967741935484,0.3870967741935484
37,62,25,2025,11,20,20,3,4,1,0,0,0.4032258064516129,0.4032258064516129
43,62,19,2025,11,20,21,3,4,1,0,0,0.3064516129032258,0.3064516129032258
51,62,11,2025,11,20,22,3,4,1,0,0,0.1774193548387097,0.1774193548387097
51,62,11,2025,11,20,22,3,4,1,0,0,0.1774193548387097,0.1774193548387097
51,62,11,2025,11,20,23,3,4,1,0,0,0.1774193548387097,0.1774193548387097
52,62,10,2025,11,20,23,3,4,1,0,0,0.16129032258064516,0.16129032258064516
54,62,8,2025,11,21,0,4,4,1,0,0,0.12903225806451613,0.12903225806451613
55,62,7,2025,11,21,0,4,4,1,0,0,0.11290322580645161,0.11290322580645161
61,62,1,2025,11,21,6,4,4,1,0,0,0.016129032258064516,0.016129032258064516
61,62,1,2025,11,21,6,4,4,1,0,0,0.016129032258064516,0.016129032258064516
59,62,3,2025,11,21,7,4,4,1,0,0,0.04838709677419355,0.04838709677419355
59,62,3,2025,11,21,7,4,4,1,0,0,0.04838709677419355,0.04838709677419355
56,62,6,2025,11,21,8,4,4,1,0,0,0.0967741935483871,0.0967741935483871
53,62,9,2025,11,21,8,4,4,1,0,0,0.14516129032258066,0.14516129032258066
49,62,13,2025,11,21,10,4,4,1,0,0,0.20967741935483872,0.20967741935483872
47,62,15,2025,11,21,11,4,4,1,0,0,0.24193548387096775,0.24193548387096775
48,62,14,2025,11,21,12,4,4,1,0,0,0.22580645161290322,0.22580645161290322
49,62,13,2025,11,21,13,4,4,1,0,0,0.20967741935483872,0.20967741935483872
48,62,14,2025,11,21,13,4,4,1,0,0,0.22580645161290322,0.22580645161290322
46,62,16,2025,11,21,14,4,4,1,0,0,0.25806451612903225,0.25806451612903225
46,62,16,2025,11,21,14,4,4,1,0,0,0.25806451612903225,0.25806451612903225
46,62,16,2025,11,21,15,4,4,1,0,0,0.25806451612903225,0.25806451612903225
43,62,19,2025,11,21,15,4,4,1,0,0,0.3064516129032258,0.3064516129032258
42,62,20,2025,11,21,16,4,4,1,0,0,0.3225806451612903,0.3225806451612903
41,62,21,2025,11,21,16,4,4,1,0,0,0.3387096774193548,0.3387096774193548
43,62,19,2025,11,21,17,4,4,1,0,0,0.3064516129032258,0.3064516129032258
44,62,18,2025,11,21,17,4,4,1,0,0,0.2903225806451613,0.2903225806451613
44,62,18,2025,11,21,18,4,4,1,0,0,0.2903225806451613,0.2903225806451613
44,62,18,2025,11,21,18,4,4,1,0,0,0.2903225806451613,0.2903225806451613
43,62,19,2025,11,21,19,4,4,1,0,0,0.3064516129032258,0.3064516129032258
45,62,17,2025,11,21,19,4,4,1,0,0,0.27419354838709675,0.27419354838709675
48,62,14,2025,11,21,20,4,4,1,0,0,0.22580645161290322,0.22580645161290322
50,62,12,2025,11,21,20,4,4,1,0,0,0.1935483870967742,0.1935483870967742
48,62,14,2025,11,21,21,4,4,1,0,0,0.22580645161290322,0.22580645161290322
47,62,15,2025,11,21,22,4,4,1,0,0,0.24193548387096775,0.24193548387096775
48,62,14,2025,11,21,22,4,4,1,0,0,0.22580645161290322,0.22580645161290322
51,62,11,2025,11,21,23,4,4,1,0,0,0.1774193548387097,0.1774193548387097
53,62,9,2025,11,21,23,4,4,1,0,0,0.14516129032258066,0.14516129032258066
53,62,9,2025,11,22,0,5,4,1,0,0,0.14516129032258066,0.14516129032258066
53,62,9,2025,11,22,0,5,4,1,0,0,0.14516129032258066,0.14516129032258066
62,62,0,2025,11,22,6,5,4,1,0,0,0.0,0.0
62,62,0,2025,11,22,6,5,4,1,0,0,0.0,0.0
62,62,0,2025,11,22,7,5,4,1,0,0,0.0,0.0
61,62,1,2025,11,22,7,5,4,1,0,0,0.016129032258064516,0.016129032258064516
60,62,2,2025,11,22,8,5,4,1,0,0,0.03225806451612903,0.03225806451612903
60,62,2,2025,11,22,8,5,4,1,0,0,0.03225806451612903,0.03225806451612903
58,62,4,2025,11,22,10,5,4,1,0,0,0.06451612903225806,0.06451612903225806
53,62,9,2025,11,22,11,5,4,1,0,0,0.14516129032258066,0.14516129032258066
50,62,12,2025,11,22,12,5,4,1,0,0,0.1935483870967742,0.1935483870967742
49,62,13,2025,11,22,13,5,4,1,0,0,0.20967741935483872,0.20967741935483872
49,62,13,2025,11,22,13,5,4,1,0,0,0.20967741935483872,0.20967741935483872
45,62,17,2025,11,22,14,5,4,1,0,0,0.27419354838709675,0.27419354838709675
46,62,16,2025,11,22,14,5,4,1,0,0,0.25806451612903225,0.25806451612903225
46,62,16,2025,11,22,15,5,4,1,0,0,0.25806451612903225,0.25806451612903225
44,62,18,2025,11,22,15,5,4,1,0,0,0.2903225806451613,0.2903225806451613
44,62,18,2025,11,22,16,5,4,1,0,0,0.2903225806451613,0.2903225806451613
45,62,17,2025,11,22,16,5,4,1,0,0,0.27419354838709675,0.27419354838709675
46,62,16,2025,11,22,17,5,4,1,0,0,0.25806451612903225,0.25806451612903225
44,62,18,2025,11,22,17,5,4,1,0,0,0.2903225806451613,0.2903225806451613
44,62,18,2025,11,22,18,5,4,1,0,0,0.2903225806451613,0.2903225806451613
44,62,18,2025,11,22,18,5,4,1,0,0,0.2903225806451613,0.2903225806451613
44,62,18,2025,11,22,19,5,4,1,0,0,0.2903225806451613,0.2903225806451613
44,62,18,2025,11,22,19,5,4,1,0,0,0.2903225806451613,0.2903225806451613
46,62,16,2025,11,22,20,5,4,1,0,0,0.25806451612903225,0.25806451612903225
47,62,15,2025,11,22,20,5,4,1,0,0,0.24193548387096775,0.24193548387096775
48,62,14,2025,11,22,21,5,4,1,0,0,0.22580645161290322,0.22580645161290322
52,62,10,2025,11,22,22,5,4,1,0,0,0.16129032258064516,0.16129032258064516
52,62,10,2025,11,22,22,5,4,1,0,0,0.16129032258064516,0.16129032258064516
53,62,9,2025,11,22,23,5,4,1,0,0,0.14516129032258066,0.14516129032258066
55,62,7,2025,11,22,23,5,4,1,0,0,0.11290322580645161,0.11290322580645161
56,62,6,2025,11,23,0,6,4,1,0,0,0.0967741935483871,0.0967741935483871
58,62,4,2025,11,23,0,6,4,1,0,0,0.06451612903225806,0.06451612903225806
62,62,0,2025,11,23,6,6,4,1,0,0,0.0,0.0
62,62,0,2025,11,23,6,6,4,1,0,0,0.0,0.0
62,62,0,2025,11,23,7,6,4,1,0,0,0.0,0.0
60,62,2,2025,11,23,7,6,4,1,0,0,0.03225806451612903,0.03225806451612903
59,62,3,2025,11,23,8,6,4,1,0,0,0.04838709677419355,0.04838709677419355
59,62,3,2025,11,23,8,6,4,1,0,0,0.04838709677419355,0.04838709677419355
59,62,3,2025,11,23,10,6,4,1,0,0,0.04838709677419355,0.04838709677419355
55,62,7,2025,11,23,12,6,4,1,0,0,0.11290322580645161,0.11290322580645161
51,62,11,2025,11,23,13,6,4,1,0,0,0.1774193548387097,0.1774193548387097
49,62,13,2025,11,23,13,6,4,1,0,0,0.20967741935483872,0.20967741935483872
47,62,15,2025,11,23,14,6,4,1,0,0,0.24193548387096775,0.24193548387096775
47,62,15,2025,11,23,14,6,4,1,0,0,0.24193548387096775,0.24193548387096775
45,62,17,2025,11,23,15,6,4,1,0,0,0.27419354838709675,0.27419354838709675
44,62,18,2025,11,23,15,6,4,1,0,0,0.2903225806451613,0.2903225806451613
44,62,18,2025,11,23,16,6,4,1,0,0,0.2903225806451613,0.2903225806451613
44,62,18,2025,11,23,16,6,4,1,0,0,0.2903225806451613,0.2903225806451613
44,62,18,2025,11,23,17,6,4,1,0,0,0.2903225806451613,0.2903225806451613
44,62,18,2025,11,23,17,6,4,1,0,0,0.2903225806451613,0.2903225806451613
43,62,19,2025,11,23,18,6,4,1,0,0,0.3064516129032258,0.3064516129032258
45,62,17,2025,11,23,18,6,4,1,0,0,0.27419354838709675,0.27419354838709675
46,62,16,2025,11,23,19,6,4,1,0,0,0.25806451612903225,0.25806451612903225
46,62,16,2025,11,23,19,6,4,1,0,0,0.25806451612903225,0.25806451612903225
46,62,16,2025,11,23,20,6,4,1,0,0,0.25806451612903225,0.25806451612903225
46,62,16,2025,11,23,20,6,4,1,0,0,0.25806451612903225,0.25806451612903225
46,62,16,2025,11,23,21,6,4,1,0,0,0.25806451612903225,0.25806451612903225
47,62,15,2025,11,23,22,6,4,1,0,0,0.24193548387096775,0.24193548387096775
49,62,13,2025,11,23,22,6,4,1,0,0,0.20967741935483872,0.20967741935483872
50,62,12,2025,11,23,23,6,4,1,0,0,0.1935483870967742,0.1935483870967742
50,62,12,2025,11,23,23,6,4,1,0,0,0.1935483870967742,0.1935483870967742
52,62,10,2025,11,24,0,0,4,1,0,0,0.16129032258064516,0.16129032258064516
55,62,7,2025,11,24,0,0,4,1,0,0,0.11290322580645161,0.11290322580645161
62,62,0,2025,11,24,6,0,4,1,0,0,0.0,0.0
62,62,0,2025,11,24,6,0,4,1,0,0,0.0,0.0
62,62,0,2025,11,24,7,0,4,1,0,0,0.0,0.0
60,62,2,2025,11,24,7,0,4,1,0,0,0.03225806451612903,0.03225806451612903
55,62,7,2025,11,24,8,0,4,1,0,0,0.11290322580645161,0.11290322580645161
55,62,7,2025,11,24,8,0,4,1,0,0,0.11290322580645161,0.11290322580645161
51,62,11,2025,11,24,10,0,4,1,0,0,0.1774193548387097,0.1774193548387097
45,62,17,2025,11,24,12,0,4,1,0,0,0.27419354838709675,0.27419354838709675
42,62,20,2025,11,24,13,0,4,1,0,0,0.3225806451612903,0.3225806451612903
41,62,21,2025,11,24,13,0,4,1,0,0,0.3387096774193548,0.3387096774193548
39,62,23,2025,11,24,14,0,4,1,0,0,0.3709677419354839,0.3709677419354839
37,62,25,2025,11,24,14,0,4,1,0,0,0.4032258064516129,0.4032258064516129
37,62,25,2025,11,24,15,0,4,1,0,0,0.4032258064516129,0.4032258064516129
37,62,25,2025,11,24,15,0,4,1,0,0,0.4032258064516129,0.4032258064516129
37,62,25,2025,11,24,16,0,4,1,0,0,0.4032258064516129,0.4032258064516129
38,62,24,2025,11,24,16,0,4,1,0,0,0.3870967741935484,0.3870967741935484
37,62,25,2025,11,24,17,0,4,1,0,0,0.4032258064516129,0.4032258064516129
40,62,22,2025,11,24,17,0,4,1,0,0,0.3548387096774194,0.3548387096774194
43,62,19,2025,11,24,18,0,4,1,0,0,0.3064516129032258,0.3064516129032258
42,62,20,2025,11,24,18,0,4,1,0,0,0.3225806451612903,0.3225806451612903
42,62,20,2025,11,24,19,0,4,1,0,0,0.3225806451612903,0.3225806451612903
42,62,20,2025,11,24,19,0,4,1,0,0,0.3225806451612903,0.3225806451612903
44,62,18,2025,11,24,20,0,4,1,0,0,0.2903225806451613,0.2903225806451613
45,62,17,2025,11,24,20,0,4,1,0,0,0.27419354838709675,0.27419354838709675
46,62,16,2025,11,24,21,0,4,1,0,0,0.25806451612903225,0.25806451612903225
48,62,14,2025,11,24,22,0,4,1,0,0,0.22580645161290322,0.22580645161290322
52,62,10,2025,11,24,23,0,4,1,0,0,0.16129032258064516,0.16129032258064516
52,62,10,2025,11,24,23,0,4,1,0,0,0.16129032258064516,0.16129032258064516
53,62,9,2025,11,25,0,1,4,1,0,0,0.14516129032258066,0.14516129032258066
56,62,6,2025,11,25,0,1,4,1,0,0,0.0967741935483871,0.0967741935483871
61,62,1,2025,11,25,6,1,4,1,0,0,0.016129032258064516,0.016129032258064516
59,62,3,2025,11,25,6,1,4,1,0,0,0.04838709677419355,0.04838709677419355
59,62,3,2025,11,25,7,1,4,1,0,0,0.04838709677419355,0.04838709677419355
57,62,5,2025,11,25,7,1,4,1,0,0,0.08064516129032258,0.08064516129032258
53,62,9,2025,11,25,8,1,4,1,0,0,0.14516129032258066,0.14516129032258066
52,62,10,2025,11,25,8,1,4,1,0,0,0.16129032258064516,0.16129032258064516
47,62,15,2025,11,25,10,1,4,1,0,0,0.24193548387096775,0.24193548387096775
43,62,19,2025,11,25,11,1,4,1,0,0,0.3064516129032258,0.3064516129032258
42,62,20,2025,11,25,12,1,4,1,0,0,0.3225806451612903,0.3225806451612903
41,62,21,2025,11,25,13,1,4,1,0,0,0.3387096774193548,0.3387096774193548
41,62,21,2025,11,25,13,1,4,1,0,0,0.3387096774193548,0.3387096774193548
39,62,23,2025,11,25,14,1,4,1,0,0,0.3709677419354839,0.3709677419354839
38,62,24,2025,11,25,14,1,4,1,0,0,0.3870967741935484,0.3870967741935484
34,62,28,2025,11,25,15,1,4,1,0,0,0.45161290322580644,0.45161290322580644
35,62,27,2025,11,25,15,1,4,1,0,0,0.43548387096774194,0.43548387096774194
37,62,25,2025,11,25,16,1,4,1,0,0,0.4032258064516129,0.4032258064516129
35,62,27,2025,11,25,17,1,4,1,0,0,0.43548387096774194,0.43548387096774194
35,62,27,2025,11,25,17,1,4,1,0,0,0.43548387096774194,0.43548387096774194
36,62,26,2025,11,25,18,1,4,1,0,0,0.41935483870967744,0.41935483870967744
35,62,27,2025,11,25,18,1,4,1,0,0,0.43548387096774194,0.43548387096774194
34,62,28,2025,11,25,19,1,4,1,0,0,0.45161290322580644,0.45161290322580644
34,62,28,2025,11,25,19,1,4,1,0,0,0.45161290322580644,0.45161290322580644
33,62,29,2025,11,25,20,1,4,1,0,0,0.46774193548387094,0.46774193548387094
34,62,28,2025,11,25,20,1,4,1,0,0,0.45161290322580644,0.45161290322580644
35,62,27,2025,11,25,21,1,4,1,0,0,0.43548387096774194,0.43548387096774194
38,62,24,2025,11,25,22,1,4,1,0,0,0.3870967741935484,0.3870967741935484
41,62,21,2025,11,25,23,1,4,1,0,0,0.3387096774193548,0.3387096774193548
45,62,17,2025,11,25,23,1,4,1,0,0,0.27419354838709675,0.27419354838709675
47,62,15,2025,11,26,0,2,4,1,0,0,0.24193548387096775,0.24193548387096775
48,62,14,2025,11,26,0,2,4,1,0,0,0.22580645161290322,0.22580645161290322
60,62,2,2025,11,26,6,2,4,1,0,0,0.03225806451612903,0.03225806451612903
61,62,1,2025,11,26,6,2,4,1,0,0,0.016129032258064516,0.016129032258064516
61,62,1,2025,11,26,7,2,4,1,0,0,0.016129032258064516,0.016129032258064516
58,62,4,2025,11,26,7,2,4,1,0,0,0.06451612903225806,0.06451612903225806
58,62,4,2025,11,26,8,2,4,1,0,0,0.06451612903225806,0.06451612903225806
55,62,7,2025,11,26,8,2,4,1,0,0,0.11290322580645161,0.11290322580645161
51,62,11,2025,11,26,10,2,4,1,0,0,0.1774193548387097,0.1774193548387097
48,62,14,2025,11,26,11,2,4,1,0,0,0.22580645161290322,0.22580645161290322
42,62,20,2025,11,26,12,2,4,1,0,0,0.3225806451612903,0.3225806451612903
40,62,22,2025,11,26,13,2,4,1,0,0,0.3548387096774194,0.3548387096774194
40,62,22,2025,11,26,13,2,4,1,0,0,0.3548387096774194,0.3548387096774194
40,62,22,2025,11,26,14,2,4,1,0,0,0.3548387096774194,0.3548387096774194
37,62,25,2025,11,26,14,2,4,1,0,0,0.4032258064516129,0.4032258064516129
34,62,28,2025,11,26,15,2,4,1,0,0,0.45161290322580644,0.45161290322580644
34,62,28,2025,11,26,15,2,4,1,0,0,0.45161290322580644,0.45161290322580644
34,62,28,2025,11,26,16,2,4,1,0,0,0.45161290322580644,0.45161290322580644
35,62,27,2025,11,26,16,2,4,1,0,0,0.43548387096774194,0.43548387096774194
31,62,31,2025,11,26,17,2,4,1,0,0,0.5,0.5
31,62,31,2025,11,26,17,2,4,1,0,0,0.5,0.5
33,62,29,2025,11,26,18,2,4,1,0,0,0.46774193548387094,0.46774193548387094
33,62,29,2025,11,26,18,2,4,1,0,0,0.46774193548387094,0.46774193548387094
35,62,27,2025,11,26,19,2,4,1,0,0,0.43548387096774194,0.43548387096774194
35,62,27,2025,11,26,19,2,4,1,0,0,0.43548387096774194,0.43548387096774194
36,62,26,2025,11,26,20,2,4,1,0,0,0.41935483870967744,0.41935483870967744
35,62,27,2025,11,26,20,2,4,1,0,0,0.43548387096774194,0.43548387096774194
37,62,25,2025,11,26,21,2,4,1,0,0,0.4032258064516129,0.4032258064516129
39,62,23,2025,11,26,22,2,4,1,0,0,0.3709677419354839,0.3709677419354839
46,62,16,2025,11,26,23,2,4,1,0,0,0.25806451612903225,0.25806451612903225
48,62,14,2025,11,26,23,2,4,1,0,0,0.22580645161290322,0.22580645161290322
48,62,14,2025,11,27,0,3,4,1,0,0,0.22580645161290322,0.22580645161290322
50,62,12,2025,11,27,0,3,4,1,0,0,0.1935483870967742,0.1935483870967742
62,62,0,2025,11,27,6,3,4,1,0,0,0.0,0.0
60,62,2,2025,11,27,6,3,4,1,0,0,0.03225806451612903,0.03225806451612903
59,62,3,2025,11,27,7,3,4,1,0,0,0.04838709677419355,0.04838709677419355
54,62,8,2025,11,27,7,3,4,1,0,0,0.12903225806451613,0.12903225806451613
54,62,8,2025,11,27,8,3,4,1,0,0,0.12903225806451613,0.12903225806451613
54,62,8,2025,11,27,8,3,4,1,0,0,0.12903225806451613,0.12903225806451613
48,62,14,2025,11,27,10,3,4,1,0,0,0.22580645161290322,0.22580645161290322
42,62,20,2025,11,27,11,3,4,1,0,0,0.3225806451612903,0.3225806451612903
43,62,19,2025,11,27,12,3,4,1,0,0,0.3064516129032258,0.3064516129032258
42,62,20,2025,11,27,13,3,4,1,0,0,0.3225806451612903,0.3225806451612903
42,62,20,2025,11,27,13,3,4,1,0,0,0.3225806451612903,0.3225806451612903
39,62,23,2025,11,27,14,3,4,1,0,0,0.3709677419354839,0.3709677419354839
39,62,23,2025,11,27,14,3,4,1,0,0,0.3709677419354839,0.3709677419354839
38,62,24,2025,11,27,15,3,4,1,0,0,0.3870967741935484,0.3870967741935484
40,62,22,2025,11,27,15,3,4,1,0,0,0.3548387096774194,0.3548387096774194
38,62,24,2025,11,27,16,3,4,1,0,0,0.3870967741935484,0.3870967741935484
37,62,25,2025,11,27,16,3,4,1,0,0,0.4032258064516129,0.4032258064516129
33,62,29,2025,11,27,17,3,4,1,0,0,0.46774193548387094,0.46774193548387094
35,62,27,2025,11,27,17,3,4,1,0,0,0.43548387096774194,0.43548387096774194
35,62,27,2025,11,27,18,3,4,1,0,0,0.43548387096774194,0.43548387096774194
36,62,26,2025,11,27,18,3,4,1,0,0,0.41935483870967744,0.41935483870967744
36,62,26,2025,11,27,19,3,4,1,0,0,0.41935483870967744,0.41935483870967744
37,62,25,2025,11,27,19,3,4,1,0,0,0.4032258064516129,0.4032258064516129
38,62,24,2025,11,27,20,3,4,1,0,0,0.3870967741935484,0.3870967741935484
38,62,24,2025,11,27,20,3,4,1,0,0,0.3870967741935484,0.3870967741935484
40,62,22,2025,11,27,21,3,4,1,0,0,0.3548387096774194,0.3548387096774194
41,62,21,2025,11,27,22,3,4,1,0,0,0.3387096774193548,0.3387096774193548
44,62,18,2025,11,27,23,3,4,1,0,0,0.2903225806451613,0.2903225806451613
47,62,15,2025,11,27,23,3,4,1,0,0,0.24193548387096775,0.24193548387096775
48,62,14,2025,11,28,0,4,4,1,0,0,0.22580645161290322,0.22580645161290322
50,62,12,2025,11,28,0,4,4,1,0,0,0.1935483870967742,0.1935483870967742
60,62,2,2025,11,28,6,4,4,1,0,0,0.03225806451612903,0.03225806451612903
60,62,2,2025,11,28,6,4,4,1,0,0,0.03225806451612903,0.03225806451612903
60,62,2,2025,11,28,7,4,4,1,0,0,0.03225806451612903,0.03225806451612903
56,62,6,2025,11,28,7,4,4,1,0,0,0.0967741935483871,0.0967741935483871
55,62,7,2025,11,28,8,4,4,1,0,0,0.11290322580645161,0.11290322580645161
53,62,9,2025,11,28,8,4,4,1,0,0,0.14516129032258066,0.14516129032258066
49,62,13,2025,11,28,10,4,4,1,0,0,0.20967741935483872,0.20967741935483872
45,62,17,2025,11,28,11,4,4,1,0,0,0.27419354838709675,0.27419354838709675
41,62,21,2025,11,28,12,4,4,1,0,0,0.3387096774193548,0.3387096774193548
40,62,22,2025,11,28,13,4,4,1,0,0,0.3548387096774194,0.3548387096774194
40,62,22,2025,11,28,13,4,4,1,0,0,0.3548387096774194,0.3548387096774194
40,62,22,2025,11,28,14,4,4,1,0,0,0.3548387096774194,0.3548387096774194
39,62,23,2025,11,28,14,4,4,1,0,0,0.3709677419354839,0.3709677419354839
38,62,24,2025,11,28,15,4,4,1,0,0,0.3870967741935484,0.3870967741935484
34,62,28,2025,11,28,15,4,4,1,0,0,0.45161290322580644,0.45161290322580644
34,62,28,2025,11,28,16,4,4,1,0,0,0.45161290322580644,0.45161290322580644
36,62,26,2025,11,28,16,4,4,1,0,0,0.41935483870967744,0.41935483870967744
38,62,24,2025,11,28,17,4,4,1,0,0,0.3870967741935484,0.3870967741935484
35,62,27,2025,11,28,17,4,4,1,0,0,0.43548387096774194,0.43548387096774194
36,62,26,2025,11,28,18,4,4,1,0,0,0.41935483870967744,0.41935483870967744
37,62,25,2025,11,28,18,4,4,1,0,0,0.4032258064516129,0.4032258064516129
36,62,26,2025,11,28,19,4,4,1,0,0,0.41935483870967744,0.41935483870967744
38,62,24,2025,11,28,19,4,4,1,0,0,0.3870967741935484,0.3870967741935484
34,62,28,2025,11,28,20,4,4,1,0,0,0.45161290322580644,0.45161290322580644
37,62,25,2025,11,28,20,4,4,1,0,0,0.4032258064516129,0.4032258064516129
42,62,20,2025,11,28,21,4,4,1,0,0,0.3225806451612903,0.3225806451612903
44,62,18,2025,11,28,22,4,4,1,0,0,0.2903225806451613,0.2903225806451613
45,62,17,2025,11,28,22,4,4,1,0,0,0.27419354838709675,0.27419354838709675
45,62,17,2025,11,28,23,4,4,1,0,0,0.27419354838709675,0.27419354838709675
48,62,14,2025,11,28,23,4,4,1,0,0,0.22580645161290322,0.22580645161290322
53,62,9,2025,11,29,0,5,4,1,0,0,0.14516129032258066,0.14516129032258066
54,62,8,2025,11,29,0,5,4,1,0,0,0.12903225806451613,0.12903225806451613
60,62,2,2025,11,29,6,5,4,1,0,0,0.03225806451612903,0.03225806451612903
60,62,2,2025,11,29,6,5,4,1,0,0,0.03225806451612903,0.03225806451612903
60,62,2,2025,11,29,7,5,4,1,0,0,0.03225806451612903,0.03225806451612903
61,62,1,2025,11,29,7,5,4,1,0,0,0.016129032258064516,0.016129032258064516
59,62,3,2025,11,29,8,5,4,1,0,0,0.04838709677419355,0.04838709677419355
59,62,3,2025,11,29,8,5,4,1,0,0,0.04838709677419355,0.04838709677419355
53,62,9,2025,11,29,10,5,4,1,0,0,0.14516129032258066,0.14516129032258066
50,62,12,2025,11,29,11,5,4,1,0,0,0.1935483870967742,0.1935483870967742
49,62,13,2025,11,29,12,5,4,1,0,0,0.20967741935483872,0.20967741935483872
49,62,13,2025,11,29,13,5,4,1,0,0,0.20967741935483872,0.20967741935483872
46,62,16,2025,11,29,13,5,4,1,0,0,0.25806451612903225,0.25806451612903225
47,62,15,2025,11,29,14,5,4,1,0,0,0.24193548387096775,0.24193548387096775
48,62,14,2025,11,29,14,5,4,1,0,0,0.22580645161290322,0.22580645161290322
46,62,16,2025,11,29,15,5,4,1,0,0,0.25806451612903225,0.25806451612903225
46,62,16,2025,11,29,15,5,4,1,0,0,0.25806451612903225,0.25806451612903225
45,62,17,2025,11,29,16,5,4,1,0,0,0.27419354838709675,0.27419354838709675
46,62,16,2025,11,29,16,5,4,1,0,0,0.25806451612903225,0.25806451612903225
41,62,21,2025,11,29,17,5,4,1,0,0,0.3387096774193548,0.3387096774193548
41,62,21,2025,11,29,18,5,4,1,0,0,0.3387096774193548,0.3387096774193548
41,62,21,2025,11,29,18,5,4,1,0,0,0.3387096774193548,0.3387096774193548
42,62,20,2025,11,29,19,5,4,1,0,0,0.3225806451612903,0.3225806451612903
46,62,16,2025,11,29,19,5,4,1,0,0,0.25806451612903225,0.25806451612903225
47,62,15,2025,11,29,20,5,4,1,0,0,0.24193548387096775,0.24193548387096775
45,62,17,2025,11,29,20,5,4,1,0,0,0.27419354838709675,0.27419354838709675
47,62,15,2025,11,29,21,5,4,1,0,0,0.24193548387096775,0.24193548387096775
49,62,13,2025,11,29,22,5,4,1,0,0,0.20967741935483872,0.20967741935483872
50,62,12,2025,11,29,22,5,4,1,0,0,0.1935483870967742,0.1935483870967742
54,62,8,2025,11,29,23,5,4,1,0,0,0.12903225806451613,0.12903225806451613
55,62,7,2025,11,29,23,5,4,1,0,0,0.11290322580645161,0.11290322580645161
53,62,9,2025,11,30,0,6,4,1,0,0,0.14516129032258066,0.14516129032258066
53,62,9,2025,11,30,0,6,4,1,0,0,0.14516129032258066,0.14516129032258066
59,62,3,2025,11,30,6,6,4,1,0,0,0.04838709677419355,0.04838709677419355
60,62,2,2025,11,30,6,6,4,1,0,0,0.03225806451612903,0.03225806451612903
60,62,2,2025,11,30,7,6,4,1,0,0,0.03225806451612903,0.03225806451612903
61,62,1,2025,11,30,7,6,4,1,0,0,0.016129032258064516,0.016129032258064516
60,62,2,2025,11,30,8,6,4,1,0,0,0.03225806451612903,0.03225806451612903
60,62,2,2025,11,30,8,6,4,1,0,0,0.03225806451612903,0.03225806451612903
51,62,11,2025,11,30,12,6,4,1,0,0,0.1774193548387097,0.1774193548387097
49,62,13,2025,11,30,13,6,4,1,0,0,0.20967741935483872,0.20967741935483872
48,62,14,2025,11,30,13,6,4,1,0,0,0.22580645161290322,0.22580645161290322
45,62,17,2025,11,30,14,6,4,1,0,0,0.27419354838709675,0.27419354838709675
